mission_name,launch_date,time_from_launch_s,x_km,y_km,z_km,velocity_x_km_s,velocity_y_km_s,velocity_z_km_s,altitude_km,latitude_deg,longitude_deg,trajectory_source,rocket,launch_site,target_altitude_km,inclination_deg
Transporter-1,2021-01-24,0.0,917.8274928000302,-5530.367882522306,3041.9163973053483,0.4034227302845561,0.06606583535667508,0.00048449558125192684,0.0,28.484999999999996,,"modeled (gravity-turn analytic, Teofilatto et al. 2022)",Falcon 9,"Cape Canaveral SLC-40, USA",525.0,97.5
Transporter-1,2021-01-24,5.0,919.86567967498,-5530.184150064125,3042.0241247164404,0.41119773284231115,0.008888783177763017,0.044920596475604084,0.18569312404760435,28.485195869122293,,"modeled (gravity-turn analytic, Teofilatto et al. 2022)",Falcon 9,"Cape Canaveral SLC-40, USA",525.0,97.5
Transporter-1,2021-01-24,10.0,921.9342994350351,-5530.266695653664,3042.3826520692237,0.41580046625819245,-0.04078342025576666,0.09988038316026546,0.7269097524746552,28.48622192971077,,"modeled (gravity-turn analytic, Teofilatto et al. 2022)",Falcon 9,"Cape Canaveral SLC-40, USA",525.0,97.5
Transporter-1,2021-01-24,15.0,924.0195582459646,-5530.581307410923,3043.0350110847426,0.4179199724104856,-0.08403678320021706,0.1621279697053837,1.6125108030458082,28.48857181771733,,"modeled (gravity-turn analytic, Teofilatto et al. 2022)",Falcon 9,"Cape Canaveral SLC-40, USA",525.0,97.5
Transporter-1,2021-01-24,20.0,926.1098799640417,-5531.097150606058,3044.013489699859,0.41786765291683897,-0.12133787407545904,0.23012565200966006,2.829488290326414,28.49263796027356,,"modeled (gravity-turn analytic, Teofilatto et al. 2022)",Falcon 9,"Cape Canaveral SLC-40, USA",525.0,97.5
Transporter-1,2021-01-24,25.0,928.1949558492056,-5531.785319771848,3045.344109218128,0.41585467296746526,-0.15301547219310985,0.3028374802175914,4.363720223757929,28.49875356935864,,"modeled (gravity-turn analytic, Teofilatto et al. 2022)",Falcon 9,"Cape Canaveral SLC-40, USA",525.0,97.5
Transporter-1,2021-01-24,30.0,930.2654001332594,-5532.618398221827,3047.048407465987,0.4120450196340892,-0.17934303200911828,0.37948293615428896,6.200401208426676,28.50720873311484,,"modeled (gravity-turn analytic, Teofilatto et al. 2022)",Falcon 9,"Cape Canaveral SLC-40, USA",525.0,97.5
Transporter-1,2021-01-24,35.0,932.3125690508257,-5533.570260114031,3049.144442284981,0.40657507689321554,-0.2005657337387838,0.45943994875769567,8.324334725672175,28.518259249666176,,"modeled (gravity-turn analytic, Teofilatto et al. 2022)",Falcon 9,"Cape Canaveral SLC-40, USA",525.0,97.5
Transporter-1,2021-01-24,40.0,934.3284475202253,-5534.615960383362,3051.6474497859926,0.39956281215286793,-0.21691143459270926,0.5421961867568373,10.720146200809275,28.532132346341065,,"modeled (gravity-turn analytic, Teofilatto et al. 2022)",Falcon 9,"Cape Canaveral SLC-40, USA",525.0,97.5
Transporter-1,2021-01-24,45.0,936.3055698743203,-5535.73166215392,3054.570316580015,0.39111274976059307,-0.22859558019483112,0.6273207915027273,13.372444136245262,28.54903077187324,,"modeled (gravity-turn analytic, Teofilatto et al. 2022)",Falcon 9,"Cape Canaveral SLC-40, USA",525.0,97.5
Transporter-1,2021-01-24,50.0,938.2369599638741,-5536.894581428007,3057.9239387282573,0.38131895432130314,-0.23582354580354853,0.7144462637175655,16.2659442893586,28.569135926747492,,"modeled (gravity-turn analytic, Teofilatto et al. 2022)",Falcon 9,"Cape Canaveral SLC-40, USA",525.0,97.5
Transporter-1,2021-01-24,55.0,940.1160833546237,-5538.082940149083,3061.717505456454,0.37026696837799705,-0.23879180154072793,0.8032559937349226,19.38556622599522,28.592610370776896,,"modeled (gravity-turn analytic, Teofilatto et al. 2022)",Falcon 9,"Cape Canaveral SLC-40, USA",525.0,97.5
Transporter-1,2021-01-24,60.0,941.9368075992444,-5539.2759234489895,3065.958729919394,0.35803515282486553,-0.237688513736861,0.893475207877426,22.716508648737893,28.61959990100351,,"modeled (gravity-turn analytic, Teofilatto et al. 2022)",Falcon 9,"Cape Canaveral SLC-40, USA",525.0,97.5
Transporter-1,2021-01-24,65.0,943.6933683863601,-5540.453639303556,3070.6540401285133,0.3446956731636123,-0.23269390450499533,0.9848641086294454,26.244307898989632,28.650235309661365,,"modeled (gravity-turn analytic, Teofilatto et al. 2022)",Falcon 9,"Cape Canaveral SLC-40, USA",525.0,97.5
Transporter-1,2021-01-24,70.0,945.3803399928076,-5541.597079598029,3075.8087399120795,0.3303152496626505,-0.2239804763650768,1.0772125263405212,29.95488326555234,28.684633903021236,,"modeled (gravity-turn analytic, Teofilatto et al. 2022)",Falcon 9,"Cape Canaveral SLC-40, USA",525.0,97.5
Transporter-1,2021-01-24,75.0,946.9926090006713,-5542.688081940935,3081.427146412091,0.31495575332408016,-0.2117131917616884,1.1703356385916939,33.83457150882508,28.72290083394602,,"modeled (gravity-turn analytic, Teofilatto et al. 2022)",Falcon 9,"Cape Canaveral SLC-40, USA",525.0,97.5
Transporter-1,2021-01-24,80.0,948.5253509955453,-5543.709292709025,3087.5127071156885,0.29867470683960357,-0.19604968542493528,1.2640704616931613,37.87015243916122,28.76513026835963,,"modeled (gravity-turn analytic, Teofilatto et al. 2022)",Falcon 9,"Cape Canaveral SLC-40, USA",525.0,97.5
Transporter-1,2021-01-24,85.0,949.974009551098,-5544.644131217523,3094.0681013894155,0.2815256959251544,-0.17714044625250858,1.3582729598772558,42.0488677691733,28.811406424324602,,"modeled (gravity-turn analytic, Teofilatto et al. 2022)",Falcon 9,"Cape Canaveral SLC-40, USA",525.0,97.5
Transporter-1,2021-01-24,90.0,951.3342767075922,-5545.4767538583355,3101.0953302791054,0.2635587198144463,-0.15512900248068293,1.4528156202075557,46.35843396995615,28.861804517630468,,"modeled (gravity-turn analytic, Teofilatto et al. 2022)",Falcon 9,"Cape Canaveral SLC-40, USA",525.0,97.5
Transporter-1,2021-01-24,95.0,952.6020761411609,-5546.192021248389,3108.595791315171,0.24482052019206169,-0.13015220564070357,1.5475853786749494,50.787050399892436,28.916391573836165,,"modeled (gravity-turn analytic, Teofilatto et al. 2022)",Falcon 9,"Cape Canaveral SLC-40, USA",525.0,97.5
Transporter-1,2021-01-24,100.0,953.7735463769316,-5546.775463761109,3116.570349440581,0.22535483167016562,-0.10234037693284304,1.6424818851028062,55.32340371454228,28.97522721457458,,"modeled (gravity-turn analytic, Teofilatto et al. 2022)",Falcon 9,"Cape Canaveral SLC-40, USA",525.0,97.5
Transporter-1,2021-01-24,105.0,954.8450270994902,-5547.213251725527,3125.0193930367627,0.20520265667233356,-0.07181765622036217,1.7374159698951535,59.95666915019223,29.038364302602268,,"modeled (gravity-turn analytic, Teofilatto et al. 2022)",Falcon 9,"Cape Canaveral SLC-40, USA",525.0,97.5
Transporter-1,2021-01-24,110.0,955.8130445902005,-5547.492162660777,3133.942890410892,0.18440245479071563,-0.03870213718201279,1.8323083611571216,64.67650896861802,29.105849600411787,,"modeled (gravity-turn analytic, Teofilatto et al. 2022)",Falcon 9,"Cape Canaveral SLC-40, USA",525.0,97.5
Transporter-1,2021-01-24,115.0,956.6743006103014,-5547.599554849015,3143.340431948648,0.16299037626339913,-0.003106245412555747,1.9270885328227727,69.47306959418454,29.177724284098595,,"modeled (gravity-turn analytic, Teofilatto et al. 2022)",Falcon 9,"Cape Canaveral SLC-40, USA",525.0,97.5
Transporter-1,2021-01-24,120.0,957.4256594866565,-5547.523336105546,3153.21127620387,0.1410004083662344,0.03486314137408343,2.0216937316732837,74.3369759613368,29.25402450577165,,"modeled (gravity-turn analytic, Teofilatto et al. 2022)",Falcon 9,"Cape Canaveral SLC-40, USA",525.0,97.5
Transporter-1,2021-01-24,125.0,958.0641390804795,-5547.251940468439,3163.5543814156995,0.11846457365393875,0.07510431574804163,2.116068105531552,79.25932590391207,29.334781802119785,,"modeled (gravity-turn analytic, Teofilatto et al. 2022)",Falcon 9,"Cape Canaveral SLC-40, USA",525.0,97.5
Transporter-1,2021-01-24,130.0,958.5868997406437,-5546.774300068764,3174.3684425689694,0.09541305722749688,0.1175205905482316,2.2101619453687658,84.23168256798375,29.420023563941424,,"modeled (gravity-turn analytic, Teofilatto et al. 2022)",Falcon 9,"Cape Canaveral SLC-40, USA",525.0,97.5
Transporter-1,2021-01-24,135.0,958.9912358924769,-5546.079821830648,3185.6519174672676,0.0718743542698323,0.1620200200554669,2.303931024063482,89.24606580788102,29.509773393788702,,"modeled (gravity-turn analytic, Teofilatto et al. 2022)",Falcon 9,"Cape Canaveral SLC-40, USA",525.0,97.5
Transporter-1,2021-01-24,140.0,959.2745680961192,-5545.158366233473,3197.4030527547216,0.04787540944687069,0.2085151223216739,2.3973360028559774,94.29494520964333,29.60405144991232,,"modeled (gravity-turn analytic, Teofilatto et al. 2022)",Falcon 9,"Cape Canaveral SLC-40, USA",525.0,97.5
Transporter-1,2021-01-24,145.0,959.4344336974999,-5544.000220868341,3209.619910280652,0.023441703467824315,0.25692277790624024,2.490341907747416,99.37122847973178,29.70287481206664,,"modeled (gravity-turn analytic, Teofilatto et al. 2022)",Falcon 9,"Cape Canaveral SLC-40, USA",525.0,97.5
Transporter-1,2021-01-24,150.0,959.4684815322385,-5542.596084428887,3222.300382519149,-0.0014026046458253671,0.3071638707410918,2.582917681414206,104.46825385922763,29.806257711065555,,"modeled (gravity-turn analytic, Teofilatto et al. 2022)",Falcon 9,"Cape Canaveral SLC-40, USA",525.0,97.5
Transporter-1,2021-01-24,155.0,959.3744645377407,-5540.9370460883265,3235.4422145376775,-0.026634588011575477,0.3591631272486392,2.675035764272637,109.57978139032004,29.91421182617304,,"modeled (gravity-turn analytic, Teofilatto et al. 2022)",Falcon 9,"Cape Canaveral SLC-40, USA",525.0,97.5
Transporter-1,2021-01-24,160.0,959.1502322239962,-5539.014562234596,3249.0430217254943,-0.05223248249748913,0.41284901289857384,2.766671721936937,114.69997975279487,30.026746557554173,,"modeled (gravity-turn analytic, Teofilatto et al. 2022)",Falcon 9,"Cape Canaveral SLC-40, USA",525.0,97.5
Transporter-1,2021-01-24,165.0,958.7937270839061,-5536.8204448178385,3263.1002997590535,-0.07817556462192571,0.46815338454265587,2.8578039466151566,119.82341966522641,30.143869182335514,,"modeled (gravity-turn analytic, Teofilatto et al. 2022)",Falcon 9,"Cape Canaveral SLC-40, USA",525.0,97.5
Transporter-1,2021-01-24,170.0,958.3029785361854,-5534.346843866747,3277.6114416445057,-0.10444408200204136,0.5250113563814124,2.948413355034303,124.94506539700137,30.26558508824562,,"modeled (gravity-turn analytic, Teofilatto et al. 2022)",Falcon 9,"Cape Canaveral SLC-40, USA",525.0,97.5
Transporter-1,2021-01-24,175.0,957.6760960517447,-5531.586225033646,3292.573751170073,-0.13101920845495524,0.5833612545218205,3.038483105296614,130.06026013471796,30.391897998627556,,"modeled (gravity-turn analytic, Teofilatto et al. 2022)",Falcon 9,"Cape Canaveral SLC-40, USA",525.0,97.5
Transporter-1,2021-01-24,180.0,956.9112670521951,-5528.531361700852,3307.9844481052733,-0.15788293699320377,0.6431442784414092,3.1279984109104317,135.16472026658633,30.52281006420595,,"modeled (gravity-turn analytic, Teofilatto et al. 2022)",Falcon 9,"Cape Canaveral SLC-40, USA",525.0,97.5
Transporter-1,2021-01-24,185.0,956.0067520596571,-5525.175320697241,3323.8406815146855,-0.18501802170433979,0.7043043773208443,3.2169463197440447,140.25452786310615,30.658322043243505,,"modeled (gravity-turn analytic, Teofilatto et al. 2022)",Falcon 9,"Cape Canaveral SLC-40, USA",525.0,97.5
Transporter-1,2021-01-24,190.0,954.9608794627021,-5521.511444729463,3340.139539477796,-0.21240793472782693,0.7667881800176858,3.3053155060984376,145.32611852573882,30.798433465995405,,"modeled (gravity-turn analytic, Teofilatto et al. 2022)",Falcon 9,"Cape Canaveral SLC-40, USA",525.0,97.5
Transporter-1,2021-01-24,195.0,953.7720415806716,-5517.53333818582,3356.8780552916874,-0.2400368144005644,0.8305448713430023,3.3930961023563313,150.37627052276292,30.943142754021913,,"modeled (gravity-turn analytic, Teofilatto et al. 2022)",Falcon 9,"Cape Canaveral SLC-40, USA",525.0,97.5
Transporter-1,2021-01-24,200.0,952.4386933252785,-5513.234861936016,3374.0532112579917,-0.26788938062849504,0.895525905628793,3.4802796012637747,155.40210065671755,31.09244727673061,,"modeled (gravity-turn analytic, Teofilatto et al. 2022)",Falcon 9,"Cape Canaveral SLC-40, USA",525.0,97.5
Transporter-1,2021-01-24,205.0,950.9593478993456,-5508.610120675411,3391.66195012062,-0.2959508988834926,0.961684949182348,3.5668586912943985,160.40105730766766,31.246343497922656,,"modeled (gravity-turn analytic, Teofilatto et al. 2022)",Falcon 9,"Cape Canaveral SLC-40, USA",525.0,97.5
Transporter-1,2021-01-24,210.0,949.3325727848958,-5503.653447835964,3409.701179557824,-0.3242071472641554,1.0289778237227827,3.652827112953747,165.37090795771135,31.404827078179316,,"modeled (gravity-turn analytic, Teofilatto et al. 2022)",Falcon 9,"Cape Canaveral SLC-40, USA",525.0,97.5
Transporter-1,2021-01-24,215.0,947.5569864408493,-5498.359393097432,3428.1677761122082,-0.35264438145697974,1.0973624326863443,3.7381795355542833,170.30972875864146,31.567892958930667,,"modeled (gravity-turn analytic, Teofilatto et al. 2022)",Falcon 9,"Cape Canaveral SLC-40, USA",525.0,97.5
Transporter-1,2021-01-24,220.0,945.6312582660692,-5492.722721533941,3447.058586923652,-0.38124925678273675,1.1667984668451827,3.82291154096718,175.2159032052888,31.735535373018642,,"modeled (gravity-turn analytic, Teofilatto et al. 2022)",Falcon 9,"Cape Canaveral SLC-40, USA",525.0,97.5
Transporter-1,2021-01-24,225.0,943.5541044381034,-5486.738400171984,3466.370437907197,-0.41000881080977014,1.2372474162559515,3.9070194772563474,180.08811299518746,31.907747960740647,,"modeled (gravity-turn analytic, Teofilatto et al. 2022)",Falcon 9,"Cape Canaveral SLC-40, USA",525.0,97.5
Transporter-1,2021-01-24,230.0,941.3242865691599,-5480.401593743564,3486.100138442651,-0.4389104115862016,1.30867239623284,3.9905004153656525,184.92533525492442,32.084523813811536,,"modeled (gravity-turn analytic, Teofilatto et al. 2022)",Falcon 9,"Cape Canaveral SLC-40, USA",525.0,97.5
Transporter-1,2021-01-24,235.0,938.9406071388682,-5473.707645728958,3506.2444817138853,-0.4679417604242602,1.381038246525927,4.07335198692629,189.72682472985045,32.265855554667404,,"modeled (gravity-turn analytic, Teofilatto et al. 2022)",Falcon 9,"Cape Canaveral SLC-40, USA",525.0,97.5
Transporter-1,2021-01-24,240.0,936.4019089057304,-5466.652075891041,3526.800246879611,-0.4970908398248395,1.4543113433842558,4.1555723700284135,194.4921113401661,32.45173534987203,,"modeled (gravity-turn analytic, Teofilatto et al. 2022)",Falcon 9,"Cape Canaveral SLC-40, USA",525.0,97.5
Transporter-1,2021-01-24,245.0,933.7070747385592,-5459.230579515747,3547.7642013684094,-0.5263458565119132,1.5284593784403562,4.237160306942966,199.22099924619442,32.64215491390087,,"modeled (gravity-turn analytic, Teofilatto et al. 2022)",Falcon 9,"Cape Canaveral SLC-40, USA",525.0,97.5
Transporter-1,2021-01-24,250.0,930.8550238850556,-5451.439014399013,3569.1331059490362,-0.5556952385261955,1.603451432223268,4.318114959781875,203.91355671749963,32.83710559057624,,"modeled (gravity-turn analytic, Teofilatto et al. 2022)",Falcon 9,"Cape Canaveral SLC-40, USA",525.0,97.5
Transporter-1,2021-01-24,255.0,927.8447113027299,-5443.273399502487,3590.9037193836125,-0.5851275888067705,1.679257802270583,4.398435918870536,208.57011599558555,33.03657837331656,,"modeled (gravity-turn analytic, Teofilatto et al. 2022)",Falcon 9,"Cape Canaveral SLC-40, USA",525.0,97.5
Transporter-1,2021-01-24,260.0,924.6751247749631,-5434.729900505516,3613.072794237389,-0.6146316862345724,1.7558500830581525,4.478123075470154,213.19125720921488,33.24056392183672,,"modeled (gravity-turn analytic, Teofilatto et al. 2022)",Falcon 9,"Cape Canaveral SLC-40, USA",525.0,97.5
Transporter-1,2021-01-24,265.0,921.3452840465619,-5425.80482646167,3635.637078900973,-0.6441964515327976,1.833201053995436,4.55717660956382,217.77780514789504,33.44905257030678,,"modeled (gravity-turn analytic, Teofilatto et al. 2022)",Falcon 9,"Cape Canaveral SLC-40, USA",525.0,97.5
Transporter-1,2021-01-24,270.0,917.854240621307,-5416.49462956444,3658.5933206622017,-0.6738109024005443,1.9112845026532745,4.635597027292897,222.33082926187825,33.66203432606067,,"modeled (gravity-turn analytic, Teofilatto et al. 2022)",Falcon 9,"Cape Canaveral SLC-40, USA",525.0,97.5
Transporter-1,2021-01-24,275.0,914.2010761108876,-5406.795898458767,3681.9382670037617,-0.7034641365637999,1.9900752076970312,4.713385098227502,226.85163717262628,33.87949888516748,,"modeled (gravity-turn analytic, Teofilatto et al. 2022)",Falcon 9,"Cape Canaveral SLC-40, USA",525.0,97.5
Transporter-1,2021-01-24,280.0,910.3849002892931,-5396.705352626307,3705.6686710187287,-0.7331453142600907,2.0695489199084425,4.790541796317959,231.34177136388826,34.10143567158771,,"modeled (gravity-turn analytic, Teofilatto et al. 2022)",Falcon 9,"Cape Canaveral SLC-40, USA",525.0,97.5
Transporter-1,2021-01-24,285.0,906.40485053757,-5386.2198371800105,3729.7812873021767,-0.7628436364340863,2.1496823042767454,4.867068282317814,235.8030011354032,34.32783380337137,,"modeled (gravity-turn analytic, Teofilatto et al. 2022)",Falcon 9,"Cape Canaveral SLC-40, USA",525.0,97.5
Transporter-1,2021-01-24,290.0,902.2600905470082,-5375.336316136267,3754.27287026397,-0.7925483335656553,2.2304529476660213,4.942965840700829,240.23731451012645,34.558682083732535,,"modeled (gravity-turn analytic, Teofilatto et al. 2022)",Falcon 9,"Cape Canaveral SLC-40, USA",525.0,97.5
Transporter-1,2021-01-24,295.0,897.949809883384,-5364.051871781422,3779.1401777905157,-0.8222486313012711,2.3118392299352717,5.018235915881101,244.6469182342281,34.79396899939832,,"modeled (gravity-turn analytic, Teofilatto et al. 2022)",Falcon 9,"Cape Canaveral SLC-40, USA",525.0,97.5
Transporter-1,2021-01-24,300.0,893.4732233909717,-5352.3637028181765,3804.3799737081167,-0.8519337220625854,2.393820228687325,5.09288013011381,249.03423609414065,35.03368271454971,,"modeled (gravity-turn analytic, Teofilatto et al. 2022)",Falcon 9,"Cape Canaveral SLC-40, USA",525.0,97.5
Transporter-1,2021-01-24,305.0,888.8295696611173,-5340.269117512991,3829.989027388242,-0.8815927616761265,2.476375781534004,5.166900179580556,253.40190143768052,35.277811068339844,,"modeled (gravity-turn analytic, Teofilatto et al. 2022)",Falcon 9,"Cape Canaveral SLC-40, USA",525.0,97.5
Transporter-1,2021-01-24,310.0,884.0181105194515,-5327.76553301398,3855.9641177401395,-0.911214837356024,2.559486364688945,5.240297882487837,257.75275735715627,35.52634157153931,,"modeled (gravity-turn analytic, Teofilatto et al. 2022)",Falcon 9,"Cape Canaveral SLC-40, USA",525.0,97.5
Transporter-1,2021-01-24,315.0,879.0381306547587,-5314.8504687277,3882.302024595665,-0.9407889658011395,2.6431331510012974,5.3130750941404505,262.08984478924003,35.77926134241141,,"modeled (gravity-turn analytic, Teofilatto et al. 2022)",Falcon 9,"Cape Canaveral SLC-40, USA",525.0,97.5
Transporter-1,2021-01-24,320.0,873.8889369909199,-5301.52154477696,3908.999531767788,-0.970304068482877,2.727297933374824,5.385233725506399,266.41640134234996,36.036557099865966,,"modeled (gravity-turn analytic, Teofilatto et al. 2022)",Falcon 9,"Cape Canaveral SLC-40, USA",525.0,97.5
Transporter-1,2021-01-24,325.0,868.5698580213807,-5287.776480979672,3936.0534313728594,-0.9997489442648024,2.811963030711958,5.456775780759737,270.7358612966502,36.298215161268104,,"modeled (gravity-turn analytic, Teofilatto et al. 2022)",Falcon 9,"Cape Canaveral SLC-40, USA",525.0,97.5
Transporter-1,2021-01-24,330.0,863.0802434316139,-5273.613093766566,3963.46052199447,-1.0291122561418706,2.8971112842971243,5.5277033204542105,275.0518503751968,36.56422140603183,,"modeled (gravity-turn analytic, Teofilatto et al. 2022)",Falcon 9,"Cape Canaveral SLC-40, USA",525.0,97.5
Transporter-1,2021-01-24,335.0,857.4194630270131,-5259.029293616592,3991.21761290644,-1.0583825143230976,2.9827260371191957,5.598018437292214,279.36818439674624,36.83456127849972,,"modeled (gravity-turn analytic, Teofilatto et al. 2022)",Falcon 9,"Cape Canaveral SLC-40, USA",525.0,97.5
Transporter-1,2021-01-24,340.0,851.5869069155335,-5244.023082812756,4019.321519668831,-1.0875480597855727,3.06879110086614,5.6677232574560845,283.6888631981621,37.10921972751004,,"modeled (gravity-turn analytic, Teofilatto et al. 2022)",Falcon 9,"Cape Canaveral SLC-40, USA",525.0,97.5
Transporter-1,2021-01-24,345.0,845.5819855647255,-5228.592552476491,4047.7690591957544,-1.1165970544901305,3.1552907706049815,5.736819898532295,288.01806350600083,37.388181146208694,,"modeled (gravity-turn analytic, Teofilatto et al. 2022)",Falcon 9,"Cape Canaveral SLC-40, USA",525.0,97.5
Transporter-1,2021-01-24,350.0,839.4041290266277,-5212.735881461169,4076.557054532212,-1.1455174576615963,3.2422097548433975,5.80531050111116,292.3601389362023,37.67142936929758,,"modeled (gravity-turn analytic, Teofilatto et al. 2022)",Falcon 9,"Cape Canaveral SLC-40, USA",525.0,97.5
Transporter-1,2021-01-24,355.0,833.0527861603218,-5196.451335090326,4105.682339321643,-1.1742970026490553,3.3295331096805176,5.873197260531105,296.71961972668464,37.958947667356234,,"modeled (gravity-turn analytic, Teofilatto et al. 2022)",Falcon 9,"Cape Canaveral SLC-40, USA",525.0,97.5
Transporter-1,2021-01-24,360.0,826.5274251181248,-5179.737263215178,4135.141751639365,-1.2029231886150829,3.4172462719478274,5.940482366367109,301.1012055563295,38.250718670480325,,"modeled (gravity-turn analytic, Teofilatto et al. 2022)",Falcon 9,"Cape Canaveral SLC-40, USA",525.0,97.5
Transporter-1,2021-01-24,365.0,819.8275318578906,-5162.59209903008,4164.932143770482,-1.23138325568816,3.505334991904107,6.007168034427379,305.5097684320807,38.546724397079686,,"modeled (gravity-turn analytic, Teofilatto et al. 2022)",Falcon 9,"Cape Canaveral SLC-40, USA",525.0,97.5
Transporter-1,2021-01-24,370.0,812.9526114191617,-5145.014357341501,4195.050370611533,-1.2596641767957608,3.593785355491718,6.0732564715727735,309.9503422549874,38.84694613813023,,"modeled (gravity-turn analytic, Teofilatto et al. 2022)",Falcon 9,"Cape Canaveral SLC-40, USA",525.0,97.5
Transporter-1,2021-01-24,375.0,805.9021879362201,-5127.002633273287,4225.493288175831,-1.2877526424813583,3.6825837727563897,6.138749865731157,314.42811858723826,39.15136440900503,,"modeled (gravity-turn analytic, Teofilatto et al. 2022)",Falcon 9,"Cape Canaveral SLC-40, USA",525.0,97.5
Transporter-1,2021-01-24,380.0,798.675803769568,-5108.555601151306,4256.25775889793,-1.3156350387924118,3.771716926242782,6.203650413987172,318.9484466521618,39.4599589458497,,"modeled (gravity-turn analytic, Teofilatto et al. 2022)",Falcon 9,"Cape Canaveral SLC-40, USA",525.0,97.5
Transporter-1,2021-01-24,385.0,791.2730186394934,-5089.672013272924,4287.340656672875,-1.3432974252577652,3.861171721921021,6.267960350948056,323.5168331281132,39.77270869934592,,"modeled (gravity-turn analytic, Teofilatto et al. 2022)",Falcon 9,"Cape Canaveral SLC-40, USA",525.0,97.5
Transporter-1,2021-01-24,390.0,783.6934108502431,-5070.35069949524,4318.738858169223,-1.3707255251488863,3.9509353201260224,6.331681898553816,328.1389340145531,40.089591731134625,,"modeled (gravity-turn analytic, Teofilatto et al. 2022)",Falcon 9,"Cape Canaveral SLC-40, USA",525.0,97.5
Transporter-1,2021-01-24,395.0,775.9365755623513,-5050.590566391786,4350.449254923104,-1.3979046999226092,4.040995079248694,6.39481729597239,332.82055896892274,40.41058525151674,,"modeled (gravity-turn analytic, Teofilatto et al. 2022)",Falcon 9,"Cape Canaveral SLC-40, USA",525.0,97.5
Transporter-1,2021-01-24,400.0,768.0021263395548,-5030.390596335462,4382.468741260636,-1.4248199388032419,4.131338572223124,6.457368779616776,337.5676604127035,40.73566549565743,,"modeled (gravity-turn analytic, Teofilatto et al. 2022)",Falcon 9,"Cape Canaveral SLC-40, USA",525.0,97.5
Transporter-1,2021-01-24,405.0,759.889695664705,-5009.7498469689535,4414.794210541402,-1.451455843753817,4.221953587489005,6.519338569967515,342.3863278527307,41.06480765435974,,"modeled (gravity-turn analytic, Teofilatto et al. 2022)",Falcon 9,"Cape Canaveral SLC-40, USA",525.0,97.5
Transporter-1,2021-01-24,410.0,751.5989340681778,-4988.667450350311,4447.422560916246,-1.4777966068782267,4.3128280906174625,6.580728895359306,347.28278788119337,41.397985869267735,,"modeled (gravity-turn analytic, Teofilatto et al. 2022)",Falcon 9,"Cape Canaveral SLC-40, USA",525.0,97.5
Transporter-1,2021-01-24,415.0,743.1295092145563,-4967.142611985049,4480.350701146554,-1.5038259873188065,4.403950186540966,6.641542016986706,352.26340417563443,41.735173227803905,,"modeled (gravity-turn analytic, Teofilatto et al. 2022)",Falcon 9,"Cape Canaveral SLC-40, USA",525.0,97.5
Transporter-1,2021-01-24,420.0,734.481106369678,-4945.174610379774,4513.575547333037,-1.529527293902384,4.495308116938139,6.70178022163211,357.3346719945834,42.07634169529094,,"modeled (gravity-turn analytic, Teofilatto et al. 2022)",Falcon 9,"Cape Canaveral SLC-40, USA",525.0,97.5
Transporter-1,2021-01-24,425.0,725.6534291579028,-4922.762798235024,4547.0940207976155,-1.5548833678433112,4.586890271414349,6.761445790406619,362.5032144684124,42.421462045487694,,"modeled (gravity-turn analytic, Teofilatto et al. 2022)",Falcon 9,"Cape Canaveral SLC-40, USA",525.0,97.5
Transporter-1,2021-01-24,430.0,716.6461981599814,-4899.906600901364,4580.9030563163,-1.5798765563009356,4.678685137302163,6.82054104448175,367.77578347577986,42.77050387331965,,"modeled (gravity-turn analytic, Teofilatto et al. 2022)",Falcon 9,"Cape Canaveral SLC-40, USA",525.0,97.5
Transporter-1,2021-01-24,435.0,707.459153427076,-4876.605516181574,4614.999584338898,-1.6044887030510109,4.770681343282817,6.8790683049992385,373.15924425328444,43.12343543385585,,"modeled (gravity-turn analytic, Teofilatto et al. 2022)",Falcon 9,"Cape Canaveral SLC-40, USA",525.0,97.5
Transporter-1,2021-01-24,440.0,698.0920537944149,-4852.859114083866,4649.380536559117,-1.6287011235962985,4.86286763209453,6.937029910955837,378.6605750685691,43.480223632445124,,"modeled (gravity-turn analytic, Teofilatto et al. 2022)",Falcon 9,"Cape Canaveral SLC-40, USA",525.0,97.5
Transporter-1,2021-01-24,445.0,688.5446760897707,-4828.667036476165,4684.042852048639,-1.6524945790561503,4.955232831821979,6.99442823944725,384.28686722032046,43.8408340179448,,"modeled (gravity-turn analytic, Teofilatto et al. 2022)",Falcon 9,"Cape Canaveral SLC-40, USA",525.0,97.5
Transporter-1,2021-01-24,450.0,678.8168143358506,-4804.028996646673,4718.983483237816,-1.675849249221564,5.0477658280376385,7.051265726262614,390.0453249021899,44.20523077443654,,"modeled (gravity-turn analytic, Teofilatto et al. 2022)",Falcon 9,"Cape Canaveral SLC-40, USA",525.0,97.5
Transporter-1,2021-01-24,455.0,668.9082817088033,-4778.944779071446,4754.199382122591,-1.698744717204268,5.140455596110505,7.107544834622739,395.9432516450661,44.57337658923857,,"modeled (gravity-turn analytic, Teofilatto et al. 2022)",Falcon 9,"Cape Canaveral SLC-40, USA",525.0,97.5
Transporter-1,2021-01-24,460.0,658.8189093463601,-4753.414242379639,4789.687516009087,-1.7211599349261497,5.233291157279883,7.1632680742530415,401.9880590223793,44.94523268540987,,"modeled (gravity-turn analytic, Teofilatto et al. 2022)",Falcon 9,"Cape Canaveral SLC-40, USA",525.0,97.5
Transporter-1,2021-01-24,465.0,648.5485469782494,-4727.437316419581,4825.444858013498,-1.7430732030914249,5.326261588325076,7.218438007541035,408.18725368791706,45.32075873379439,,"modeled (gravity-turn analytic, Teofilatto et al. 2022)",Falcon 9,"Cape Canaveral SLC-40, USA",525.0,97.5
Transporter-1,2021-01-24,470.0,638.097064175154,-4701.0140015345405,4861.468377470695,-1.7644621504456373,5.41935604035013,7.273057236750955,414.54842559423156,45.69991275460161,,"modeled (gravity-turn analytic, Teofilatto et al. 2022)",Falcon 9,"Cape Canaveral SLC-40, USA",525.0,97.5
Transporter-1,2021-01-24,475.0,627.464349819305,-4674.144369226609,4897.755046171677,-1.785303701827912,5.512563715881595,7.327128419954239,421.07924799263947,46.08265110820489,,"modeled (gravity-turn analytic, Teofilatto et al. 2022)",Falcon 9,"Cape Canaveral SLC-40, USA",525.0,97.5
Transporter-1,2021-01-24,480.0,616.6503115624986,-4646.828562783349,4934.301844625578,-1.8055740447279145,5.605873845940933,7.380654287501629,427.7874774332223,46.46892848539313,,"modeled (gravity-turn analytic, Teofilatto et al. 2022)",Falcon 9,"Cape Canaveral SLC-40, USA",525.0,97.5
Transporter-1,2021-01-24,485.0,605.6548752784245,-4619.066797846947,4971.1057682539895,-1.8252485942889511,5.699275667274265,7.433637658887932,434.68095368764153,46.85869789665874,,"modeled (gravity-turn analytic, Teofilatto et al. 2022)",Falcon 9,"Cape Canaveral SLC-40, USA",525.0,97.5
Transporter-1,2021-01-24,490.0,594.4779864252994,-4590.859359554996,5008.1638126254675,-1.844301970173259,5.792758455688013,7.486081423128915,441.76758215136954,47.25191056051795,,"modeled (gravity-turn analytic, Teofilatto et al. 2022)",Falcon 9,"Cape Canaveral SLC-40, USA",525.0,97.5
Transporter-1,2021-01-24,495.0,583.1196102211054,-4562.20660968225,5045.472987750532,-1.8627079527687314,5.886311486745886,7.537988548712412,449.05534380965094,47.64851590153267,,"modeled (gravity-turn analytic, Teofilatto et al. 2022)",Falcon 9,"Cape Canaveral SLC-40, USA",525.0,97.5
Transporter-1,2021-01-24,500.0,571.5797311184224,-4533.108981744041,5083.030313012425,-1.880439450797722,5.9799240395605775,7.589362099582997,456.55228279823797,48.048461510416715,,"modeled (gravity-turn analytic, Teofilatto et al. 2022)",Falcon 9,"Cape Canaveral SLC-40, USA",525.0,97.5
Transporter-1,2021-01-24,505.0,559.8583536325094,-4503.566977513265,5120.832805011007,-1.8974684712415955,6.073585422498986,7.640205226800822,464.2664895610306,48.45169305865948,,"modeled (gravity-turn analytic, Teofilatto et al. 2022)",Falcon 9,"Cape Canaveral SLC-40, USA",525.0,97.5
Transporter-1,2021-01-24,510.0,547.9555022329642,-4473.581169086557,5158.877483574408,-1.913766075060352,6.167284952450666,7.690521181189431,472.2061008500768,48.85815428493067,,"modeled (gravity-turn analytic, Teofilatto et al. 2022)",Falcon 9,"Cape Canaveral SLC-40, USA",525.0,97.5
Transporter-1,2021-01-24,515.0,535.8712212456379,-4443.152200979602,5197.161377788088,-1.9293023304313144,6.261011933512737,7.740313326416946,480.3792997255722,49.26778698063715,,"modeled (gravity-turn analytic, Teofilatto et al. 2022)",Falcon 9,"Cape Canaveral SLC-40, USA",525.0,97.5
Transporter-1,2021-01-24,520.0,523.6055747660095,-4412.280792254606,5235.68153203924,-1.9440462633233238,6.354755635001376,7.7895851525019895,488.79431555586046,49.680530974570026,,"modeled (gravity-turn analytic, Teofilatto et al. 2022)",Falcon 9,"Cape Canaveral SLC-40, USA",525.0,97.5
Transporter-1,2021-01-24,525.0,511.1586467916718,-4380.967735838562,5274.435004713898,-1.9579658101782988,6.448505289550167,7.838340278741067,497.4594165735938,50.096324095135806,,"modeled (gravity-turn analytic, Teofilatto et al. 2022)",Falcon 9,"Cape Canaveral SLC-40, USA",525.0,97.5
Transporter-1,2021-01-24,530.0,498.53054193479943,-4349.213893496274,5313.418853693429,-1.9710277764194317,6.542250126769987,7.88658243879902,506.38288939008214,50.51510209211133,,"modeled (gravity-turn analytic, Teofilatto et al. 2022)",Falcon 9,"Cape Canaveral SLC-40, USA",525.0,97.5
Transporter-1,2021-01-24,535.0,485.7213849400987,-4317.020199305842,5352.630148041607,-1.9831977740675235,6.6359793321769445,7.934315510170077,515.5730437084454,50.936798649206075,,"modeled (gravity-turn analytic, Teofilatto et al. 2022)",Falcon 9,"Cape Canaveral SLC-40, USA",525.0,97.5
Transporter-1,2021-01-24,540.0,472.73132086363216,-4284.387658701272,5392.065965760277,-1.994440164986292,6.729682046061777,7.981543516675824,525.0382035471,51.361345349694744,,"modeled (gravity-turn analytic, Teofilatto et al. 2022)",Falcon 9,"Cape Canaveral SLC-40, USA",525.0,97.5
Transporter-1,2021-01-24,545.0,459.12878875757906,-4245.869781314034,5423.614705081855,-1.9698385904573912,6.7695536969938,7.782498632754696,525.0366117326375,51.78266470359747,,"modeled (gravity-turn analytic, Teofilatto et al. 2022)",Falcon 9,"Cape Canaveral SLC-40, USA",525.0,97.5
Transporter-1,2021-01-24,550.0,445.6374578946083,-4207.542542464665,5454.518947263121,-1.944260204828287,6.804425833666727,7.584828852212295,525.0350199181751,52.19922777269239,,"modeled (gravity-turn analytic, Teofilatto et al. 2022)",Falcon 9,"Cape Canaveral SLC-40, USA",525.0,97.5
Transporter-1,2021-01-24,555.0,432.26052040344473,-4169.41900828884,5484.784219571981,-1.9177473129003606,6.8343666978762885,7.388630727380156,525.0334281037125,52.610997827515625,,"modeled (gravity-turn analytic, Teofilatto et al. 2022)",Falcon 9,"Cape Canaveral SLC-40, USA",525.0,97.5
Transporter-1,2021-01-24,560.0,419.0011029683923,-4131.5120312644995,5514.4162332510805,-1.8903425892845678,6.859446190718923,7.193997693354687,525.03183628925,53.01793912552395,,"modeled (gravity-turn analytic, Teofilatto et al. 2022)",Falcon 9,"Cape Canaveral SLC-40, USA",525.0,97.5
Transporter-1,2021-01-24,565.0,405.8622665033163,-4093.8342461691686,5543.420874397951,-1.8620890374791075,6.879735770764039,7.001020055724302,525.0302444747875,53.42001691941053,,"modeled (gravity-turn analytic, Teofilatto et al. 2022)",Falcon 9,"Cape Canaveral SLC-40, USA",525.0,97.5
Transporter-1,2021-01-24,570.0,392.84700589150214,-4056.398066302056,5571.804194848583,-1.8330299482940382,6.895308353396285,6.809784982334867,525.028652660325,53.81719746540409,,"modeled (gravity-turn analytic, Teofilatto et al. 2022)",Falcon 9,"Cape Canaveral SLC-40, USA",525.0,97.5
Transporter-1,2021-01-24,575.0,379.9582497896366,-4019.215679967121,5599.572403074824,-1.8032088575969931,6.906238211445597,6.620376499001901,525.0270608458625,54.209448031537825,,"modeled (gravity-turn analytic, Teofilatto et al. 2022)",Falcon 9,"Cape Canaveral SLC-40, USA",525.0,97.5
Transporter-1,2021-01-24,580.0,367.19886049405153,-3982.299047213059,5626.731855105727,-1.7726695033535649,6.912600877215101,6.43287548907398,525.0254690314,54.59673690587189,,"modeled (gravity-turn analytic, Teofilatto et al. 2022)",Falcon 9,"Cape Canaveral SLC-40, USA",525.0,97.5
Transporter-1,2021-01-24,585.0,354.57163386737506,-3945.6598968258986,5653.289045482725,-1.7414557819359984,6.914473046008788,6.247359696748339,525.0238772169375,54.97903340465191,,"modeled (gravity-turn analytic, Teofilatto et al. 2022)",Falcon 9,"Cape Canaveral SLC-40, USA",525.0,97.5
Transporter-1,2021-01-24,590.0,342.07929932362083,-3909.3097235695727,5679.2505982582825,-1.7096117036742209,6.911932481252976,6.0639037340361535,525.0222854024751,55.35630788038481,,"modeled (gravity-turn analytic, Teofilatto et al. 2022)",Falcon 9,"Cape Canaveral SLC-40, USA",525.0,97.5
Transporter-1,2021-01-24,595.0,329.72451986973084,-3873.259785669646,5704.623258047315,-1.6771813476242619,6.905057921297085,5.882579091272015,525.0206935880125,55.7285317298109,,"modeled (gravity-turn analytic, Teofilatto et al. 2022)",Falcon 9,"Cape Canaveral SLC-40, USA",525.0,97.5
Transporter-1,2021-01-24,600.0,317.5098922015492,-3837.521102535097,5729.413881140493,-1.644208815530769,6.893928987971148,5.70345415105935,525.01910177355,56.09567740174969,,"modeled (gravity-turn analytic, Teofilatto et al. 2022)",Falcon 9,"Cape Canaveral SLC-40, USA",525.0,97.5
Transporter-1,2021-01-24,605.0,305.4379468521258,-3802.1044527128893,5753.629426688172,-1.6107381849624196,6.878626096968953,5.526594205540995,525.0175099590875,56.45771840479511,,"modeled (gravity-turn analytic, Teofilatto et al. 2022)",Falcon 9,"Cape Canaveral SLC-40, USA",525.0,97.5
Transporter-1,2021-01-24,610.0,293.511148390272,-3767.020372069822,5777.276947963479,-1.5768134616020715,6.859230370117424,5.352061476881895,525.015918144625,56.81462931483406,,"modeled (gravity-turn analytic, Teofilatto et al. 2022)",Falcon 9,"Cape Canaveral SLC-40, USA",525.0,97.5
Transporter-1,2021-01-24,615.0,281.73189566719844,-3732.279152196013,5800.3635837127185,-1.5424785306768998,6.835823549584426,5.1799151408489434,525.0143263301625,57.16638578236007,,"modeled (gravity-turn analytic, Teofilatto et al. 2022)",Falcon 9,"Cape Canaveral SLC-40, USA",525.0,97.5
Transporter-1,2021-01-24,620.0,270.1025221090955,-3697.8908390241445,5822.896549601048,-1.5077771075182533,6.8084879140689685,5.010211353371143,525.0127345157,57.51296453955262,,"modeled (gravity-turn analytic, Teofilatto et al. 2022)",Falcon 9,"Cape Canaveral SLC-40, USA",525.0,97.5
Transporter-1,2021-01-24,625.0,258.6252960534484,-3663.8652316585267,5844.8831297609895,-1.4727526872458814,6.7773061970094775,4.843003279961922,525.0111427012375,57.85434340709002,,"modeled (gravity-turn analytic, Teofilatto et al. 2022)",Falcon 9,"Cape Canaveral SLC-40, USA",525.0,97.5
Transporter-1,2021-01-24,630.0,247.3024211268975,-3630.2118814078294,5866.330668451122,-1.4374484935771719,6.742361506837932,4.678341127883969,525.0095508867751,58.19050130066289,,"modeled (gravity-turn analytic, Teofilatto et al. 2022)",Falcon 9,"Cape Canaveral SLC-40, USA",525.0,97.5
Transporter-1,2021-01-24,635.0,236.13603666242574,-3596.940091015266,5887.246561831934,-1.401907426768621,6.703737249299678,4.516272180936073,525.0079590723125,58.521418237152915,,"modeled (gravity-turn analytic, Teofilatto et al. 2022)",Falcon 9,"Cape Canaveral SLC-40, USA",525.0,97.5
Transporter-1,2021-01-24,640.0,225.1282181536422,-3564.0589140798816,5907.63824986557,-1.3661720107042632,6.6615170518512015,4.356840836740452,525.00636725785,58.84707534043997,,"modeled (gravity-turn analytic, Teofilatto et al. 2022)",Falcon 9,"Cape Canaveral SLC-40, USA",525.0,97.5
Transporter-1,2021-01-24,645.0,214.28097774393606,-3531.5771546625206,5927.513208345854,-1.33028433915409,6.615784690140929,4.200088646408532,525.0047754433875,59.16745484679962,,"modeled (gravity-turn analytic, Teofilatto et al. 2022)",Falcon 9,"Cape Canaveral SLC-40, USA",525.0,97.5
Transporter-1,2021-01-24,650.0,203.59626474827203,-3499.5033670699745,5946.878941064703,-1.2942860212345901,6.566624016570999,4.046054356462587,525.003183628925,59.48254010985101,,"modeled (gravity-turn analytic, Teofilatto et al. 2022)",Falcon 9,"Cape Canaveral SLC-40, USA",525.0,97.5
Transporter-1,2021-01-24,655.0,193.0759662054039,-3467.845855810766,5965.742972120748,-1.2582181261134626,6.514118890931556,3.894773952890475,525.0015918144625,59.79231560501407,,"modeled (gravity-turn analytic, Teofilatto et al. 2022)",Falcon 9,"Cape Canaveral SLC-40, USA",525.0,97.5
Transporter-1,2021-01-24,660.0,182.72190745828155,-3436.612675715972,5984.112838375636,-1.2221211270112216,6.458353113092926,3.7462807072105164,525.0,60.09676693343395,,"modeled (gravity-turn analytic, Teofilatto et al. 2022)",Falcon 9,"Cape Canaveral SLC-40, USA",525.0,97.5
PSLV-C37 / Cartosat-2D,2017-02-15,0.0,1050.8546423470111,6106.035619913904,1514.1549193425897,-0.4450935855199997,0.07758460982633197,0.0002457896488630952,0.0,13.733,,"modeled (gravity-turn analytic, Teofilatto et al. 2022)",PSLV-XL,"Satish Dhawan Space Centre, India",506.0,97.46
PSLV-C37 / Cartosat-2D,2017-02-15,5.0,1048.660770802454,6106.590131403269,1514.2201794300095,-0.43225118484448344,0.14325631855987447,0.02850751223129832,0.18528700971514375,13.733196720296885,,"modeled (gravity-turn analytic, Teofilatto et al. 2022)",PSLV-XL,"Satish Dhawan Space Centre, India",506.0,97.46
PSLV-C37 / Cartosat-2D,2017-02-15,10.0,1046.5334490575233,6107.459552271219,1514.4599350082851,-0.41858411232829623,0.20368742319142114,0.06905309601393297,0.7252290633065825,13.734228377232888,,"modeled (gravity-turn analytic, Teofilatto et al. 2022)",PSLV-XL,"Satish Dhawan Space Centre, India",506.0,97.46
PSLV-C37 / Cartosat-2D,2017-02-15,15.0,1044.475638442389,6108.618926182014,1514.92536711169,-0.4044872756442912,0.25926653902659524,0.11843332887048749,1.6085601714425979,13.736592514863329,,"modeled (gravity-turn analytic, Teofilatto et al. 2022)",PSLV-XL,"Satish Dhawan Space Centre, India",506.0,97.46
PSLV-C37 / Cartosat-2D,2017-02-15,20.0,1042.4889742511639,6110.044356611527,1515.6562486514154,-0.39015079400039454,0.31012850887492843,0.1750175882514312,2.8221101394553143,13.740684804361779,,"modeled (gravity-turn analytic, Teofilatto et al. 2022)",PSLV-XL,"Satish Dhawan Space Centre, India",506.0,97.46
PSLV-C37 / Cartosat-2D,2017-02-15,25.0,1040.5743257126044,6111.712524340883,1516.685694879972,-0.37569948709691614,0.35637885354180077,0.23770177589758212,4.351574574261581,13.746841171874895,,"modeled (gravity-turn analytic, Teofilatto et al. 2022)",PSLV-XL,"Satish Dhawan Space Centre, India",506.0,97.46
PSLV-C37 / Cartosat-2D,2017-02-15,30.0,1038.7320334454273,6113.600632774108,1518.0420232020335,-0.36122342633199567,0.3981231510279175,0.3056464063211974,6.181954952749784,13.755353969611285,,"modeled (gravity-turn analytic, Teofilatto et al. 2022)",PSLV-XL,"Satish Dhawan Space Centre, India",506.0,97.46
PSLV-C37 / Cartosat-2D,2017-02-15,35.0,1036.9620481638167,6115.686427522355,1519.7497886077467,-0.3467905652750592,0.43547310734807687,0.3781748382257665,8.297857499647808,13.766480870844909,,"modeled (gravity-turn analytic, Teofilatto et al. 2022)",PSLV-XL,"Satish Dhawan Space Centre, India",506.0,97.46
PSLV-C37 / Cartosat-2D,2017-02-15,40.0,1035.2640234743658,6117.948229046257,1521.8304588936426,-0.3324533756556312,0.46854692961470873,0.4547228092042078,10.683710992522522,13.780450640808908,,"modeled (gravity-turn analytic, Teofilatto et al. 2022)",PSLV-XL,"Satish Dhawan Space Centre, India",506.0,97.46
PSLV-C37 / Cartosat-2D,2017-02-15,45.0,1033.6373828367182,6120.364962313344,1524.3028981999662,-0.31825285751047194,0.49746807492299316,0.5348094935210874,13.323931318534441,13.797467274510563,,"modeled (gravity-turn analytic, Teofilatto et al. 2022)",PSLV-XL,"Satish Dhawan Space Centre, India",506.0,97.46
PSLV-C37 / Cartosat-2D,2017-02-15,50.0,1032.0813701746613,6122.916179015409,1527.183735102111,-0.304221195922991,0.5223636321925847,0.6180191402893415,16.20304809493275,13.817713167770144,,"modeled (gravity-turn analytic, Teofilatto et al. 2022)",PSLV-XL,"Satish Dhawan Space Centre, India",506.0,97.46
PSLV-C37 / Cartosat-2D,2017-02-15,55.0,1030.5950892919045,6125.5820717138095,1530.4876547224221,-0.2903836366059318,0.5433627577659332,0.7039885291257308,19.30580291992774,13.841351661267494,,"modeled (gravity-turn analytic, Teofilatto et al. 2022)",PSLV-XL,"Satish Dhawan Space Centre, India",506.0,97.46
PSLV-C37 / Cartosat-2D,2017-02-15,60.0,1029.1775352290222,6128.343480586842,1534.2276377266696,-0.2767598715927464,0.5605952948118843,0.7923979112796228,22.617225826491904,13.868529151131872,,"modeled (gravity-turn analytic, Teofilatto et al. 2022)",PSLV-XL,"Satish Dhawan Space Centre, India",506.0,97.46
PSLV-C37 / Cartosat-2D,2017-02-15,65.0,1027.8276194913637,6131.181893880423,1538.415159525679,-0.26336509693912236,0.5741906322376686,0.8829641606988818,26.12269447639004,13.899376876429056,,"modeled (gravity-turn analytic, Teofilatto et al. 2022)",PSLV-XL,"Satish Dhawan Space Centre, India",506.0,97.46
PSLV-C37 / Cartosat-2D,2017-02-15,70.0,1026.5441906153453,6134.079443237338,1543.0603594581041,-0.2502108404541578,0.5842767655359877,0.975435438191574,29.807979801558147,13.93401246340597,,"modeled (gravity-turn analytic, Teofilatto et al. 2022)",PSLV-XL,"Satish Dhawan Space Centre, India",506.0,97.46
PSLV-C37 / Cartosat-2D,2017-02-15,75.0,1025.3260510839834,6137.018894689655,1548.1721867001518,-0.2373056217231436,0.5909795439589347,1.0695869186608495,33.65928064407958,13.972541281276062,,"modeled (gravity-turn analytic, Teofilatto et al. 2022)",PSLV-XL,"Satish Dhawan Space Centre, India",506.0,97.46
PSLV-C37 / Cartosat-2D,2017-02-15,80.0,1024.17197112692,6139.983636409364,1553.7585257547537,-0.2246554841735546,0.5944221205275927,1.1652172686731457,37.66324924189379,14.01505763030985,,"modeled (gravity-turn analytic, Teofilatto et al. 2022)",PSLV-XL,"Satish Dhawan Space Centre, India",506.0,97.46
PSLV-C37 / Cartosat-2D,2017-02-15,85.0,1023.0807001374374,6142.957664316346,1559.8263058879188,-0.21226442994705505,0.5947245188651032,1.2621457331712922,41.80700981165956,14.061645796329113,,"modeled (gravity-turn analytic, Teofilatto et al. 2022)",PSLV-XL,"Satish Dhawan Space Centre, India",506.0,97.46
PSLV-C37 / Cartosat-2D,2017-02-15,90.0,1022.0509763069251,6145.925565064788,1566.381599490785,-0.2001347800636223,0.5920032883640128,1.3602096921617144,46.07817110924388,14.112381014536636,,"modeled (gravity-turn analytic, Teofilatto et al. 2022)",PSLV-XL,"Satish Dhawan Space Centre, India",506.0,97.46
PSLV-C37 / Cartosat-2D,2017-02-15,95.0,1021.081534166413,6148.8724988688355,1573.4297044981959,-0.18826746757745005,0.5863713511050601,1.4592625282625267,50.46483412835103,14.16733029457896,,"modeled (gravity-turn analytic, Teofilatto et al. 2022)",PSLV-XL,"Satish Dhawan Space Centre, India",506.0,97.46
PSLV-C37 / Cartosat-2D,2017-02-15,100.0,1020.1711113700245,6151.784179941054,1580.9752231848365,-0.17666229007210665,0.5779377795603527,1.5591718696622898,54.95559605139853,14.226553217161447,,"modeled (gravity-turn analytic, Teofilatto et al. 2022)",PSLV-XL,"Satish Dhawan Space Centre, India",506.0,97.46
PSLV-C37 / Cartosat-2D,2017-02-15,105.0,1019.3184536865105,6154.64685828793,1589.0221257341195,-0.16531811060284152,0.5668078149651327,1.6598179819588201,59.539551080516944,14.29010259366302,,"modeled (gravity-turn analytic, Teofilatto et al. 2022)",PSLV-XL,"Satish Dhawan Space Centre, India",506.0,97.46
PSLV-C37 / Cartosat-2D,2017-02-15,110.0,1018.522319687447,6157.4472988871785,1597.5738138207248,-0.15423303837265917,0.5530827416048455,1.7610924578844875,64.20628834471569,14.358025128155909,,"modeled (gravity-turn analytic, Teofilatto et al. 2022)",PSLV-XL,"Satish Dhawan Space Centre, India",506.0,97.46
PSLV-C37 / Cartosat-2D,2017-02-15,115.0,1017.7814839736066,6160.1727639276705,1606.6331697568069,-0.1434045667028181,0.5368600140379717,1.8628969803199715,68.9458886185887,14.43036194493095,,"modeled (gravity-turn analytic, Teofilatto et al. 2022)",PSLV-XL,"Satish Dhawan Space Centre, India",506.0,97.46
PSLV-C37 / Cartosat-2D,2017-02-15,120.0,1017.0947404516786,6162.810991200437,1616.2026095342012,-0.1328297065324261,0.5182331770337347,1.9651423265330046,73.74891803827062,14.507149153935087,,"modeled (gravity-turn analytic, Teofilatto et al. 2022)",PSLV-XL,"Satish Dhawan Space Centre, India",506.0,97.46
PSLV-C37 / Cartosat-2D,2017-02-15,125.0,1016.4609042207019,6165.350177633679,1626.284119921917,-0.1225050790993597,0.4972920706470603,2.067747402433709,78.60642229633665,14.588418263999282,,"modeled (gravity-turn analytic, Teofilatto et al. 2022)",PSLV-XL,"Satish Dhawan Space Centre, India",506.0,97.46
PSLV-C37 / Cartosat-2D,2017-02-15,130.0,1015.8788138815353,6167.778958247109,1636.8793029977326,-0.11242701559039509,0.474122797243819,2.170638461481238,83.50991815263941,14.674196665665784,,"modeled (gravity-turn analytic, Teofilatto et al. 2022)",PSLV-XL,"Satish Dhawan Space Centre, India",506.0,97.46
PSLV-C37 / Cartosat-2D,2017-02-15,135.0,1015.3473325409868,6170.086389206051,1647.9894064356254,-0.10259162382854842,0.44880790111967445,2.273748366869429,88.4513848972403,14.764507978762488,,"modeled (gravity-turn analytic, Teofilatto et al. 2022)",PSLV-XL,"Satish Dhawan Space Centre, India",506.0,97.46
PSLV-C37 / Cartosat-2D,2017-02-15,140.0,1014.8653492163322,6172.261931221735,1659.6153562095951,-0.0929948519893703,0.4214264871705759,2.3770159405964537,93.42325663176263,14.859372415591814,,"modeled (gravity-turn analytic, Teofilatto et al. 2022)",PSLV-XL,"Satish Dhawan Space Centre, India",506.0,97.46
PSLV-C37 / Cartosat-2D,2017-02-15,145.0,1014.4317796011773,6174.295428952366,1671.7577880826764,-0.08363255224184024,0.39205423557009556,2.480385415828376,98.41841020548783,14.958807138550752,,"modeled (gravity-turn analytic, Teofilatto et al. 2022)",PSLV-XL,"Satish Dhawan Space Centre, India",506.0,97.46
PSLV-C37 / Cartosat-2D,2017-02-15,150.0,1014.0455663718052,6176.177098727166,1684.4170671944255,-0.07450051063880608,0.36076367485542304,2.583805898236617,103.43015785434798,15.062826493355317,,"modeled (gravity-turn analytic, Teofilatto et al. 2022)",PSLV-XL,"Satish Dhawan Space Centre, India",506.0,97.46
PSLV-C37 / Cartosat-2D,2017-02-15,155.0,1013.7056799828731,6177.897511247,1697.593316016814,-0.06559449567350023,0.32762422195681784,2.687230915859791,108.45223716357904,15.171442320867877,,"modeled (gravity-turn analytic, Teofilatto et al. 2022)",PSLV-XL,"Satish Dhawan Space Centre, India",506.0,97.46
PSLV-C37 / Cartosat-2D,2017-02-15,160.0,1013.4111185295994,6179.447573358815,1711.2864358476932,-0.05691029628174671,0.29270225323119436,2.7906180196937287,113.4787982867312,15.2846642122334,,"modeled (gravity-turn analytic, Teofilatto et al. 2022)",PSLV-XL,"Satish Dhawan Space Centre, India",506.0,97.46
PSLV-C37 / Cartosat-2D,2017-02-15,165.0,1013.1609077532664,6180.818518397934,1725.4961208398095,-0.04844373326544066,0.25606137508220006,2.8939283988048277,118.50439732242668,15.40249967712361,,"modeled (gravity-turn analytic, Teofilatto et al. 2022)",PSLV-XL,"Satish Dhawan Space Centre, India",506.0,97.46
PSLV-C37 / Cartosat-2D,2017-02-15,170.0,1012.9541013878412,6182.001891135923,1740.2218796327568,-0.04019069214329701,0.21776247302954616,2.9971265496288577,123.52398653868127,15.524954385190563,,"modeled (gravity-turn analytic, Teofilatto et al. 2022)",PSLV-XL,"Satish Dhawan Space Centre, India",506.0,97.46
PSLV-C37 / Cartosat-2D,2017-02-15,175.0,1012.7897805700421,6182.98952917689,1755.4630530399243,-0.03214715490715736,0.17786372837720676,3.100179984199674,128.53290004306442,15.652032379023744,,"modeled (gravity-turn analytic, Teofilatto et al. 2022)",PSLV-XL,"Satish Dhawan Space Centre, India",506.0,97.46
PSLV-C37 / Cartosat-2D,2017-02-15,180.0,1012.6670534733289,6183.77355658612,1771.2188214481234,-0.024309193287566033,0.1364209257365212,3.203058957836244,133.52684833985268,15.783736168057414,,"modeled (gravity-turn analytic, Teofilatto et al. 2022)",PSLV-XL,"Satish Dhawan Space Centre, India",506.0,97.46
PSLV-C37 / Cartosat-2D,2017-02-15,185.0,1012.5850556081564,6184.346372044555,1787.4882223689922,-0.016672990901989482,0.09348751193045954,3.3057362192558664,138.50191046369872,15.920066917708821,,"modeled (gravity-turn analytic, Teofilatto et al. 2022)",PSLV-XL,"Satish Dhawan Space Centre, India",506.0,97.46
PSLV-C37 / Cartosat-2D,2017-02-15,190.0,1012.5429490032446,6184.700631531667,1804.2701645075028,-0.009234869107621724,0.04911459594982097,3.408186787237773,143.45451984976066,16.061024619214713,,"modeled (gravity-turn analytic, Teofilatto et al. 2022)",PSLV-XL,"Satish Dhawan Space Centre, India",506.0,97.46
PSLV-C37 / Cartosat-2D,2017-02-15,195.0,1012.5399215576274,6184.829238976789,1821.5634352967834,-0.0019912880162023527,0.0033511200461015522,3.510387757113559,148.381456026947,16.206608182609724,,"modeled (gravity-turn analytic, Teofilatto et al. 2022)",PSLV-XL,"Satish Dhawan Space Centre, India",506.0,97.46
PSLV-C37 / Cartosat-2D,2017-02-15,200.0,1012.5751867455174,6184.725339327045,1839.3667086709102,0.00506115676372465,-0.0437559469126768,3.6123181230745742,153.27983868772975,16.35681552296997,,"modeled (gravity-turn analytic, Teofilatto et al. 2022)",PSLV-XL,"Satish Dhawan Space Centre, India",506.0,97.46
PSLV-C37 / Cartosat-2D,2017-02-15,205.0,1012.6479838416826,6184.382310351523,1857.6785578558708,0.011925723291357382,-0.092161532816924,3.713958607561929,158.14712204403384,16.51164368881867,,"modeled (gravity-turn analytic, Teofilatto et al. 2022)",PSLV-XL,"Satish Dhawan Space Centre, India",506.0,97.46
PSLV-C37 / Cartosat-2D,2017-02-15,210.0,1012.7575765259235,6183.793744681959,1876.4974648966052,0.01860549762024788,-0.14182251514055239,3.8152914963709685,162.9810788410911,16.671088984947442,,"modeled (gravity-turn analytic, Teofilatto et al. 2022)",PSLV-XL,"Satish Dhawan Space Centre, India",506.0,97.46
PSLV-C37 / Cartosat-2D,2017-02-15,215.0,1012.9032522800992,6182.953442787827,1895.8218256662278,0.025103397420903895,-0.1926975715208113,3.9163005107906144,167.77979360759008,16.83514702830732,,"modeled (gravity-turn analytic, Teofilatto et al. 2022)",PSLV-XL,"Satish Dhawan Space Centre, India",506.0,97.46
PSLV-C37 / Cartosat-2D,2017-02-15,220.0,1013.0843221331783,6181.855410786893,1915.649952887592,0.03142219160753018,-0.24474692719006264,4.0169707095309395,172.54165992718808,17.00381277263282,,"modeled (gravity-turn analytic, Teofilatto et al. 2022)",PSLV-XL,"Satish Dhawan Space Centre, India",506.0,97.46
PSLV-C37 / Cartosat-2D,2017-02-15,225.0,1013.3001205818022,6180.493849286636,1935.9800887854549,0.03756447639296456,-0.2979324064028945,4.117288345256647,177.2653720603737,17.17708063356054,,"modeled (gravity-turn analytic, Teofilatto et al. 2022)",PSLV-XL,"Satish Dhawan Space Centre, India",506.0,97.46
PSLV-C37 / Cartosat-2D,2017-02-15,230.0,1013.550005041153,6178.863147526207,1956.8104090807988,0.04353268186611514,-0.3522172906479122,4.217240773928655,181.94991906314243,17.354944525961905,,"modeled (gravity-turn analytic, Teofilatto et al. 2022)",PSLV-XL,"Satish Dhawan Space Centre, India",506.0,97.46
PSLV-C37 / Cartosat-2D,2017-02-15,235.0,1013.8333541661946,6176.957866511933,1978.1390284933843,0.04932904337624039,-0.4075664252716148,4.316816324963753,186.59456882536037,17.537397940795422,,"modeled (gravity-turn analytic, Teofilatto et al. 2022)",PSLV-XL,"Satish Dhawan Space Centre, India",506.0,97.46
PSLV-C37 / Cartosat-2D,2017-02-15,240.0,1014.1495678191809,6174.772738904727,1999.9640030092348,0.054955623475368365,-0.46394598824697586,4.41600424918908,191.19886722139975,17.724433950046556,,"modeled (gravity-turn analytic, Teofilatto et al. 2022)",PSLV-XL,"Satish Dhawan Space Centre, India",506.0,97.46
PSLV-C37 / Cartosat-2D,2017-02-15,245.0,1014.4980669025794,6172.3026669163855,2022.2833329548089,0.06041432771485361,-0.5213233075368892,4.514794668144331,195.76263556784195,17.916045221156295,,"modeled (gravity-turn analytic, Teofilatto et al. 2022)",PSLV-XL,"Satish Dhawan Space Centre, India",506.0,97.46
PSLV-C37 / Cartosat-2D,2017-02-15,250.0,1014.8782929338689,6169.54271071289,2045.0949727717382,0.06570687395719738,-0.579666978363946,4.613178446050039,200.2859611993754,18.112224110139362,,"modeled (gravity-turn analytic, Teofilatto et al. 2022)",PSLV-XL,"Satish Dhawan Space Centre, India",506.0,97.46
PSLV-C37 / Cartosat-2D,2017-02-15,255.0,1015.2897078007393,6166.488086764888,2068.3968328848764,0.07083481047577622,-0.6389466795614029,4.711147158463834,204.76919508341447,18.312962661163528,,"modeled (gravity-turn analytic, Teofilatto et al. 2022)",PSLV-XL,"Satish Dhawan Space Centre, India",506.0,97.46
PSLV-C37 / Cartosat-2D,2017-02-15,260.0,1015.7317918273839,6163.134153180643,2092.186780584877,0.07579948859205726,-0.699133287236833,4.808692983969768,209.21293665014477,18.51825263218934,,"modeled (gravity-turn analytic, Teofilatto et al. 2022)",PSLV-XL,"Satish Dhawan Space Centre, India",506.0,97.46
PSLV-C37 / Cartosat-2D,2017-02-15,265.0,1016.2040438153699,6159.476409029236,2116.4626429413465,0.08060207847097367,-0.7601987128813835,4.905808678501602,213.6180326920277,18.728085498221592,,"modeled (gravity-turn analytic, Teofilatto et al. 2022)",PSLV-XL,"Satish Dhawan Space Centre, India",506.0,97.46
PSLV-C37 / Cartosat-2D,2017-02-15,270.0,1016.705981165396,6155.510494235514,2141.222209801117,0.08524358820444211,-0.8221157263933377,5.002487564237175,217.9855768269806,18.942452451523227,,"modeled (gravity-turn analytic, Teofilatto et al. 2022)",PSLV-XL,"Satish Dhawan Space Centre, India",506.0,97.46
PSLV-C37 / Cartosat-2D,2017-02-15,275.0,1017.2371390389468,6151.232180308212,2166.463237771456,0.08972484009965531,-0.884858041407632,5.098723429596876,222.31690058249373,19.161344433929465,,"modeled (gravity-turn analytic, Teofilatto et al. 2022)",PSLV-XL,"Satish Dhawan Space Centre, India",506.0,97.46
PSLV-C37 / Cartosat-2D,2017-02-15,280.0,1017.797070759322,6146.637369760874,2192.183455631275,0.09404648274241512,-0.9484001870594478,5.194510512138274,226.613573316952,19.384752154963042,,"modeled (gravity-turn analytic, Teofilatto et al. 2022)",PSLV-XL,"Satish Dhawan Space Centre, India",506.0,97.46
PSLV-C37 / Cartosat-2D,2017-02-15,285.0,1018.3853457921706,6141.722085574039,2218.380560302534,0.09820897403694634,-1.0127175667929085,5.289843424325424,230.87738939879623,19.61266606036116,,"modeled (gravity-turn analytic, Teofilatto et al. 2022)",PSLV-XL,"Satish Dhawan Space Centre, India",506.0,97.46
PSLV-C37 / Cartosat-2D,2017-02-15,290.0,1019.0015494726265,6136.482468240213,2245.0522191140576,0.10221258475228717,-1.0777863892467445,5.384717124978763,235.11036475175874,19.845076329692116,,"modeled (gravity-turn analytic, Teofilatto et al. 2022)",PSLV-XL,"Satish Dhawan Space Centre, India",506.0,97.46
PSLV-C37 / Cartosat-2D,2017-02-15,295.0,1019.6452832988756,6130.914775876492,2272.1960735792813,0.10605741446055572,-1.143583526881252,5.479126923730448,239.31473685486336,20.081972875713372,,"modeled (gravity-turn analytic, Teofilatto et al. 2022)",PSLV-XL,"Satish Dhawan Space Centre, India",506.0,97.46
PSLV-C37 / Cartosat-2D,2017-02-15,300.0,1020.3161644394191,6125.015380319441,2299.809740780253,0.10974338825397273,-1.2100864894786612,5.5730684416159555,243.49296008941917,20.32334533459802,,"modeled (gravity-turn analytic, Teofilatto et al. 2022)",PSLV-XL,"Satish Dhawan Space Centre, India",506.0,97.46
PSLV-C37 / Cartosat-2D,2017-02-15,305.0,1021.013825651346,6118.780763100643,2327.890817909204,0.11327024628150256,-1.277273437824285,5.6665375542809935,247.6477021441666,20.56918308094676,,"modeled (gravity-turn analytic, Teofilatto et al. 2022)",PSLV-XL,"Satish Dhawan Space Centre, India",506.0,97.46
PSLV-C37 / Cartosat-2D,2017-02-15,310.0,1021.7379144073565,6112.207512050987,2356.4368801860037,0.1166375490261008,-1.3451231170142242,5.759530382389153,251.78183859906358,20.819475186589123,,"modeled (gravity-turn analytic, Teofilatto et al. 2022)",PSLV-XL,"Satish Dhawan Space Centre, India",506.0,97.46
PSLV-C37 / Cartosat-2D,2017-02-15,315.0,1022.4880916617097,6105.292315410773,2385.4454781727727,0.1198446654578395,-1.4136148886738817,5.852043238790983,255.8984448509528,21.074210381851056,,"modeled (gravity-turn analytic, Teofilatto et al. 2022)",PSLV-XL,"Satish Dhawan Space Centre, India",506.0,97.46
PSLV-C37 / Cartosat-2D,2017-02-15,320.0,1023.2640322260777,6098.031961740303,2414.914142114707,0.12289078464296233,-1.4827286253176968,5.94407263755141,260.0007960870522,21.333377054695553,,"modeled (gravity-turn analytic, Teofilatto et al. 2022)",PSLV-XL,"Satish Dhawan Space Centre, India",506.0,97.46
PSLV-C37 / Cartosat-2D,2017-02-15,325.0,1024.065424959414,6090.423339191637,2444.840385427631,0.12577492470804919,-1.5524446218421262,6.035615299424742,264.09236636378546,21.596963243344373,,"modeled (gravity-turn analytic, Teofilatto et al. 2022)",PSLV-XL,"Satish Dhawan Space Centre, India",506.0,97.46
PSLV-C37 / Cartosat-2D,2017-02-15,330.0,1024.8919717626518,6082.463430748747,2475.221702619385,0.12849591492259482,-1.6227436580796146,6.126668082284909,268.17682175844567,21.864956596243715,,"modeled (gravity-turn analytic, Teofilatto et al. 2022)",PSLV-XL,"Satish Dhawan Space Centre, India",506.0,97.46
PSLV-C37 / Cartosat-2D,2017-02-15,335.0,1025.7433883496765,6074.149314619088,2506.0555761324854,0.1310524081755114,-1.6936068919000764,6.2172280003807945,272.2580217784296,22.137344385850106,,"modeled (gravity-turn analytic, Teofilatto et al. 2022)",PSLV-XL,"Satish Dhawan Space Centre, India",506.0,97.46
PSLV-C37 / Cartosat-2D,2017-02-15,340.0,1026.6194020902465,6065.478158234705,2537.3394665113833,0.1334428658737274,-1.7650159177661817,6.307292170221624,276.3400082318779,22.414113409874076,,"modeled (gravity-turn analytic, Teofilatto et al. 2022)",PSLV-XL,"Satish Dhawan Space Centre, India",506.0,97.46
PSLV-C37 / Cartosat-2D,2017-02-15,345.0,1027.519752058041,6056.447217121651,2569.0708149962425,0.13566556132672747,-1.8369527151627176,6.396857807638369,280.42700338056915,22.69524997551865,,"modeled (gravity-turn analytic, Teofilatto et al. 2022)",PSLV-XL,"Satish Dhawan Space Centre, India",506.0,97.46
PSLV-C37 / Cartosat-2D,2017-02-15,350.0,1028.4441895057782,6047.053834695203,2601.247048542415,0.13771858828418887,-1.9093995684436385,6.485922242019576,284.5234099399203,22.98073989854469,,"modeled (gravity-turn analytic, Teofilatto et al. 2022)",PSLV-XL,"Satish Dhawan Space Centre, India",506.0,97.46
PSLV-C37 / Cartosat-2D,2017-02-15,355.0,1029.3924776515698,6037.295440841778,2633.8655806510255,0.13959986152643655,-1.9823390322495003,6.574482908484477,288.63380826937754,23.270568472136254,,"modeled (gravity-turn analytic, Teofilatto et al. 2022)",PSLV-XL,"Satish Dhawan Space Centre, India",506.0,97.46
PSLV-C37 / Cartosat-2D,2017-02-15,360.0,1030.3643910970386,6027.169549732504,2666.9238100380235,0.14130710407335623,-2.0557539675755216,6.662537297585699,292.76295189638574,23.56472042085319,,"modeled (gravity-turn analytic, Teofilatto et al. 2022)",PSLV-XL,"Satish Dhawan Space Centre, India",506.0,97.46
PSLV-C37 / Cartosat-2D,2017-02-15,365.0,1031.3597161886248,6016.673759434399,2700.4191248920915,0.14283785714674868,-2.1296274593405196,6.750082980539871,296.91576696192897,23.86317989158698,,"modeled (gravity-turn analytic, Teofilatto et al. 2022)",PSLV-XL,"Satish Dhawan Space Centre, India",506.0,97.46
PSLV-C37 / Cartosat-2D,2017-02-15,370.0,1032.3782489630244,6005.805747951583,2734.3488918236026,0.14418946645984748,-2.203942870095705,6.83711756279992,301.0973418446696,24.165930337177567,,"modeled (gravity-turn analytic, Teofilatto et al. 2022)",PSLV-XL,"Satish Dhawan Space Centre, India",506.0,97.46
PSLV-C37 / Cartosat-2D,2017-02-15,375.0,1033.4197956191786,5994.5632730481,2768.7104607186707,0.14535908718001933,-2.278683783994684,6.923638694424035,305.3129267853971,24.472954511213842,,"modeled (gravity-turn analytic, Teofilatto et al. 2022)",PSLV-XL,"Satish Dhawan Space Centre, India",506.0,97.46
PSLV-C37 / Cartosat-2D,2017-02-15,380.0,1034.4841730874405,5982.944172100868,2803.5011703034406,0.14634368980611695,-2.3538339462401883,7.009644085250923,309.5679338870283,24.78423446690705,,"modeled (gravity-turn analytic, Teofilatto et al. 2022)",PSLV-XL,"Satish Dhawan Space Centre, India",506.0,97.46
PSLV-C37 / Cartosat-2D,2017-02-15,385.0,1035.5712086398999,5970.946360972131,2838.7183472534934,0.14714005832685023,-2.4293772469290262,7.095131496196244,313.8679334114986,25.099751508630614,,"modeled (gravity-turn analytic, Teofilatto et al. 2022)",PSLV-XL,"Satish Dhawan Space Centre, India",506.0,97.46
PSLV-C37 / Cartosat-2D,2017-02-15,390.0,1036.6807394407342,5958.567833432614,2874.359304366897,0.14774478030724558,-2.5052977445642064,7.180098701554657,318.21865003426143,25.41948613415348,,"modeled (gravity-turn analytic, Teofilatto et al. 2022)",PSLV-XL,"Satish Dhawan Space Centre, India",506.0,97.46
PSLV-C37 / Cartosat-2D,2017-02-15,395.0,1037.8126130813223,5945.8066608022955,2910.421346020457,0.14815425506750818,-2.581579598052959,7.264543517009901,322.6259624456312,25.74341803153296,,"modeled (gravity-turn analytic, Teofilatto et al. 2022)",PSLV-XL,"Satish Dhawan Space Centre, India",506.0,97.46
PSLV-C37 / Cartosat-2D,2017-02-15,400.0,1038.9666852916957,5932.660988962618,2946.9017543743566,0.14836468168372902,-2.6582071167348884,7.348463761932221,327.09589178232716,26.071525938618677,,"modeled (gravity-turn analytic, Teofilatto et al. 2022)",PSLV-XL,"Satish Dhawan Space Centre, India",506.0,97.46
PSLV-C37 / Cartosat-2D,2017-02-15,405.0,1040.1428205315424,5919.129038551228,2983.797794742224,0.14837206226522787,-2.7351647170980797,7.431857270450924,331.63460133132094,26.403787638113908,,"modeled (gravity-turn analytic, Teofilatto et al. 2022)",PSLV-XL,"Satish Dhawan Space Centre, India",506.0,97.46
PSLV-C37 / Cartosat-2D,2017-02-15,410.0,1041.3408926577379,5905.209105129112,3021.1067215694566,0.14817220572435602,-2.812436876994128,7.514721905544284,336.2483965298369,26.740179956235785,,"modeled (gravity-turn analytic, Teofilatto et al. 2022)",PSLV-XL,"Satish Dhawan Space Centre, India",506.0,97.46
PSLV-C37 / Cartosat-2D,2017-02-15,415.0,1042.5607850625852,5890.899558800667,3058.825780848001,0.14776072884322738,-2.8900081067261545,7.59705556520089,340.94372283765574,27.08067873559534,,"modeled (gravity-turn analytic, Teofilatto et al. 2022)",PSLV-XL,"Satish Dhawan Space Centre, India",506.0,97.46
PSLV-C37 / Cartosat-2D,2017-02-15,420.0,1043.8023890885693,5876.198843484238,3096.9521997263996,0.14713304391818233,-2.9678629952770224,7.678856139876116,345.7271570917155,27.425258713383883,,"modeled (gravity-turn analytic, Teofilatto et al. 2022)",PSLV-XL,"Satish Dhawan Space Centre, India",506.0,97.46
PSLV-C37 / Cartosat-2D,2017-02-15,425.0,1045.0656062985397,5861.105478949124,3135.4832031134742,0.14628436855589805,-3.045986126705141,7.760121548725245,350.60541399106546,27.773893591580766,,"modeled (gravity-turn analytic, Teofilatto et al. 2022)",PSLV-XL,"Satish Dhawan Space Centre, India",506.0,97.46
PSLV-C37 / Cartosat-2D,2017-02-15,430.0,1046.3503452610462,5845.618056685311,3174.415993705542,0.14520971490193374,-3.1243621356640396,7.840849710928356,355.58532949702237,28.126555857486323,,"modeled (gravity-turn analytic, Teofilatto et al. 2022)",PSLV-XL,"Satish Dhawan Space Centre, India",506.0,97.46
PSLV-C37 / Cartosat-2D,2017-02-15,435.0,1047.6565218211972,5829.7352402550205,3213.747754761225,0.1439038897710842,-3.202975685868108,7.921038550045435,360.67385878054404,28.48321675895549,,"modeled (gravity-turn analytic, Teofilatto et al. 2022)",PSLV-XL,"Satish Dhawan Space Centre, India",506.0,97.46
PSLV-C37 / Cartosat-2D,2017-02-15,440.0,1048.9840598697308,5813.45576608986,3253.4756563048854,0.14236149683009686,-3.2818114354866,8.00068600604572,365.8780762222295,28.843846302824204,,"modeled (gravity-turn analytic, Teofilatto et al. 2022)",PSLV-XL,"Satish Dhawan Space Centre, India",506.0,97.46
PSLV-C37 / Cartosat-2D,2017-02-15,445.0,1050.3328921096027,5796.778444201244,3293.596861395755,0.14057693875967125,-3.360854002864918,8.079790048217527,371.2051754123186,29.208413253277296,,"modeled (gravity-turn analytic, Teofilatto et al. 2022)",PSLV-XL,"Satish Dhawan Space Centre, India",506.0,97.46
PSLV-C37 / Cartosat-2D,2017-02-15,450.0,1051.7029587197414,5779.702156490324,3334.1085183730975,0.1385444119411659,-3.440087983501068,8.158348663088567,376.66245989566875,29.576885037353723,,"modeled (gravity-turn analytic, Teofilatto et al. 2022)",PSLV-XL,"Satish Dhawan Space Centre, India",506.0,97.46
PSLV-C37 / Cartosat-2D,2017-02-15,455.0,1053.0942080080574,5762.225860043066,3375.0077641790745,0.13625790292287027,-3.5194979423480786,8.236359842263102,382.2573436280544,29.949227712259074,,"modeled (gravity-turn analytic, Teofilatto et al. 2022)",PSLV-XL,"Satish Dhawan Space Centre, India",506.0,97.46
PSLV-C37 / Cartosat-2D,2017-02-15,460.0,1054.5065966213997,5744.348585930886,3416.291727966094,0.1337111917013964,-3.5990683826137304,8.313821604763737,387.99734758531685,30.325405953262713,,"modeled (gravity-turn analytic, Teofilatto et al. 2022)",PSLV-XL,"Satish Dhawan Space Centre, India",506.0,97.46
PSLV-C37 / Cartosat-2D,2017-02-15,465.0,1055.9400868987511,5726.069435170176,3457.957515250195,0.1308978441869365,-3.6787837877642517,8.390731981368802,393.89008358325617,30.70538291484743,,"modeled (gravity-turn analytic, Teofilatto et al. 2022)",PSLV-XL,"Satish Dhawan Space Centre, India",506.0,97.46
PSLV-C37 / Cartosat-2D,2017-02-15,470.0,1057.3946477253774,5707.387580484157,3500.0022139775297,0.12781121318520455,-3.758628595694771,8.46708902401214,399.94325422764484,31.089120228422285,,"modeled (gravity-turn analytic, Teofilatto et al. 2022)",PSLV-XL,"Satish Dhawan Space Centre, India",506.0,97.46
PSLV-C37 / Cartosat-2D,2017-02-15,475.0,1058.8702553947091,5688.302268036904,3542.4229007024664,0.12444443940014155,-3.8385871728780203,8.542890815854465,406.1646529142277,31.47657800042551,,"modeled (gravity-turn analytic, Teofilatto et al. 2022)",PSLV-XL,"Satish Dhawan Space Centre, India",506.0,97.46
PSLV-C37 / Cartosat-2D,2017-02-15,480.0,1060.3668944656104,5668.812819121348,3585.2166467972384,0.12079045242037317,-3.9186437887405443,8.618135481887958,412.5621638258583,31.86771481034309,,"modeled (gravity-turn analytic, Teofilatto et al. 2022)",PSLV-XL,"Satish Dhawan Space Centre, India",506.0,97.46
PSLV-C37 / Cartosat-2D,2017-02-15,485.0,1061.88455562941,5648.918625890194,3628.3805066561986,0.11684196480054332,-3.9987826478865767,8.692821179521937,419.14374692344234,32.26248760873506,,"modeled (gravity-turn analytic, Teofilatto et al. 2022)",PSLV-XL,"Satish Dhawan Space Centre, India",506.0,97.46
PSLV-C37 / Cartosat-2D,2017-02-15,490.0,1063.4232374581052,5628.619158929992,3671.911526037761,0.11259147110557532,-4.078987865021957,8.766946094167018,425.9174437334283,32.660851707348776,,"modeled (gravity-turn analytic, Teofilatto et al. 2022)",PSLV-XL,"Satish Dhawan Space Centre, India",506.0,97.46
PSLV-C37 / Cartosat-2D,2017-02-15,495.0,1064.9829458809882,5607.913963716641,3715.806741951938,0.10803124865795177,-4.15924345633156,8.840508457472774,432.89136897637064,33.062760759393065,,"modeled (gravity-turn analytic, Teofilatto et al. 2022)",PSLV-XL,"Satish Dhawan Space Centre, India",506.0,97.46
PSLV-C37 / Cartosat-2D,2017-02-15,500.0,1066.5636916792423,5586.802654534956,3760.0631694012936,0.10315335208480197,-4.239533376330293,8.913506543612225,440.0736924775646,33.468166663702256,,"modeled (gravity-turn analytic, Teofilatto et al. 2022)",PSLV-XL,"Satish Dhawan Space Centre, India",506.0,97.46
PSLV-C37 / Cartosat-2D,2017-02-15,505.0,1068.165491420943,5565.284917575521,3804.677807046738,0.09794961339973168,-4.319841498440797,8.985938676409159,447.47263916704617,33.87701956252963,,"modeled (gravity-turn analytic, Teofilatto et al. 2022)",PSLV-XL,"Satish Dhawan Space Centre, India",506.0,97.46
PSLV-C37 / Cartosat-2D,2017-02-15,510.0,1069.7883683928756,5543.360514051563,3849.6476428868327,0.09241164208411717,-4.400151595655748,9.057803236810884,455.09648907959206,34.28926783926746,,"modeled (gravity-turn analytic, Teofilatto et al. 2022)",PSLV-XL,"Satish Dhawan Space Centre, India",506.0,97.46
PSLV-C37 / Cartosat-2D,2017-02-15,515.0,1071.432353528885,5521.029283337956,3894.9696599470267,0.0865308251662853,-4.480447321282855,9.12909867068405,462.9535773547196,34.704858116091174,,"modeled (gravity-turn analytic, Teofilatto et al. 2022)",PSLV-XL,"Satish Dhawan Space Centre, India",506.0,97.46
PSLV-C37 / Cartosat-2D,2017-02-15,520.0,1073.0974847218502,5498.291141211739,3940.640833494467,0.08029832425056688,-4.560712218487257,9.199823490171932,471.05228515250064,35.12373521824063,,"modeled (gravity-turn analytic, Teofilatto et al. 2022)",PSLV-XL,"Satish Dhawan Space Centre, India",506.0,97.46
PSLV-C37 / Cartosat-2D,2017-02-15,525.0,1074.7838048813774,5475.146075652578,3986.6581205543607,0.07370506975942631,-4.640929754692089,9.269976267104466,479.4010237481111,35.545842102419236,,"modeled (gravity-turn analytic, Teofilatto et al. 2022)",PSLV-XL,"Satish Dhawan Space Centre, India",506.0,97.46
PSLV-C37 / Cartosat-2D,2017-02-15,530.0,1076.4913634698335,5451.594150647492,4033.0184696961437,0.0667417632747771,-4.721083288306027,9.33955565174576,488.0082370241431,35.97111988689799,,"modeled (gravity-turn analytic, Teofilatto et al. 2022)",PSLV-XL,"Satish Dhawan Space Centre, India",506.0,97.46
PSLV-C37 / Cartosat-2D,2017-02-15,535.0,1078.2202153389821,5427.635502491522,4079.718816059807,0.05939887380839792,-4.801156087001803,9.408560375252788,496.8823889751665,36.39950782065189,,"modeled (gravity-turn analytic, Teofilatto et al. 2022)",PSLV-XL,"Satish Dhawan Space Centre, India",506.0,97.46
PSLV-C37 / Cartosat-2D,2017-02-15,540.0,1079.9704216534624,5403.270344236677,4126.756086024288,0.05166663703308977,-4.881131312911039,9.476989254741737,506.0319635055021,36.83094328004198,,"modeled (gravity-turn analytic, Teofilatto et al. 2022)",PSLV-XL,"Satish Dhawan Space Centre, India",506.0,97.46
PSLV-C37 / Cartosat-2D,2017-02-15,545.0,1080.2297403506286,5371.603786387896,4167.82202731495,0.017335781713039955,-4.957469283458907,9.29169292876666,506.0306316927729,37.259167645933566,,"modeled (gravity-turn analytic, Teofilatto et al. 2022)",PSLV-XL,"Satish Dhawan Space Centre, India",506.0,97.46
PSLV-C37 / Cartosat-2D,2017-02-15,550.0,1080.4267599155714,5339.988033414837,4208.200501859288,-0.016266597376189074,-5.028636059219898,9.106540802650567,506.0292998800436,37.682610654415754,,"modeled (gravity-turn analytic, Teofilatto et al. 2022)",PSLV-XL,"Satish Dhawan Space Centre, India",506.0,97.46
PSLV-C37 / Cartosat-2D,2017-02-15,555.0,1080.5631535066502,5308.437497040031,4247.893821515361,-0.04912977330623358,-5.094684761792873,8.921643258175605,506.02796806731436,38.10123813020958,,"modeled (gravity-turn analytic, Teofilatto et al. 2022)",PSLV-XL,"Satish Dhawan Space Centre, India",506.0,97.46
PSLV-C37 / Cartosat-2D,2017-02-15,560.0,1080.6405852492646,5276.966410032831,4286.90452466897,-0.0812435403081172,-5.155670695061476,8.737108033915032,506.0266362545851,38.515016762823876,,"modeled (gravity-turn analytic, Teofilatto et al. 2022)",PSLV-XL,"Satish Dhawan Space Centre, India",506.0,97.46
PSLV-C37 / Cartosat-2D,2017-02-15,565.0,1080.6607089727747,5245.588820602531,4325.235368295048,-0.11259821323996383,-5.21165124015822,8.553040190867671,506.02530444185584,38.923914109668495,,"modeled (gravity-turn analytic, Teofilatto et al. 2022)",PSLV-XL,"Satish Dhawan Space Centre, India",506.0,97.46
PSLV-C37 / Cartosat-2D,2017-02-15,570.0,1080.6251669785702,5214.318587051295,4362.8893199683525,-0.1431846271196717,-5.262685750618606,8.3695420820488,506.0239726291266,39.327898599041575,,"modeled (gravity-turn analytic, Teofilatto et al. 2022)",PSLV-XL,"Satish Dhawan Space Centre, India",506.0,97.46
PSLV-C37 / Cartosat-2D,2017-02-15,575.0,1080.5355888398008,5183.169372684859,4399.869549834133,-0.17299413673781325,-5.308835447862482,8.186713325972512,506.0226408163973,39.726939532986144,,"modeled (gravity-turn analytic, Teofilatto et al. 2022)",PSLV-XL,"Satish Dhawan Space Centre, India",506.0,97.46
PSLV-C37 / Cartosat-2D,2017-02-15,580.0,1080.3935902332667,5152.154640978733,4436.1794225491385,-0.20201861636418256,-5.3501633171353,8.00465078395605,506.0213090036681,40.121007090010565,,"modeled (gravity-turn analytic, Teofilatto et al. 2022)",PSLV-XL,"Satish Dhawan Space Centre, India",506.0,97.46
PSLV-C37 / Cartosat-2D,2017-02-15,585.0,1080.2007718038915,5121.287650997268,4471.822489203238,-0.2302504595595331,-5.386734004037272,7.8234485411720955,506.01997719093885,40.510072327667785,,"modeled (gravity-turn analytic, Teofilatto et al. 2022)",PSLV-XL,"Satish Dhawan Space Centre, India",506.0,97.46
PSLV-C37 / Cartosat-2D,2017-02-15,590.0,1079.95871806216,5090.58145306267,4506.802479231652,-0.25768257910201503,-5.418613711763675,7.643197891371032,506.01864537820956,40.89410718498773,,"modeled (gravity-turn analytic, Teofilatto et al. 2022)",PSLV-XL,"Satish Dhawan Space Centre, India",506.0,97.46
PSLV-C37 / Cartosat-2D,2017-02-15,595.0,1079.6689963148715,5060.048884670781,4541.12329232764,-0.28430840703574356,-5.445870099174988,7.463987325191317,506.0173135654803,41.27308448475767,,"modeled (gravity-turn analytic, Teofilatto et al. 2022)",PSLV-XL,"Satish Dhawan Space Centre, India",506.0,97.46
PSLV-C37 / Cartosat-2D,2017-02-15,600.0,1079.3331556294856,5029.702566650186,4574.788990365208,-0.31012189484671504,-5.468572179810538,7.285902521972594,506.01598175275103,41.64697793564456,,"modeled (gravity-turn analytic, Teofilatto et al. 2022)",PSLV-XL,"Satish Dhawan Space Centre, India",506.0,97.46
PSLV-C37 / Cartosat-2D,2017-02-15,605.0,1078.9527258323312,4999.554899560895,4607.803789341246,-0.33511751376905746,-5.48679022195474,7.109026344982867,506.0146499400218,42.01576213415444,,"modeled (gravity-turn analytic, Teofilatto et al. 2022)",PSLV-XL,"Satish Dhawan Space Centre, India",506.0,97.46
PSLV-C37 / Cartosat-2D,2017-02-15,610.0,1078.5292165408669,4969.61806032872,4640.172051346204,-0.35929025522220626,-5.500595649860077,6.933438839968107,506.01331812729256,42.37941256642276,,"modeled (gravity-turn analytic, Teofilatto et al. 2022)",PSLV-XL,"Satish Dhawan Space Centre, India",506.0,97.46
PSLV-C37 / Cartosat-2D,2017-02-15,615.0,1078.0641162301795,4939.90399911115,4671.898276572204,-0.3826356313772383,-5.510060946226267,6.759217236929933,506.0119863145633,42.73790560983017,,"modeled (gravity-turn analytic, Teofilatto et al. 2022)",PSLV-XL,"Satish Dhawan Space Centre, India",506.0,97.46
PSLV-C37 / Cartosat-2D,2017-02-15,620.0,1077.5588913338352,4910.424436390355,4702.987095367258,-0.4051496758481251,-5.5152595560302204,6.586435955034473,506.01065450183404,43.091218534438674,,"modeled (gravity-turn analytic, Teofilatto et al. 2022)",PSLV-XL,"Satish Dhawan Space Centre, India",506.0,97.46
PSLV-C37 / Cartosat-2D,2017-02-15,625.0,1077.0149853791781,4881.190860288805,4733.443260343959,-0.4268289445011264,-5.516265791796731,6.415166610553446,506.0093226891048,43.43932950424192,,"modeled (gravity-turn analytic, Teofilatto et al. 2022)",PSLV-XL,"Satish Dhawan Space Centre, India",506.0,97.46
PSLV-C37 / Cartosat-2D,2017-02-15,630.0,1076.4338181571347,4852.214524102726,4763.271638550808,-0.4476705163730781,-5.513154740395069,6.245478027736445,506.0079908763755,43.78221757822497,,"modeled (gravity-turn analytic, Teofilatto et al. 2022)",PSLV-XL,"Satish Dhawan Space Centre, India",506.0,97.46
PSLV-C37 / Cartosat-2D,2017-02-15,635.0,1075.8167849265237,4823.506444048528,4792.477203714055,-0.46767199468670245,-5.50600217144212,6.07743625251174,506.0066590636463,44.11986271122804,,"modeled (gravity-turn analytic, Teofilatto et al. 2022)",PSLV-XL,"Satish Dhawan Space Centre, India",506.0,97.46
PSLV-C37 / Cartosat-2D,2017-02-15,640.0,1075.165255652891,4795.07739721717,4821.065028557645,-0.48683150794857455,-5.494884447387965,5.911104568911567,506.00532725091705,44.45224575460881,,"modeled (gravity-turn analytic, Teofilatto et al. 2022)",PSLV-XL,"Satish Dhawan Space Centre, India",506.0,97.46
PSLV-C37 / Cartosat-2D,2017-02-15,645.0,1074.480574281777,4766.937919731272,4849.040277208663,-0.5051477111127607,-5.4798784353555,5.74654351811653,506.00399543818776,44.77934845669915,,"modeled (gravity-turn analytic, Teofilatto et al. 2022)",PSLV-XL,"Satish Dhawan Space Centre, India",506.0,97.46
PSLV-C37 / Cartosat-2D,2017-02-15,650.0,1073.764058046374,4739.098305099709,4876.408197695317,-0.5226197867906717,-5.46106142080108,5.58381092001291,506.0026636254585,45.1011534630508,,"modeled (gravity-turn analytic, Teofilatto et al. 2022)",PSLV-XL,"Satish Dhawan Space Centre, India",506.0,97.46
PSLV-C37 / Cartosat-2D,2017-02-15,655.0,1073.0169968094488,4711.568602764283,4903.174114544292,-0.5392474464851609,-5.438511023058952,5.42296189715589,506.00133181272923,45.4176443164663,,"modeled (gravity-turn analytic, Teofilatto et al. 2022)",PSLV-XL,"Satish Dhawan Space Centre, India",506.0,97.46
PSLV-C37 / Cartosat-2D,2017-02-15,660.0,1072.240652439391,4684.358616833002,4929.343421484017,-0.555030931824438,-5.412305112827942,5.264048901031209,506.0,45.72880545681064,,"modeled (gravity-turn analytic, Teofilatto et al. 2022)",PSLV-XL,"Satish Dhawan Space Centre, India",506.0,97.46
ATV-1 Jules Verne,2008-03-09,0.0,3842.332099353812,-5057.501776739878,582.0579071856242,0.36940520273507393,0.27939815061612017,9.80472234271541e-05,0.0,5.236,,"modeled (gravity-turn analytic, Teofilatto et al. 2022)",Ariane 5 ES,"Kourou, French Guiana",260.0,51.6
ATV-1 Jules Verne,2008-03-09,5.0,3844.294774167305,-5056.233509166627,582.0920487894915,0.41684786148563757,0.22943922754911858,0.01584749900791294,0.18023600931174819,5.2361596055925865,,"modeled (gravity-turn analytic, Teofilatto et al. 2022)",Ariane 5 ES,"Kourou, French Guiana",260.0,51.6
ATV-1 Jules Verne,2008-03-09,10.0,3846.508831736289,-5055.194279934114,582.2339805656235,0.4694044555699715,0.18746149863075806,0.042408601128565544,0.7042590868837356,5.2370084494165035,,"modeled (gravity-turn analytic, Teofilatto et al. 2022)",Ariane 5 ES,"Kourou, French Guiana",260.0,51.6
ATV-1 Jules Verne,2008-03-09,15.0,3848.993924528792,-5054.347346879634,582.5293444728293,0.5250476408658289,0.15242331614867355,0.07692841808843467,1.5590563290703767,5.238968570269039,,"modeled (gravity-turn analytic, Teofilatto et al. 2022)",Ariane 5 ES,"Kourou, French Guiana",260.0,51.6
ATV-1 Jules Verne,2008-03-09,20.0,3851.7627295375723,-5053.65926794154,583.0141737882436,0.5827521596324,0.12385479209496411,0.11800776660321016,2.7292145467475883,5.242376837917763,,"modeled (gravity-turn analytic, Teofilatto et al. 2022)",Ariane 5 ES,"Kourou, French Guiana",260.0,51.6
ATV-1 Jules Verne,2008-03-09,25.0,3854.823716502128,-5053.09859988954,583.7187172931675,0.64182014663248,0.10140413976922819,0.16467533747948931,4.197908670281584,5.247518539379054,,"modeled (gravity-turn analytic, Teofilatto et al. 2022)",Ariane 5 ES,"Kourou, French Guiana",260.0,51.6
ATV-1 Jules Verne,2008-03-09,30.0,3858.1823496092343,-5052.635531831244,584.6689626561858,0.701732072055818,0.08476381881888517,0.21617908976298866,5.947480663872078,5.254640592072641,,"modeled (gravity-turn analytic, Teofilatto et al. 2022)",Ariane 5 ES,"Kourou, French Guiana",260.0,51.6
ATV-1 Jules Verne,2008-03-09,35.0,3861.8418057415743,-5052.241728889791,585.8875032762518,0.7620845424824318,0.07364840988613763,0.27190513526595045,7.9598350162002145,5.263959019396853,,"modeled (gravity-turn analytic, Teofilatto et al. 2022)",Ariane 5 ES,"Kourou, French Guiana",260.0,51.6
ATV-1 Jules Verne,2008-03-09,40.0,3865.803465221121,-5051.890243909056,587.3941172673317,0.8225571567532725,0.06778685911124274,0.3313372670186623,10.216725117245879,5.275663945721582,,"modeled (gravity-turn analytic, Teofilatto et al. 2022)",Ariane 5 ES,"Kourou, French Guiana",260.0,51.6
ATV-1 Jules Verne,2008-03-09,45.0,3870.0672726430153,-5051.5554533705845,589.2061920882351,0.8828921279754195,0.06691974174813489,0.3940334644486776,12.699966317929503,5.289923279629329,,"modeled (gravity-turn analytic, Teofilatto et al. 2022)",Ariane 5 ES,"Kourou, French Guiana",260.0,51.6
ATV-1 Jules Verne,2008-03-09,50.0,3874.632013915689,-5051.213001627563,591.3390546289869,0.942880527746015,0.0707983939737632,0.45961070463516585,15.391596057203268,5.306885603260312,,"modeled (gravity-turn analytic, Teofilatto et al. 2022)",Ariane 5 ES,"Kourou, French Guiana",260.0,51.6
ATV-1 Jules Verne,2008-03-09,55.0,3879.4955349539905,-5050.839747455902,593.8062378706675,1.0023523980655502,0.0791847303180202,0.5277343491511518,18.273994326620418,5.3266825334839085,,"modeled (gravity-turn analytic, Teofilatto et al. 2022)",Ariane 5 ES,"Kourou, French Guiana",260.0,51.6
ATV-1 Jules Verne,2008-03-09,60.0,3884.654917483996,-5050.413710913048,596.6197019066577,1.0611693273240013,0.09185126089432588,0.5981102849406462,21.329973741976723,5.3494307043859,,"modeled (gravity-turn analytic, Teofilatto et al. 2022)",Ariane 5 ES,"Kourou, French Guiana",260.0,51.6
ATV-1 Jules Verne,2008-03-09,65.0,3890.106622213591,-5049.914020006232,599.7900205543049,1.119218703218019,0.1085811137141881,0.6704788505854292,24.542846002147208,5.375233464041333,,"modeled (gravity-turn analytic, Teofilatto et al. 2022)",Ariane 5 ES,"Kourou, French Guiana",260.0,51.6
ATV-1 Jules Verne,2008-03-09,70.0,3895.8466062640678,-5049.320857529692,603.3265406321942,1.1764091661817304,0.12916797697555504,0.7446099837255866,27.896469820060688,5.404182342992508,,"modeled (gravity-turn analytic, Teofilatto et al. 2022)",Ariane 5 ES,"Kourou, French Guiana",260.0,51.6
ATV-1 Jules Verne,2008-03-09,75.0,3901.8704201890546,-5048.615408503895,607.2375192590586,1.2326669556037824,0.15341595532848828,0.8202992587041074,31.375284388350302,5.436358337607917,,"modeled (gravity-turn analytic, Teofilatto et al. 2022)",Ariane 5 ES,"Kourou, French Guiana",260.0,51.6
ATV-1 Jules Verne,2008-03-09,80.0,3908.173288923397,-5047.779808107444,611.5302438588427,1.2879329355324274,0.1811393602444416,0.8973646017475848,34.964331379819335,5.471833046647165,,"modeled (gravity-turn analytic, Teofilatto et al. 2022)",Ariane 5 ES,"Kourou, French Guiana",260.0,51.6
ATV-1 Jules Verne,2008-03-09,85.0,3914.7501786755997,-5046.797091296675,616.2111361890063,1.342160156677348,0.2121623940745629,0.9756435031498596,38.64926779204551,5.510669669952811,,"modeled (gravity-turn analytic, Teofilatto et al. 2022)",Ariane 5 ES,"Kourou, French Guiana",260.0,51.6
ATV-1 Jules Verne,2008-03-09,90.0,3921.595852618299,-5045.651144486741,621.2858431576651,1.3953118453058957,0.2463187901963308,1.0549906531810131,42.416371948678886,5.552923891438515,,"modeled (gravity-turn analytic, Teofilatto et al. 2022)",Ariane 5 ES,"Kourou, French Guiana",260.0,51.6
ATV-1 Jules Verne,2008-03-09,95.0,3928.7049186206787,-5044.3266574892095,626.7593191137667,1.4473597184031746,0.2834514656520043,1.1352759341245482,46.25254369569112,5.598644686981067,,"modeled (gravity-turn analytic, Teofilatto et al. 2022)",Ariane 5 ES,"Kourou, French Guiana",260.0,51.6
ATV-1 Jules Verne,2008-03-09,100.0,3936.0718672299863,-5042.809080127102,632.6358946599506,1.4982826035240642,0.3234120377158126,1.2163826412265195,50.14530072574576,5.647875010796925,,"modeled (gravity-turn analytic, Teofilatto et al. 2022)",Ariane 5 ES,"Kourou, French Guiana",260.0,51.6
ATV-1 Jules Verne,2008-03-09,105.0,3943.691105627104,-5041.084577571581,638.9193421632552,1.548065248257572,0.3660604774414464,1.2982060011064898,54.08277085847832,5.7006524514681365,,"modeled (gravity-turn analytic, Teofilatto et al. 2022)",Ariane 5 ES,"Kourou, French Guiana",260.0,51.6
ATV-1 Jules Verne,2008-03-09,110.0,3951.556984031378,-5039.139991703406,645.6129291781442,1.596697360765504,0.41126459214411853,1.3806518157468675,58.053683032452355,5.7570097763331685,,"modeled (gravity-turn analytic, Teofilatto et al. 2022)",Ariane 5 ES,"Kourou, French Guiana",260.0,51.6
ATV-1 Jules Verne,2008-03-09,115.0,3959.663819494011,-5036.962800186949,652.719470767729,1.6441727548172065,0.45889968796584074,1.4636353436293124,62.0473546125558,5.816975464741435,,"modeled (gravity-turn analytic, Teofilatto et al. 2022)",Ariane 5 ES,"Kourou, French Guiana",260.0,51.6
ATV-1 Jules Verne,2008-03-09,120.0,3968.0059140983085,-5034.541083063875,660.241370758534,1.6904886863431638,0.5088480444876226,1.547080251850063,66.05367990994716,5.880574136621492,,"modeled (gravity-turn analytic, Teofilatto et al. 2022)",Ariane 5 ES,"Kourou, French Guiana",260.0,51.6
ATV-1 Jules Verne,2008-03-09,125.0,3976.577572015677,-5031.863484519393,668.1806652114935,1.7356452149053097,0.5609986324930787,1.6309177654481277,70.0631143311476,5.9478270003069,,"modeled (gravity-turn analytic, Teofilatto et al. 2022)",Ariane 5 ES,"Kourou, French Guiana",260.0,51.6
ATV-1 Jules Verne,2008-03-09,130.0,3985.373111202558,-5028.9191851112555,676.5390530183577,1.779644763578978,0.6152465768696105,1.7150858471902954,74.06666201621046,6.018752177660684,,"modeled (gravity-turn analytic, Teofilatto et al. 2022)",Ariane 5 ES,"Kourou, French Guiana",260.0,51.6
ATV-1 Jules Verne,2008-03-09,135.0,3994.386876171451,-5025.6978668557595,685.3179326636802,1.8224916292715996,0.6714929188639905,1.7995285354820256,78.05585912988266,6.093365083985044,,"modeled (gravity-turn analytic, Teofilatto et al. 2022)",Ariane 5 ES,"Kourou, French Guiana",260.0,51.6
ATV-1 Jules Verne,2008-03-09,140.0,4003.6132448825615,-5022.189687365013,694.5184265457806,1.8641916719297342,0.7296441625898715,1.8841953191526373,82.02275926959548,6.171678690708475,,"modeled (gravity-turn analytic, Teofilatto et al. 2022)",Ariane 5 ES,"Kourou, French Guiana",260.0,51.6
ATV-1 Jules Verne,2008-03-09,145.0,4013.0466378812494,-5018.385253882331,704.1414077767749,1.9047520028298655,0.7896119319948989,1.9690405885220148,85.95992040113887,6.253703804746392,,"modeled (gravity-turn analytic, Teofilatto et al. 2022)",Ariane 5 ES,"Kourou, French Guiana",260.0,51.6
ATV-1 Jules Verne,2008-03-09,150.0,4022.681523426527,-5014.27559303277,714.1875258186103,1.9441806667139025,0.8513127636966198,2.054023175954511,89.86038588662483,6.339449339274511,,"modeled (gravity-turn analytic, Teofilatto et al. 2022)",Ariane 5 ES,"Kourou, French Guiana",260.0,51.6
ATV-1 Jules Verne,2008-03-09,155.0,4032.5124213763656,-5009.85213326631,724.6572219893496,1.9824865086921497,0.9146676395401847,2.139105906893738,93.71767351739986,6.428922482862304,,"modeled (gravity-turn analytic, Teofilatto et al. 2022)",Ariane 5 ES,"Kourou, French Guiana",260.0,51.6
ATV-1 Jules Verne,2008-03-09,160.0,4042.533909065581,-5005.106680826187,735.550751631155,2.0196789392574743,0.9796017721551997,2.224255221658765,97.52576149562437,6.522128927372735,,"modeled (gravity-turn analytic, Teofilatto et al. 2022)",Ariane 5 ES,"Kourou, French Guiana",260.0,51.6
ATV-1 Jules Verne,2008-03-09,165.0,4052.740622232712,-5000.031393983581,746.8682023460821,2.055767720524084,1.0460444297504667,2.3094408475917407,101.27906964642001,6.619073062342417,,"modeled (gravity-turn analytic, Teofilatto et al. 2022)",Ariane 5 ES,"Kourou, French Guiana",260.0,51.6
ATV-1 Jules Verne,2008-03-09,170.0,4063.127256921901,-4994.618770503459,758.6095040332991,2.0907629354321005,1.1139285077345136,2.3946354839770185,104.97245058132069,6.71975808333017,,"modeled (gravity-turn analytic, Teofilatto et al. 2022)",Ariane 5 ES,"Kourou, French Guiana",260.0,51.6
ATV-1 Jules Verne,2008-03-09,175.0,4073.6885737658627,-4988.861628999893,770.7744457369587,2.124674838130153,1.183190335252933,2.479814527489676,108.60117843291326,6.824186160166147,,"modeled (gravity-turn analytic, Teofilatto et al. 2022)",Ariane 5 ES,"Kourou, French Guiana",260.0,51.6
ATV-1 Jules Verne,2008-03-09,180.0,4084.4193963523917,-4982.753083568249,783.3626910486007,2.1575136495230853,1.2537696126482127,2.564955833181951,112.16092866517405,6.932358598901037,,"modeled (gravity-turn analytic, Teofilatto et al. 2022)",Ariane 5 ES,"Kourou, French Guiana",260.0,51.6
ATV-1 Jules Verne,2008-03-09,185.0,4095.3146112520753,-4976.286535391538,796.37378338775,2.189289604219558,1.3256090116224506,2.6500395000483743,115.64777086522831,7.0442758976963304,,"modeled (gravity-turn analytic, Teofilatto et al. 2022)",Ariane 5 ES,"Kourou, French Guiana",260.0,51.6
ATV-1 Jules Verne,2008-03-09,190.0,4106.369170646164,-4969.45565796425,809.8071585123257,2.2200128598346063,1.3986539973008134,2.735047668554829,119.05815915013676,7.1599378667685,,"modeled (gravity-turn analytic, Teofilatto et al. 2022)",Ariane 5 ES,"Kourou, French Guiana",260.0,51.6
ATV-1 Jules Verne,2008-03-09,195.0,4117.578092645222,-4962.254381585199,823.6621551542382,2.249693409053416,1.4728526794970225,2.819964341730629,122.38892044879817,7.279343731475921,,"modeled (gravity-turn analytic, Teofilatto et al. 2022)",Ariane 5 ES,"Kourou, French Guiana",260.0,51.6
ATV-1 Jules Verne,2008-03-09,200.0,4128.936457331597,-4954.6768728142315,837.9380247554157,2.2783409272315875,1.5481557775886658,2.904775219496739,125.63723624261539,7.4024922327307365,,"modeled (gravity-turn analytic, Teofilatto et al. 2022)",Ariane 5 ES,"Kourou, French Guiana",260.0,51.6
ATV-1 Jules Verne,2008-03-09,205.0,4140.4394074328,-4946.717532002373,852.6339333822078,2.3059649052756463,1.6245162269927294,2.9894675771133055,128.80064011896397,7.529381638314562,,"modeled (gravity-turn analytic, Teofilatto et al. 2022)",Ariane 5 ES,"Kourou, French Guiana",260.0,51.6
ATV-1 Jules Verne,2008-03-09,210.0,4152.082149243725,-4938.370979104413,867.748972158684,2.332574545899338,1.7018891047968596,3.0740301216503436,131.87700766630678,7.660009836138343,,"modeled (gravity-turn analytic, Teofilatto et al. 2022)",Ariane 5 ES,"Kourou, French Guiana",260.0,51.6
ATV-1 Jules Verne,2008-03-09,215.0,4163.8599534712175,-4929.632044297498,883.2821642628072,2.3581787504413163,1.7802314631654732,3.158452877799938,134.86454966900448,7.79437439114411,,"modeled (gravity-turn analytic, Teofilatto et al. 2022)",Ariane 5 ES,"Kourou, French Guiana",260.0,51.6
ATV-1 Jules Verne,2008-03-09,220.0,4175.768148914385,-4920.495749081429,899.232471159154,2.382785959930387,1.8595023595584275,3.2427270611544743,137.76179352060507,7.932472607772754,,"modeled (gravity-turn analytic, Teofilatto et al. 2022)",Ariane 5 ES,"Kourou, French Guiana",260.0,51.6
ATV-1 Jules Verne,2008-03-09,225.0,4187.802122877566,-4910.9573029772,915.5987949221314,2.4064042517368724,1.9396625876044924,3.326845005960762,140.56758030625852,8.07430153774516,,"modeled (gravity-turn analytic, Teofilatto et al. 2022)",Ariane 5 ES,"Kourou, French Guiana",260.0,51.6
ATV-1 Jules Verne,2008-03-09,230.0,4199.957321582922,-4901.012098240313,932.3799819672624,2.429041395276367,2.0206744707782014,3.4108000941015826,143.2810605899813,8.219857999721526,,"modeled (gravity-turn analytic, Teofilatto et al. 2022)",Ariane 5 ES,"Kourou, French Guiana",260.0,51.6
ATV-1 Jules Verne,2008-03-09,235.0,4212.229250717179,-4890.655697074361,949.5748322312222,2.4507047184631623,2.1025018792754526,3.494586644776652,145.90168550227602,8.369138651352488,,"modeled (gravity-turn analytic, Teofilatto et al. 2022)",Ariane 5 ES,"Kourou, French Guiana",260.0,51.6
ATV-1 Jules Verne,2008-03-09,240.0,4224.61347148993,-4879.8838234838695,967.1821004106447,2.471401114810107,2.185110105447571,3.578199850811763,148.42919743862637,8.522139990030539,,"modeled (gravity-turn analytic, Teofilatto et al. 2022)",Ariane 5 ES,"Kourou, French Guiana",260.0,51.6
ATV-1 Jules Verne,2008-03-09,245.0,4237.105597201317,-4868.692353351153,985.2004990137084,2.4911369840545774,2.268465819174455,3.661635702237468,150.8636200544649,8.67885836955325,,"modeled (gravity-turn analytic, Teofilatto et al. 2022)",Ariane 5 ES,"Kourou, French Guiana",260.0,51.6
ATV-1 Jules Verne,2008-03-09,250.0,4249.701294668659,-4857.077313133986,1003.6287004173698,2.509918354105449,2.352536833434173,3.7448909640857186,153.2052577576503,8.839289994105524,,"modeled (gravity-turn analytic, Teofilatto et al. 2022)",Ariane 5 ES,"Kourou, French Guiana",260.0,51.6
ATV-1 Jules Verne,2008-03-09,255.0,4262.39628327668,-4845.034871290441,1022.4653415912386,2.5277508102801627,2.437292078454704,3.8279631010016755,155.4546886859821,9.003430942762884,,"modeled (gravity-turn analytic, Teofilatto et al. 2022)",Ariane 5 ES,"Kourou, French Guiana",260.0,51.6
ATV-1 Jules Verne,2008-03-09,260.0,4275.186335217018,-4832.561332627762,1041.7090280136324,2.544639501168751,2.522701505296356,3.9108502318361276,157.61276062275854,9.171277181493403,,"modeled (gravity-turn analytic, Teofilatto et al. 2022)",Ariane 5 ES,"Kourou, French Guiana",260.0,51.6
ATV-1 Jules Verne,2008-03-09,265.0,4288.067269289013,-4819.653129362254,1061.3583332092169,2.5605890629362893,2.6087360823524524,3.9935510649301347,159.68057965085413,9.342824545204385,,"modeled (gravity-turn analytic, Teofilatto et al. 2022)",Ariane 5 ES,"Kourou, French Guiana",260.0,51.6
ATV-1 Jules Verne,2008-03-09,270.0,4301.034951124022,-4806.306817853816,1081.4118009977126,2.5756036745687805,2.695367661161063,4.076064877250005,161.6595076503427,9.518068730539705,,"modeled (gravity-turn analytic, Teofilatto et al. 2022)",Ariane 5 ES,"Kourou, French Guiana",260.0,51.6
ATV-1 Jules Verne,2008-03-09,275.0,4314.085293792195,-4792.519075725109,1101.867947876004,2.5896871177234964,2.782568843235458,4.15839149878909,163.5511603955739,9.69700528731562,,"modeled (gravity-turn analytic, Teofilatto et al. 2022)",Ariane 5 ES,"Kourou, French Guiana",260.0,51.6
ATV-1 Jules Verne,2008-03-09,280.0,4327.214256966664,-4778.286695064634,1122.7252666804402,2.6028426981716395,2.87031298228463,4.240531248840874,165.35740210427014,9.879629625026848,,"modeled (gravity-turn analytic, Teofilatto et al. 2022)",Ariane 5 ES,"Kourou, French Guiana",260.0,51.6
ATV-1 Jules Verne,2008-03-09,285.0,4340.417844676155,-4763.606578520077,1143.9822267415118,2.6150732671555916,2.9585741003950785,4.322484915146815,167.08034065442843,10.065936986071817,,"modeled (gravity-turn analytic, Teofilatto et al. 2022)",Ariane 5 ES,"Kourou, French Guiana",260.0,51.6
ATV-1 Jules Verne,2008-03-09,290.0,4353.692101153297,-4748.475733930488,1165.637273103624,2.6263811731208606,3.047326873251546,4.404253709284503,168.72232030158602,10.255922413457638,,"modeled (gravity-turn analytic, Teofilatto et al. 2022)",Ariane 5 ES,"Kourou, French Guiana",260.0,51.6
ATV-1 Jules Verne,2008-03-09,295.0,4367.033112575199,-4732.891272318254,1187.6888295172598,2.6367683436297535,3.136546495947352,4.485839273240978,170.2859214120414,10.44958074006243,,"modeled (gravity-turn analytic, Teofilatto et al. 2022)",Ariane 5 ES,"Kourou, French Guiana",260.0,51.6
ATV-1 Jules Verne,2008-03-09,300.0,4380.437006006492,-4716.850404305542,1210.135299638281,2.6462362694376136,3.226208639748477,4.567243648087044,171.77395692293493,10.64690656549531,,"modeled (gravity-turn analytic, Teofilatto et al. 2022)",Ariane 5 ES,"Kourou, French Guiana",260.0,51.6
ATV-1 Jules Verne,2008-03-09,305.0,4393.899950152018,-4700.350436276748,1232.9750703032284,2.65478599832027,3.316289402672391,4.648469248738216,173.18947024571588,10.847894247774896,,"modeled (gravity-turn analytic, Teofilatto et al. 2022)",Ariane 5 ES,"Kourou, French Guiana",260.0,51.6
ATV-1 Jules Verne,2008-03-09,310.0,4407.41815013959,-4683.388767319478,1256.2065080397003,2.6624181023566607,3.406765291203339,4.729518832052602,174.53572850364836,11.052537841269281,,"modeled (gravity-turn analytic, Teofilatto et al. 2022)",Ariane 5 ES,"Kourou, French Guiana",260.0,51.6
ATV-1 Jules Verne,2008-03-09,315.0,4420.987846638404,-4665.962886429766,1279.8279599185048,2.669132689021196,3.497613163493341,4.810395483697541,175.81621959606554,11.260831065993909,,"modeled (gravity-turn analytic, Teofilatto et al. 2022)",Ariane 5 ES,"Kourou, French Guiana",260.0,51.6
ATV-1 Jules Verne,2008-03-09,320.0,4434.6053176411615,-4648.070370206339,1303.8377568381386,2.6749294654182765,3.5888101290926775,4.891102629713152,177.03465189425657,11.472767292660881,,"modeled (gravity-turn analytic, Teofilatto et al. 2022)",Ariane 5 ES,"Kourou, French Guiana",260.0,51.6
ATV-1 Jules Verne,2008-03-09,325.0,4448.266876693145,-4629.708880472772,1328.2342131651735,2.6798076949432628,3.680333539105188,4.971643999087386,178.19495081185164,11.688339499150272,,"modeled (gravity-turn analytic, Teofilatto et al. 2022)",Ariane 5 ES,"Kourou, French Guiana",260.0,51.6
ATV-1 Jules Verne,2008-03-09,330.0,4461.968874024675,-4610.876161534948,1353.015629664174,2.6837662228618853,3.7721609228432844,5.0520236207586,179.3012577262463,11.907540250846148,,"modeled (gravity-turn analytic, Teofilatto et al. 2022)",Ariane 5 ES,"Kourou, French Guiana",260.0,51.6
ATV-1 Jules Verne,2008-03-09,335.0,4475.70769062876,-4591.5700392815515,1378.1802877773582,2.6868034302542445,3.8642699889723366,5.132245789568515,180.35792362382756,12.130361612048883,,"modeled (gravity-turn analytic, Teofilatto et al. 2022)",Ariane 5 ES,"Kourou, French Guiana",260.0,51.6
ATV-1 Jules Verne,2008-03-09,340.0,4489.479739197841,-4571.788418858712,1403.7264520677006,2.688917267304176,3.956638560800844,5.212315069491407,181.3695079404518,12.356795119729583,,"modeled (gravity-turn analytic, Teofilatto et al. 2022)",Ariane 5 ES,"Kourou, French Guiana",260.0,51.6
ATV-1 Jules Verne,2008-03-09,345.0,4503.281465829476,-4551.529282262576,1429.6523735241035,2.690105300482382,4.049244502461449,5.292236304709025,182.3407780966576,12.586831762141683,,"modeled (gravity-turn analytic, Teofilatto et al. 2022)",Ariane 5 ES,"Kourou, French Guiana",260.0,51.6
ATV-1 Jules Verne,2008-03-09,350.0,4517.109348037378,-4530.790687686669,1455.9562877740689,2.6903646699362684,4.1420657147205375,5.372014584553707,183.27670663851362,12.820461914975413,,"modeled (gravity-turn analytic, Teofilatto et al. 2022)",Ariane 5 ES,"Kourou, French Guiana",260.0,51.6
ATV-1 Jules Verne,2008-03-09,355.0,4530.959896145126,-4509.5707671016935,1482.6364180809396,2.689692121319439,4.235080077029206,5.451655248857109,184.1824704459099,13.057675314928701,,"modeled (gravity-turn analytic, Teofilatto et al. 2022)",Ariane 5 ES,"Kourou, French Guiana",260.0,51.6
ATV-1 Jules Verne,2008-03-09,360.0,4544.829647301262,-4487.867727476306,1509.6909680720846,2.6880839658424844,4.328265449593994,5.531163857560063,185.06344501082575,13.298460949801747,,"modeled (gravity-turn analytic, Teofilatto et al. 2022)",Ariane 5 ES,"Kourou, French Guiana",260.0,51.6
ATV-1 Jules Verne,2008-03-09,365.0,4558.71516720404,-4465.679848413228,1537.1181250491184,2.6855361142366885,4.421599617243725,5.61054619825965,185.92520374050594,13.542807032183276,,"modeled (gravity-turn analytic, Teofilatto et al. 2022)",Ariane 5 ES,"Kourou, French Guiana",260.0,51.6
ATV-1 Jules Verne,2008-03-09,370.0,4572.613052182803,-4443.005479607389,1564.9160637987409,2.682044117221838,4.515060230103181,5.68980829783034,186.7735175584191,13.790700975482588,,"modeled (gravity-turn analytic, Teofilatto et al. 2022)",Ariane 5 ES,"Kourou, French Guiana",260.0,51.6
ATV-1 Jules Verne,2008-03-09,375.0,4586.519926838514,-4419.843041953365,1593.0829431793393,2.6776031313208,4.608624798690086,5.76895639139081,187.61435217891832,14.042129308509839,,"modeled (gravity-turn analytic, Teofilatto et al. 2022)",Ariane 5 ES,"Kourou, French Guiana",260.0,51.6
ATV-1 Jules Verne,2008-03-09,380.0,4600.432446346486,-4396.191024966575,1621.6169101920514,2.6722079504785636,4.702270643965336,5.847996929740347,188.45386778025232,14.297077650771254,,"modeled (gravity-turn analytic, Teofilatto et al. 2022)",Ariane 5 ES,"Kourou, French Guiana",260.0,51.6
ATV-1 Jules Verne,2008-03-09,385.0,4614.347290146402,-4372.0479898277135,1650.516091081171,2.665852976477896,4.795974897755939,5.9269365532095035,189.29841318495744,14.555530581768815,,"modeled (gravity-turn analytic, Teofilatto et al. 2022)",Ariane 5 ES,"Kourou, French Guiana",260.0,51.6
ATV-1 Jules Verne,2008-03-09,390.0,4628.261163839408,-4347.4125672834025,1679.7785946453205,2.6585322468909633,4.889714458963796,6.005782097060658,190.15452503955103,14.817471608083325,,"modeled (gravity-turn analytic, Teofilatto et al. 2022)",Ariane 5 ES,"Kourou, French Guiana",260.0,51.6
ATV-1 Jules Verne,2008-03-09,395.0,4642.170802061546,-4322.283454741037,1709.402517141968,2.6502394739245503,4.983465943325555,6.084540603322842,191.0289275932545,15.082883142030632,,"modeled (gravity-turn analytic, Teofilatto et al. 2022)",Ariane 5 ES,"Kourou, French Guiana",260.0,51.6
ATV-1 Jules Verne,2008-03-09,400.0,4656.072965863833,-4296.659418621774,1739.3859377184172,2.640968024515049,5.077205674998921,6.1632192956979415,191.92852961321705,15.351746400057682,,"modeled (gravity-turn analytic, Teofilatto et al. 2022)",Ariane 5 ES,"Kourou, French Guiana",260.0,51.6
ATV-1 Jules Verne,2008-03-09,405.0,4669.9644458286,-4270.539291971702,1769.72692319829,2.6307109459612663,5.170909647220525,6.241825582437569,192.8604244607846,15.624041376881282,,"modeled (gravity-turn analytic, Teofilatto et al. 2022)",Ariane 5 ES,"Kourou, French Guiana",260.0,51.6
ATV-1 Jules Verne,2008-03-09,410.0,4683.842055812272,-4243.921978330978,1800.4235186510039,2.619460952255715,5.2645535189142105,6.32036703652119,193.83188371119067,15.899746705300762,,"modeled (gravity-turn analytic, Teofilatto et al. 2022)",Ariane 5 ES,"Kourou, French Guiana",260.0,51.6
ATV-1 Jules Verne,2008-03-09,415.0,4697.702634376827,-4216.8064505541715,1831.4737495635638,2.607210445450276,5.358112583405989,6.398851395285583,194.85035567068277,16.17883960828328,,"modeled (gravity-turn analytic, Teofilatto et al. 2022)",Ariane 5 ES,"Kourou, French Guiana",260.0,51.6
ATV-1 Jules Verne,2008-03-09,420.0,4711.543048496611,-4189.191747684868,1862.8756277713048,2.593951553501437,5.4515617264246,6.4772865697888555,195.92346528719247,16.461295880449768,,"modeled (gravity-turn analytic, Teofilatto et al. 2022)",Ariane 5 ES,"Kourou, French Guiana",260.0,51.6
ATV-1 Jules Verne,2008-03-09,425.0,4725.360191196272,-4161.076977495251,1894.6271470223228,2.5796761273018123,5.544875414513237,6.5556806263023475,197.0590104180501,16.74708978352919,,"modeled (gravity-turn analytic, Teofilatto et al. 2022)",Ariane 5 ES,"Kourou, French Guiana",260.0,51.6
ATV-1 Jules Verne,2008-03-09,430.0,4739.150985106584,-4132.46131502495,1926.7262875516635,2.5643757619253558,5.63802766511267,6.634041781909405,198.26496208816513,17.036194012334434,,"modeled (gravity-turn analytic, Teofilatto et al. 2022)",Ariane 5 ES,"Kourou, French Guiana",260.0,51.6
ATV-1 Jules Verne,2008-03-09,435.0,4752.91237661172,-4103.344006236074,1959.1710072237433,2.5480417985368793,5.730992041802284,6.7123783898105,199.5494571677845,17.328579557417818,,"modeled (gravity-turn analytic, Teofilatto et al. 2022)",Ariane 5 ES,"Kourou, French Guiana",260.0,51.6
ATV-1 Jules Verne,2008-03-09,440.0,4766.641336168921,-4073.724368287333,1991.959241503397,2.5306653425500234,5.823741634624366,6.79069893209641,200.9207954797639,17.62421563600957,,"modeled (gravity-turn analytic, Teofilatto et al. 2022)",Ariane 5 ES,"Kourou, French Guiana",260.0,51.6
ATV-1 Jules Verne,2008-03-09,445.0,4780.334862834823,-4043.6017865190033,2025.0889101532591,2.5122373020660835,5.916249025853732,6.869012024394323,202.38743979956755,17.923069675676473,,"modeled (gravity-turn analytic, Teofilatto et al. 2022)",Ariane 5 ES,"Kourou, French Guiana",260.0,51.6
ATV-1 Jules Verne,2008-03-09,450.0,4793.989983533701,-4012.9757155568877,2058.5579155162213,2.4927484049796598,6.008486274772046,6.9473264048698,203.95801203114516,18.225107230881527,,"modeled (gravity-turn analytic, Teofilatto et al. 2022)",Ariane 5 ES,"Kourou, French Guiana",260.0,51.6
ATV-1 Jules Verne,2008-03-09,455.0,4807.60375460029,-3981.845680916153,2092.3641427871507,2.4721892121742632,6.100424902741441,7.025650916619642,205.64129167255933,18.53029191072261,,"modeled (gravity-turn analytic, Teofilatto et al. 2022)",Ariane 5 ES,"Kourou, French Guiana",260.0,51.6
ATV-1 Jules Verne,2008-03-09,460.0,4821.173259678831,-3950.2112796868532,2126.5054571760847,2.4505501433227357,6.192035881105858,7.103994501838561,207.44620981575025,18.838585290493082,,"modeled (gravity-turn analytic, Teofilatto et al. 2022)",Ariane 5 ES,"Kourou, French Guiana",260.0,51.6
ATV-1 Jules Verne,2008-03-09,465.0,4834.695606064468,-3918.0721836586467,2160.979697698155,2.4278214900589705,6.283289629485611,7.18236618436895,209.38184198613286,19.14994679601789,,"modeled (gravity-turn analytic, Teofilatto et al. 2022)",Ariane 5 ES,"Kourou, French Guiana",260.0,51.6
ATV-1 Jules Verne,2008-03-09,470.0,4848.167929985395,-3885.4281368711795,2195.7846842363642,2.4039934573092023,6.37415598949707,7.260775067831478,211.45740812984462,19.46433368893263,,"modeled (gravity-turn analytic, Teofilatto et al. 2022)",Ariane 5 ES,"Kourou, French Guiana",260.0,51.6
ATV-1 Jules Verne,2008-03-09,475.0,4861.587399824561,-3852.278954162492,2230.9182217502203,2.3790562010265908,6.464604204954209,7.339230330044354,213.68227080478871,19.781701030749215,,"modeled (gravity-turn analytic, Teofilatto et al. 2022)",Ariane 5 ES,"Kourou, French Guiana",260.0,51.6
ATV-1 Jules Verne,2008-03-09,480.0,4874.951211930938,-3818.624526131141,2266.378092180922,2.3529998390031084,6.554602927307239,7.417741195739443,216.0659273442026,20.10200155220953,,"modeled (gravity-turn analytic, Teofilatto et al. 2022)",Ariane 5 ES,"Kourou, French Guiana",260.0,51.6
ATV-1 Jules Verne,2008-03-09,485.0,4888.256597646853,-3784.464816654374,2302.162063330297,2.3258144986119347,6.644120190546063,7.4963169321269465,218.6180112741054,20.425185650907167,,"modeled (gravity-turn analytic, Teofilatto et al. 2022)",Ariane 5 ES,"Kourou, French Guiana",260.0,51.6
ATV-1 Jules Verne,2008-03-09,490.0,4901.500812717918,-3749.79986754105,2338.267874373288,2.297490331634687,6.733123432188921,7.574966826891067,221.34827659630866,20.75120122791479,,"modeled (gravity-turn analytic, Teofilatto et al. 2022)",Ariane 5 ES,"Kourou, French Guiana",260.0,51.6
ATV-1 Jules Verne,2008-03-09,495.0,4914.68114157742,-3714.6297979054075,2374.6932405582133,2.268017557439282,6.821579480175092,7.653700176605454,224.26659608653264,21.079993659116756,,"modeled (gravity-turn analytic, Teofilatto et al. 2022)",Ariane 5 ES,"Kourou, French Guiana",260.0,51.6
ATV-1 Jules Verne,2008-03-09,500.0,4927.794903446014,-3678.954802588324,2411.4358604662575,2.2373865124283747,6.909454536235341,7.732526276652353,227.38296129440639,21.41150578510433,,"modeled (gravity-turn analytic, Teofilatto et al. 2022)",Ariane 5 ES,"Kourou, French Guiana",260.0,51.6
ATV-1 Jules Verne,2008-03-09,505.0,4940.839451349896,-3642.775152951604,2448.493414236717,2.2055876879157053,6.996714178589155,7.811454403855942,230.70747528746853,21.745677842165478,,"modeled (gravity-turn analytic, Teofilatto et al. 2022)",Ariane 5 ES,"Kourou, French Guiana",260.0,51.6
ATV-1 Jules Verne,2008-03-09,510.0,4953.812172603149,-3606.091200924919,2485.8635609367243,2.1726117640881273,7.083323366471278,7.890493788822427,234.25034757820063,22.082447379638403,,"modeled (gravity-turn analytic, Teofilatto et al. 2022)",Ariane 5 ES,"Kourou, French Guiana",260.0,51.6
ATV-1 Jules Verne,2008-03-09,515.0,4966.7104905482975,-3568.903377351731,2523.5439413655167,2.138449662203072,7.169246439436445,7.9696536049118265,238.02188849396592,22.42174923154004,,"modeled (gravity-turn analytic, Teofilatto et al. 2022)",Ariane 5 ES,"Kourou, French Guiana",260.0,51.6
ATV-1 Jules Verne,2008-03-09,520.0,4979.531855868413,-3531.212194152012,2561.532167334374,2.103092577803322,7.2544471461058695,8.048942946028806,242.03249239405233,22.763515404060545,,"modeled (gravity-turn analytic, Teofilatto et al. 2022)",Ariane 5 ES,"Kourou, French Guiana",260.0,51.6
ATV-1 Jules Verne,2008-03-09,525.0,4992.273753361998,-3493.018244365599,2599.825828430321,2.0665320384872894,7.33888863839768,8.12837080805417,246.29263749721093,23.10767507115986,,"modeled (gravity-turn analytic, Teofilatto et al. 2022)",Ariane 5 ES,"Kourou, French Guiana",260.0,51.6
ATV-1 Jules Verne,2008-03-09,530.0,5004.933708878745,-3454.3222021268807,2638.4224989847294,2.0287599645964995,7.4225334671485115,8.207946069510347,250.81288588134433,23.45415457266998,,"modeled (gravity-turn analytic, Teofilatto et al. 2022)",Ariane 5 ES,"Kourou, French Guiana",260.0,51.6
ATV-1 Jules Verne,2008-03-09,535.0,5017.509288305692,-3415.124823793432,2677.319736003486,1.9897687188633706,7.505343599952488,8.287677467279632,255.60387443259987,23.80287736290459,,"modeled (gravity-turn analytic, Teofilatto et al. 2022)",Ariane 5 ES,"Kourou, French Guiana",260.0,51.6
ATV-1 Jules Verne,2008-03-09,540.0,5029.998090197869,-3375.426949673221,2716.5150701166276,1.9495511495079239,7.587280457864728,8.36757357081298,260.67629803340924,24.15376392707718,,"modeled (gravity-turn analytic, Teofilatto et al. 2022)",Ariane 5 ES,"Kourou, French Guiana",260.0,51.6
ATV-1 Jules Verne,2008-03-09,545.0,5038.1908776088185,-3333.201561832143,2753.1559862371637,1.8039908411754069,7.558199842856009,8.229805509074971,260.6481189486839,24.500916748759384,,"modeled (gravity-turn analytic, Teofilatto et al. 2022)",Ariane 5 ES,"Kourou, French Guiana",260.0,51.6
ATV-1 Jules Verne,2008-03-09,550.0,5045.926471439589,-3291.2563429006877,2789.148873174948,1.661984403756718,7.525475316815435,8.092178181175594,260.61993986395845,24.842870527688444,,"modeled (gravity-turn analytic, Teofilatto et al. 2022)",Ariane 5 ES,"Kourou, French Guiana",260.0,51.6
ATV-1 Jules Verne,2008-03-09,555.0,5053.217533675311,-3249.6039086843975,2824.4975753604167,1.5235538195189116,7.489209992062487,7.9547438418695915,260.5917607792331,25.17963114737393,,"modeled (gravity-turn analytic, Teofilatto et al. 2022)",Ariane 5 ES,"Kourou, French Guiana",260.0,51.6
ATV-1 Jules Verne,2008-03-09,560.0,5060.076667946818,-3208.256555853871,2859.206078566545,1.3887183197127286,7.44950650226131,7.817552978205773,260.5635816945077,25.511205433752536,,"modeled (gravity-turn analytic, Teofilatto et al. 2022)",Ariane 5 ES,"Kourou, French Guiana",260.0,51.6
ATV-1 Jules Verne,2008-03-09,565.0,5066.516413300784,-3167.226264729235,2893.2785021383243,1.257494432215661,7.406466922094764,7.680654325014143,260.5354026097823,25.837601139452314,,"modeled (gravity-turn analytic, Teofilatto et al. 2022)",Ariane 5 ES,"Kourou, French Guiana",260.0,51.6
ATV-1 Jules Verne,2008-03-09,570.0,5072.54923815887,-3126.5247022141334,2926.7190913104914,1.1298960297481044,7.36019268871497,7.544094881825559,260.50722352505693,26.158826927390205,,"modeled (gravity-turn analytic, Teofilatto et al. 2022)",Ariane 5 ES,"Kourou, French Guiana",260.0,51.6
ATV-1 Jules Verne,2008-03-09,575.0,5078.187534464507,-3086.1632248713377,2959.5322096171935,1.0059343786457728,7.310784525013055,7.40791993114653,260.47904444033156,26.47489235368853,,"modeled (gravity-turn analytic, Teofilatto et al. 2022)",Ariane 5 ES,"Kourou, French Guiana",260.0,51.6
ATV-1 Jules Verne,2008-03-09,580.0,5083.443612015837,-3046.1528821321604,2991.722331397085,0.8856181881709859,7.25834236475068,7.272173058012143,260.45086535560614,26.78580784989822,,"modeled (gravity-turn analytic, Teofilatto et al. 2022)",Ariane 5 ES,"Kourou, French Guiana",260.0,51.6
ATV-1 Jules Verne,2008-03-09,585.0,5088.329692983115,-3006.504419631882,3023.2940343971272,0.7689536603448281,7.202965279595879,7.136896170740523,260.4226862708808,27.091584704518965,,"modeled (gravity-turn analytic, Teofilatto et al. 2022)",Ariane 5 ES,"Kourou, French Guiana",260.0,51.6
ATV-1 Jules Verne,2008-03-09,590.0,5092.8579066087705,-2967.2282826635874,3054.25199247821,0.6559445402814115,7.144751408105492,7.0021295228127745,260.3945071861554,27.392235043809073,,"modeled (gravity-turn analytic, Teofilatto et al. 2022)",Ariane 5 ES,"Kourou, French Guiana",260.0,51.6
ATV-1 Jules Verne,2008-03-09,595.0,5097.040284088197,-2928.334619742832,3084.600968425488,0.5465921670045428,7.083797886696241,6.867911735802993,260.36632810143,27.687771811879916,,"modeled (gravity-turn analytic, Teofilatto et al. 2022)",Ariane 5 ES,"Kourou, French Guiana",260.0,51.6
ATV-1 Jules Verne,2008-03-09,600.0,5100.8887536291695,-2889.8332862756947,3114.345806866159,0.4408955247260826,7.020200782646056,6.734279823283603,260.3381490167046,27.97820875007244,,"modeled (gravity-turn analytic, Teofilatto et al. 2022)",Ariane 5 ES,"Kourou, French Guiana",260.0,51.6
ATV-1 Jules Verne,2008-03-09,605.0,5104.415135687683,-2851.7338483228814,3143.4914272972237,0.3388512945641278,6.954055029166847,6.601269215632145,260.30996993197925,28.263560375615924,,"modeled (gravity-turn analytic, Teofilatto et al. 2022)",Ariane 5 ES,"Kourou, French Guiana",260.0,51.6
ATV-1 Jules Verne,2008-03-09,610.0,5107.631138377911,-2814.0455864526607,3172.0428172256075,0.2404539066778841,6.885454362589199,6.468913785666398,260.28179084725383,28.543841959571346,,"modeled (gravity-turn analytic, Teofilatto et al. 2022)",Ariane 5 ES,"Kourou, French Guiana",260.0,51.6
ATV-1 Jules Verne,2008-03-09,615.0,5110.54835305385,-2776.777499675517,3200.0050254228095,0.14569559279475203,6.814491261698821,6.337245875035842,260.25361176252846,28.819069504064455,,"modeled (gravity-turn analytic, Teofilatto et al. 2022)",Ariane 5 ES,"Kourou, French Guiana",260.0,51.6
ATV-1 Jules Verne,2008-03-09,620.0,5113.178250060093,-2739.9383094535433,3227.3831552961324,0.054566439103705316,6.741256889263576,6.206296321298328,260.2254326778031,29.089259718816248,,"modeled (gravity-turn analytic, Teofilatto et al. 2022)",Ariane 5 ES,"Kourou, French Guiana",260.0,51.6
ATV-1 Jules Verne,2008-03-09,625.0,5115.532174649148,-2703.5364637777175,3254.182358378335,-0.03294556051247996,6.665841035788962,6.076094485612143,260.1972535930777,29.354429996980855,,"modeled (gravity-turn analytic, Teofilatto et al. 2022)",Ariane 5 ES,"Kourou, French Guiana",260.0,51.6
ATV-1 Jules Verne,2008-03-09,630.0,5117.621343062567,-2667.580141306328,3280.4078279374185,-0.11685445093514804,6.588332065538618,5.94666828097466,260.1690745083523,29.61459839030364,,"modeled (gravity-turn analytic, Teofilatto et al. 2022)",Ariane 5 ES,"Kourou, French Guiana",260.0,51.6
ATV-1 Jules Verne,2008-03-09,635.0,5119.456838773073,-2632.0772555579642,3306.0647927080918,-0.1971762619884215,6.508816864855123,5.818044200940213,260.14089542362694,29.869783583614712,,"modeled (gravity-turn analytic, Teofilatto et al. 2022)",Ariane 5 ES,"Kourou, French Guiana",260.0,51.6
ATV-1 Jules Verne,2008-03-09,640.0,5121.049608884875,-2597.0354591526016,3331.158510746316,-0.27392895437089154,6.427380792814748,5.690247348751063,260.1127163389015,30.120004868675487,,"modeled (gravity-turn analytic, Teofilatto et al. 2022)",Ariane 5 ES,"Kourou, French Guiana",260.0,51.6
ATV-1 Jules Verne,2008-03-09,645.0,5122.410460689166,-2562.46214809446,3355.6942634081743,-0.34713236537418707,6.344107634248147,5.563301466816813,260.08453725417615,30.365282117398557,,"modeled (gravity-turn analytic, Teofilatto et al. 2022)",Ariane 5 ES,"Kourou, French Guiana",260.0,51.6
ATV-1 Jules Verne,2008-03-09,650.0,5123.550058371872,-2528.364466090466,3379.677349454184,-0.416808154423989,6.259079555157037,5.437228966479106,260.0563581694508,30.605635754463353,,"modeled (gravity-turn analytic, Teofilatto et al. 2022)",Ariane 5 ES,"Kourou, French Guiana",260.0,51.6
ATV-1 Jules Verne,2008-03-09,655.0,5124.478919870564,-2494.749308898254,3403.113079280037,-0.48297974848062447,6.17237706055487,5.312050957999961,260.02817908472537,30.841086729352785,,"modeled (gravity-turn analytic, Teofilatto et al. 2022)",Ariane 5 ES,"Kourou, French Guiana",260.0,51.6
ATV-1 Jules Verne,2008-03-09,660.0,5125.207413877444,-2461.6233286978354,3426.0067692745843,-0.5456722873379721,6.084078954757264,5.187787280713797,260.0,31.0716564878378,,"modeled (gravity-turn analytic, Teofilatto et al. 2022)",Ariane 5 ES,"Kourou, French Guiana",260.0,51.6
ATV-2 Johannes Kepler,2011-02-16,0.0,3842.332099353812,-5057.501776739878,582.0579071856242,0.36940520273507393,0.27939815061612017,9.80472234271541e-05,0.0,5.236,,"modeled (gravity-turn analytic, Teofilatto et al. 2022)",Ariane 5 ES,"Kourou, French Guiana",300.0,51.6
ATV-2 Johannes Kepler,2011-02-16,5.0,3844.2952124515336,-5056.234193985521,582.0920405290341,0.41701432617318235,0.22914986755543876,0.015824137497997593,0.18104228618442494,5.236158867332183,,"modeled (gravity-turn analytic, Teofilatto et al. 2022)",Ariane 5 ES,"Kourou, French Guiana",300.0,51.6
ATV-2 Johannes Kepler,2011-02-16,10.0,3846.51043029537,-5055.197347374133,582.2335565338796,0.46969770705390235,0.1867794831779701,0.042248292525107575,0.7076152593846562,5.237001861626929,,"modeled (gravity-turn analytic, Teofilatto et al. 2022)",Ariane 5 ES,"Kourou, French Guiana",300.0,51.6
ATV-2 Johannes Kepler,2011-02-16,15.0,3848.9972700036856,-5054.355038748844,582.527576582517,0.5254522839636468,0.15123674042179036,0.07653717142285657,1.5670072170087423,5.238946078864639,,"modeled (gravity-turn analytic, Teofilatto et al. 2022)",Ariane 5 ES,"Kourou, French Guiana",300.0,51.6
ATV-2 Johannes Kepler,2011-02-16,20.0,3851.768379710316,-5053.674388198658,583.0097126560258,0.5832711783225638,0.12205156034744433,0.11731070726995102,2.7441929013817203,5.2423242715529526,,"modeled (gravity-turn analytic, Teofilatto et al. 2022)",Ariane 5 ES,"Kourou, French Guiana",300.0,51.6
ATV-2 Johannes Kepler,2011-02-16,25.0,3854.832280251379,-5053.1245048974515,583.7098825766582,0.6424703561905288,0.09887588390860635,0.16361458182073374,4.222782860945965,5.247418385777631,,"modeled (gravity-turn analytic, Teofilatto et al. 2022)",Ariane 5 ES,"Kourou, French Guiana",300.0,51.6
ATV-2 Johannes Kepler,2011-02-16,30.0,3858.1945469541683,-5052.676105537258,584.6538226939284,0.7025406266864576,0.08140817713337428,0.21471161732909427,5.985577301023181,5.254472696812159,,"modeled (gravity-turn analytic, Teofilatto et al. 2022)",Ariane 5 ES,"Kourou, French Guiana",300.0,51.6
ATV-2 Johannes Kepler,2011-02-16,35.0,3861.8585123192056,-5052.301349248561,585.8639443182509,0.76308617095362,0.06937032565772766,0.2700007630959096,8.014944171330848,5.263701202686037,,"modeled (gravity-turn analytic, Teofilatto et al. 2022)",Ariane 5 ES,"Kourou, French Guiana",300.0,51.6
ATV-2 Johannes Kepler,2011-02-16,40.0,3865.8257443910006,-5051.973744540618,587.3599029504855,0.8237919556632631,0.06249923155346779,0.328976772265779,10.293093310718204,5.275292538310747,,"modeled (gravity-turn analytic, Teofilatto et al. 2022)",Ariane 5 ES,"Kourou, French Guiana",300.0,51.6
ATV-2 Johannes Kepler,2011-02-16,45.0,3870.096397704667,-5051.668083143797,589.1590139477397,0.8844038022209408,0.06054363516648431,0.39120687861522546,12.802281005277425,5.289413581632704,,"modeled (gravity-turn analytic, Teofilatto et al. 2022)",Ariane 5 ES,"Kourou, French Guiana",300.0,51.6
ATV-2 Johannes Kepler,2011-02-16,50.0,3874.6694824667093,-5051.360383998739,591.2765745381885,0.9447149960466488,0.06326294720632458,0.4563157891075986,15.52496439789433,5.306212271545995,,"modeled (gravity-turn analytic, Teofilatto et al. 2022)",Ariane 5 ES,"Kourou, French Guiana",300.0,51.6
ATV-2 Johannes Kepler,2011-02-16,55.0,3879.5430770515904,-5051.027840794647,593.7261233222146,1.0045566976130509,0.0704268676121359,0.5239752510562603,18.4439183263508,5.32581990418527,,"modeled (gravity-turn analytic, Teofilatto et al. 2022)",Ariane 5 ES,"Kourou, French Guiana",300.0,51.6
ATV-2 Johannes Kepler,2011-02-16,60.0,3884.714498941952,-5050.648770620278,596.5196549886429,1.0637907630311703,0.08181527515477777,0.593896363848598,21.54232331345151,5.348353057112333,,"modeled (gravity-turn analytic, Teofilatto et al. 2022)",Ariane 5 ES,"Kourou, French Guiana",300.0,51.6
ATV-2 Johannes Kepler,2011-02-16,65.0,3890.180444197469,-5050.202562900861,599.6678015200725,1.122304196148241,0.09721817743837335,0.6658236656729404,24.803831128050387,5.373915235141643,,"modeled (gravity-turn analytic, Teofilatto et al. 2022)",Ariane 5 ES,"Kourou, French Guiana",300.0,51.6
ATV-2 Johannes Kepler,2011-02-16,70.0,3895.93710194828,-5049.66962885746,603.1799866236516,1.1800047634611714,0.11643561126551066,0.7395304221148973,28.212612626984498,5.402598292533191,,"modeled (gravity-turn analytic, Teofilatto et al. 2022)",Ariane 5 ES,"Kourou, French Guiana",300.0,51.6
ATV-2 Johannes Kepler,2011-02-16,75.0,3901.980249450984,-5049.031351531661,607.064559234867,1.2368174695289222,0.139277496595193,0.8148147979846013,31.753391803452832,5.434483679282689,,"modeled (gravity-turn analytic, Teofilatto et al. 2022)",Ariane 5 ES,"Kourou, French Guiana",300.0,51.6
ATV-2 Johannes Kepler,2011-02-16,80.0,3908.305331427485,-5048.270036403595,611.3289100263218,1.292681686618452,0.16556342753639908,0.8914966817995597,35.41146869880943,5.46964354336018,,"modeled (gravity-turn analytic, Teofilatto et al. 2022)",Ariane 5 ES,"Kourou, French Guiana",300.0,51.6
ATV-2 Johannes Kepler,2011-02-16,85.0,3914.907525726597,-5047.368863815379,615.9795722535152,1.3475488006029852,0.1951223689905921,0.9694149942101695,39.172733512737395,5.508141697931404,,"modeled (gravity-turn analytic, Teofilatto et al. 2022)",Ariane 5 ES,"Kourou, French Guiana",300.0,51.6
ATV-2 Johannes Kepler,2011-02-16,90.0,3921.7817986787636,-5046.311842785526,621.0223107934111,1.4013802609961319,0.227792344195351,1.0484254202694103,43.02367402060027,5.550034485666404,,"modeled (gravity-turn analytic, Teofilatto et al. 2022)",Ariane 5 ES,"Kourou, French Guiana",300.0,51.6
ATV-2 Johannes Kepler,2011-02-16,95.0,3928.9229520743957,-5045.0837656697295,626.4622018009935,1.4541459512350208,0.26342009323589466,1.1283984625155914,46.95137731019791,5.595371560465827,,"modeled (gravity-turn analytic, Teofilatto et al. 2022)",Ariane 5 ES,"Kourou, French Guiana",300.0,51.6
ATV-2 Johannes Kepler,2011-02-16,100.0,3936.325661011463,-5043.670166825207,632.3037000049906,1.5058228455530789,0.30186063787528644,1.2092177333600975,50.943527594902925,5.644196558013669,,"modeled (gravity-turn analytic, Teofilatto et al. 2022)",Ariane 5 ES,"Kourou, French Guiana",300.0,51.6
ATV-2 Johannes Kepler,2011-02-16,105.0,3943.9845081407666,-5042.05727978242,638.5507032918417,1.556393846623733,0.3429769696155654,1.2907785260801214,54.98840012518164,5.6965477413799475,,"modeled (gravity-turn analytic, Teofilatto et al. 2022)",Ariane 5 ES,"Kourou, French Guiana",300.0,51.6
ATV-2 Johannes Kepler,2011-02-16,110.0,3951.8940095578278,-5040.2320009787245,645.2066039787883,1.6058468550451548,0.38663954964653513,1.372986500280636,59.074853612314016,5.752458524434034,,"modeled (gravity-turn analytic, Teofilatto et al. 2022)",Ariane 5 ES,"Kourou, French Guiana",300.0,51.6
ATV-2 Johannes Kepler,2011-02-16,115.0,3960.0486396298957,-5038.181849847442,652.2743415529216,1.6541739216996594,0.43272602666724175,1.4557566081938085,63.19231909362045,5.811958007183282,,"modeled (gravity-turn analytic, Teofilatto et al. 2022)",Ariane 5 ES,"Kourou, French Guiana",300.0,51.6
ATV-2 Johannes Kepler,2011-02-16,120.0,3968.442848583858,-5035.894937529013,659.7564418404696,1.7013706054984663,0.48112072085760116,1.5390120745211826,67.33078960663981,5.875071384554534,,"modeled (gravity-turn analytic, Teofilatto et al. 2022)",Ariane 5 ES,"Kourou, French Guiana",300.0,51.6
ATV-2 Johannes Kepler,2011-02-16,125.0,3977.071080683112,-5033.359930031605,667.6550607147975,1.7474353402808036,0.5317143733697731,1.6226835725404298,71.48080620772781,5.941820394690868,,"modeled (gravity-turn analytic, Teofilatto et al. 2022)",Ariane 5 ES,"Kourou, French Guiana",300.0,51.6
ATV-2 Johannes Kepler,2011-02-16,130.0,3985.9277857804354,-5030.566020597192,675.972014473547,1.7923689892103156,0.5844036649347861,1.706708436179154,75.63344566933907,6.012223642242363,,"modeled (gravity-turn analytic, Teofilatto et al. 2022)",Ariane 5 ES,"Kourou, French Guiana",300.0,51.6
ATV-2 Johannes Kepler,2011-02-16,135.0,3995.0074324886377,-5027.502898544959,684.7088144231624,1.8361743894976854,0.6390909297629355,1.7910299990541725,79.78030676897053,6.086296956326533,,"modeled (gravity-turn analytic, Teofilatto et al. 2022)",Ariane 5 ES,"Kourou, French Guiana",300.0,51.6
ATV-2 Johannes Kepler,2011-02-16,140.0,4004.304516095409,-5024.160720865661,693.8666940722018,1.878855995732332,0.6956838260387055,1.8755970071691386,83.91349468464958,6.164053680159816,,"modeled (gravity-turn analytic, Teofilatto et al. 2022)",Ariane 5 ES,"Kourou, French Guiana",300.0,51.6
ATV-2 Johannes Kepler,2011-02-16,145.0,4013.813566890809,-5020.530090168697,703.4466323686046,1.9204196137451341,0.7540949217125049,1.9603630669343701,88.02561012950041,6.245504916992036,,"modeled (gravity-turn analytic, Teofilatto et al. 2022)",Ariane 5 ES,"Kourou, French Guiana",300.0,51.6
ATV-2 Johannes Kepler,2011-02-16,150.0,4023.5291571425273,-5016.602024377185,713.449381330526,1.9608720610562616,0.8142415433089855,2.0452862012816064,92.10973170059638,6.330659817857426,,"modeled (gravity-turn analytic, Teofilatto et al. 2022)",Ariane 5 ES,"Kourou, French Guiana",300.0,51.6
ATV-2 Johannes Kepler,2011-02-16,155.0,4033.4459042368717,-5012.367938285247,723.8754814066479,2.000221017785531,0.8760453547642508,2.1303284157400437,96.15940375977895,6.41952575105204,,"modeled (gravity-turn analytic, Teofilatto et al. 2022)",Ariane 5 ES,"Kourou, French Guiana",300.0,51.6
ATV-2 Johannes Kepler,2011-02-16,160.0,4043.558477120161,-5007.819623010075,734.7252818124965,2.0384748270936277,0.9394320901475163,2.2154553192915434,100.16862525646397,6.512108511485325,,"modeled (gravity-turn analytic, Teofilatto et al. 2022)",Ariane 5 ES,"Kourou, French Guiana",300.0,51.6
ATV-2 Johannes Kepler,2011-02-16,165.0,4053.861598557181,-5002.949219323618,745.9989608063313,2.0756422521858333,1.0043314361855145,2.300635805648798,104.13183127439555,6.6084125333957395,,"modeled (gravity-turn analytic, Teofilatto et al. 2022)",Ariane 5 ES,"Kourou, French Guiana",300.0,51.6
ATV-2 Johannes Kepler,2011-02-16,170.0,4064.350046176443,-4997.749204446303,757.6965353095698,2.1117324319636,1.0706766363409352,2.3858417461745454,108.0438830789053,6.7084409967049865,,"modeled (gravity-turn analytic, Teofilatto et al. 2022)",Ariane 5 ES,"Kourou, French Guiana",300.0,51.6
ATV-2 Johannes Kepler,2011-02-16,175.0,4075.0186569846323,-4992.212375327138,769.8178766593945,2.1467547525198203,1.138404268685251,2.471047716477199,111.90005831997902,6.812195984638161,,"modeled (gravity-turn analytic, Teofilatto et al. 2022)",Ariane 5 ES,"Kourou, French Guiana",300.0,51.6
ATV-2 Johannes Kepler,2011-02-16,180.0,4085.862327749882,-4986.331826416507,782.3627259290362,2.18071867063681,1.2074541466735105,2.5562307597905423,115.69603445530367,6.9196786416521565,,"modeled (gravity-turn analytic, Teofilatto et al. 2022)",Ariane 5 ES,"Kourou, French Guiana",300.0,51.6
ATV-2 Johannes Kepler,2011-02-16,185.0,4096.876014197337,-4980.1009348074795,795.330702877833,2.213633653519393,1.2777690817985006,2.6413701744416858,119.42787643762988,7.0308892678547155,,"modeled (gravity-turn analytic, Teofilatto et al. 2022)",Ariane 5 ES,"Kourou, French Guiana",300.0,51.6
ATV-2 Johannes Kepler,2011-02-16,190.0,4108.054732387346,-4973.513350112112,808.7213138957949,2.24550917229846,1.3492945900164446,2.7264473172157073,123.09202931305964,7.1458273966948385,,"modeled (gravity-turn analytic, Teofilatto et al. 2022)",Ariane 5 ES,"Kourou, French Guiana",300.0,51.6
ATV-2 Johannes Kepler,2011-02-16,195.0,4119.3935620277625,-4966.562981336535,822.5339641061191,2.2763546202857707,1.4219787354628892,2.8114454245431606,126.68531029920953,7.264491907440799,,"modeled (gravity-turn analytic, Teofilatto et al. 2022)",Ariane 5 ES,"Kourou, French Guiana",300.0,51.6
ATV-2 Johannes Kepler,2011-02-16,200.0,4130.8876423319725,-4959.243974586107,836.7679681383481,2.306179135918172,1.4957721349124387,2.8963494482933334,130.20488910985165,7.386881136661964,,"modeled (gravity-turn analytic, Teofilatto et al. 2022)",Ariane 5 ES,"Kourou, French Guiana",300.0,51.6
ATV-2 Johannes Kepler,2011-02-16,205.0,4142.532171664726,-4951.550706155779,851.4225540939692,2.334991646834976,1.5706276799984273,2.981145922678155,133.6482816665397,7.5129929126514154,,"modeled (gravity-turn analytic, Teofilatto et al. 2022)",Ariane 5 ES,"Kourou, French Guiana",300.0,51.6
ATV-2 Johannes Kepler,2011-02-16,210.0,4154.322408104891,-4943.477775314469,866.4968687039202,2.3628009034097257,1.6465002922160488,3.0658228427025835,137.01334431165006,7.642824597503951,,"modeled (gravity-turn analytic, Teofilatto et al. 2022)",Ariane 5 ES,"Kourou, French Guiana",300.0,51.6
ATV-2 Johannes Kepler,2011-02-16,215.0,4166.253672056785,-4935.01999159721,881.9899885164681,2.389615375812693,1.723346867289161,3.150369533837099,140.2982660154622,7.776373182785394,,"modeled (gravity-turn analytic, Teofilatto et al. 2022)",Ariane 5 ES,"Kourou, French Guiana",300.0,51.6
ATV-2 Johannes Kepler,2011-02-16,220.0,4178.321341724829,-4926.172360818127,897.9009245456148,2.4154431845742885,1.8011261984720026,3.234776542145796,143.5015543436465,7.9136353327902995,,"modeled (gravity-turn analytic, Teofilatto et al. 2022)",Ariane 5 ES,"Kourou, French Guiana",300.0,51.6
ATV-2 Johannes Kepler,2011-02-16,225.0,4190.520850525155,-4916.930073673107,914.2286271576014,2.440292045839179,1.8797988919461464,3.3190355340300286,146.62202472969142,8.054607424772827,,"modeled (gravity-turn analytic, Teofilatto et al. 2022)",Ariane 5 ES,"Kourou, French Guiana",300.0,51.6
ATV-2 Johannes Kepler,2011-02-16,230.0,4202.847688473825,-4907.288504994499,930.9719876267818,2.4641694088070443,1.9593270635610498,3.4031392410654213,149.65879992409708,8.199285545492868,,"modeled (gravity-turn analytic, Teofilatto et al. 2022)",Ariane 5 ES,"Kourou, French Guiana",300.0,51.6
ATV-2 Johannes Kepler,2011-02-16,235.0,4215.297401807778,-4897.2432017972615,948.1298457599987,2.4870823492726317,2.0396743283520875,3.487081357625287,152.61130074301514,8.347665550278546,,"modeled (gravity-turn analytic, Teofilatto et al. 2022)",Ariane 5 ES,"Kourou, French Guiana",300.0,51.6
ATV-2 Johannes Kepler,2011-02-16,240.0,4227.865593823276,-4886.789876795394,965.7009949558802,2.5090375767713735,2.1208056728240052,3.5708564739825848,155.47924148858093,8.499743091933052,,"modeled (gravity-turn analytic, Teofilatto et al. 2022)",Ariane 5 ES,"Kourou, French Guiana",300.0,51.6
ATV-2 Johannes Kepler,2011-02-16,245.0,4240.547918299231,-4875.924395549276,983.6841840325784,2.5300413309733676,2.2026874642614835,3.6544599911128786,158.2626154167583,8.655513632463727,,"modeled (gravity-turn analytic, Teofilatto et al. 2022)",Ariane 5 ES,"Kourou, French Guiana",300.0,51.6
ATV-2 Johannes Kepler,2011-02-16,250.0,4253.340079659977,-4864.642772664173,1002.0781197327836,2.5500994364389893,2.2852872872678636,3.737888077918492,160.96169148056978,8.814972445223441,,"modeled (gravity-turn analytic, Teofilatto et al. 2022)",Ariane 5 ES,"Kourou, French Guiana",300.0,51.6
ATV-2 Johannes Kepler,2011-02-16,255.0,4266.237833904677,-4852.941169197932,1020.8814691821177,2.5692173840304258,2.368573760709097,3.8211376419453216,163.577012493615,8.978114612894423,,"modeled (gravity-turn analytic, Teofilatto et al. 2022)",Ariane 5 ES,"Kourou, French Guiana",300.0,51.6
ATV-2 Johannes Kepler,2011-02-16,260.0,4279.236987853482,-4840.815882909113,1040.0928656648223,2.587400217952868,2.4525165630494428,3.9042062453796413,166.1093874494621,9.144935061174868,,"modeled (gravity-turn analytic, Teofilatto et al. 2022)",Ariane 5 ES,"Kourou, French Guiana",300.0,51.6
ATV-2 Johannes Kepler,2011-02-16,265.0,4292.333397709906,-4828.263343778551,1059.7109099725626,2.6046525714903606,2.537086313988147,3.987092073992911,168.55988672741137,9.3154285480747,,"modeled (gravity-turn analytic, Teofilatto et al. 2022)",Ariane 5 ES,"Kourou, French Guiana",300.0,51.6
ATV-2 Johannes Kepler,2011-02-16,270.0,4305.52296389147,-4815.280105604736,1079.734170654549,2.620978589917321,2.6222545779429,4.069793874825608,170.92983179432926,9.489589650151341,,"modeled (gravity-turn analytic, Teofilatto et al. 2022)",Ariane 5 ES,"Kourou, French Guiana",300.0,51.6
ATV-2 Johannes Kepler,2011-02-16,275.0,4318.801632561529,-4801.862844211332,1100.161186596819,2.6363820167486645,2.7079937038830715,4.152310947905844,173.2207945741596,9.667412754594231,,"modeled (gravity-turn analytic, Teofilatto et al. 2022)",Ariane 5 ES,"Kourou, French Guiana",300.0,51.6
ATV-2 Johannes Kepler,2011-02-16,280.0,4332.165395333054,-4788.008353451126,1120.9904692602881,2.6508662055202423,2.794276743603244,4.23464311571,175.43459397922263,9.848892050697565,,"modeled (gravity-turn analytic, Teofilatto et al. 2022)",Ariane 5 ES,"Kourou, French Guiana",300.0,51.6
ATV-2 Johannes Kepler,2011-02-16,285.0,4345.610289384836,-4773.71353941839,1142.2205066307388,2.6644340700849525,2.881077431930406,4.31679067268511,177.57329175341027,10.034021536193302,,"modeled (gravity-turn analytic, Teofilatto et al. 2022)",Ariane 5 ES,"Kourou, French Guiana",300.0,51.6
ATV-2 Johannes Kepler,2011-02-16,290.0,4359.132393459979,-4758.975416221984,1163.8497617797987,2.6770880811026396,2.9683701321445835,4.398754357672506,179.63918586607736,10.222794978390576,,"modeled (gravity-turn analytic, Teofilatto et al. 2022)",Ariane 5 ES,"Kourou, French Guiana",300.0,51.6
ATV-2 Johannes Kepler,2011-02-16,295.0,4372.727825310385,-4743.791101562187,1185.876673088602,2.6888302437807763,3.056129800473474,4.480535320348326,181.63480497004502,10.415205887576453,,"modeled (gravity-turn analytic, Teofilatto et al. 2022)",Ariane 5 ES,"Kourou, French Guiana",300.0,51.6
ATV-2 Johannes Kepler,2011-02-16,300.0,4386.392743687544,-4728.157814888211,1208.29965738789,2.699662177339216,3.144331857868359,4.562135127909852,183.56290828648713,10.611247506547494,,"modeled (gravity-turn analytic, Teofilatto et al. 2022)",Ariane 5 ES,"Kourou, French Guiana",300.0,51.6
ATV-2 Johannes Kepler,2011-02-16,305.0,4400.123346831112,-4712.072873730339,1231.1171107494188,2.7095850809937647,3.232952166872857,4.643555727525759,185.42648145224618,10.810912784202051,,"modeled (gravity-turn analytic, Teofilatto et al. 2022)",Ariane 5 ES,"Kourou, French Guiana",300.0,51.6
ATV-2 Johannes Kepler,2011-02-16,310.0,4413.915873773139,-4695.5336903159705,1254.327412018779,2.7185997437813207,3.3219669719495717,4.724799428881129,187.22873498998194,11.014194367974786,,"modeled (gravity-turn analytic, Teofilatto et al. 2022)",Ariane 5 ES,"Kourou, French Guiana",300.0,51.6
ATV-2 Johannes Kepler,2011-02-16,315.0,4427.766598512577,-4678.53776864738,1277.9289186005944,2.7267065027909565,3.411352893344429,4.805868869608008,188.97309688122482,11.221084536088446,,"modeled (gravity-turn analytic, Teofilatto et al. 2022)",Ariane 5 ES,"Kourou, French Guiana",300.0,51.6
ATV-2 Johannes Kepler,2011-02-16,320.0,4441.671829668144,-4661.082701936545,1301.919967708395,2.733905259997872,3.501086868423956,4.886767005020615,190.6632100138097,11.43157516935229,,"modeled (gravity-turn analytic, Teofilatto et al. 2022)",Ariane 5 ES,"Kourou, French Guiana",300.0,51.6
ATV-2 Johannes Kepler,2011-02-16,325.0,4455.627912512183,-4643.166170396128,1326.2988798450936,2.7401955440025145,3.5911460564386064,4.9674971187305115,192.30293194877868,11.64565773738737,,"modeled (gravity-turn analytic, Teofilatto et al. 2022)",Ariane 5 ES,"Kourou, French Guiana",300.0,51.6
ATV-2 Johannes Kepler,2011-02-16,330.0,4469.631226936691,-4624.785939141427,1351.0639579734068,2.7455764681496513,3.6815078313000877,5.048062786512203,193.8963311862169,11.8633232512175,,"modeled (gravity-turn analytic, Teofilatto et al. 2022)",Ariane 5 ES,"Kourou, French Guiana",300.0,51.6
ATV-2 Johannes Kepler,2011-02-16,335.0,4483.678189343403,-4605.939855454086,1376.2134912320764,2.7500467569595943,3.7721497199036724,5.12846787340042,195.44768653924882,12.084562249533112,,"modeled (gravity-turn analytic, Teofilatto et al. 2022)",Ariane 5 ES,"Kourou, French Guiana",300.0,51.6
ATV-2 Johannes Kepler,2011-02-16,340.0,4497.765246347792,-4586.625848095978,1401.745748677223,2.753604702815442,3.8630494050648525,5.208716501474091,196.96148029752558,12.309364706267838,,"modeled (gravity-turn analytic, Teofilatto et al. 2022)",Ariane 5 ES,"Kourou, French Guiana",300.0,51.6
ATV-2 Johannes Kepler,2011-02-16,345.0,4511.888875310707,-4566.841925248448,1427.6589811167157,2.7562481893722275,3.9541846717877833,5.288813048099907,198.44239659536765,12.537719999799512,,"modeled (gravity-turn analytic, Teofilatto et al. 2022)",Ariane 5 ES,"Kourou, French Guiana",300.0,51.6
ATV-2 Johannes Kepler,2011-02-16,350.0,4526.04558671489,-4546.586172031635,1453.951425166481,2.757974743209037,4.045533332497293,5.3687621587338175,199.8953212549098,12.769616897748952,,"modeled (gravity-turn analytic, Teofilatto et al. 2022)",Ariane 5 ES,"Kourou, French Guiana",300.0,51.6
ATV-2 Johannes Kepler,2011-02-16,355.0,4540.23192180825,-4525.856750123855,1480.6213008873526,2.7587815007724594,4.137073219649453,5.448568716913836,201.32533845058606,13.005043489237533,,"modeled (gravity-turn analytic, Teofilatto et al. 2022)",Ariane 5 ES,"Kourou, French Guiana",300.0,51.6
ATV-2 Johannes Kepler,2011-02-16,360.0,4554.44445533315,-4504.651895078703,1507.6668163587674,2.758665233768743,4.228782133694861,5.528237844793475,202.7377307406173,13.24398717120529,,"modeled (gravity-turn analytic, Teofilatto et al. 2022)",Ariane 5 ES,"Kourou, French Guiana",300.0,51.6
ATV-2 Johannes Kepler,2011-02-16,365.0,4568.679789127879,-4482.9699175981905,1535.0861599398265,2.7576223179047856,4.320637842912398,5.607774877440805,204.1379726910299,13.486434536336699,,"modeled (gravity-turn analytic, Teofilatto et al. 2022)",Ariane 5 ES,"Kourou, French Guiana",300.0,51.6
ATV-2 Johannes Kepler,2011-02-16,370.0,4582.934552383124,-4460.809202106212,1562.8775013829456,2.7556487477750506,4.412618045128946,5.687185359631977,205.53172901056405,13.732371330121303,,"modeled (gravity-turn analytic, Teofilatto et al. 2022)",Ariane 5 ES,"Kourou, French Guiana",300.0,51.6
ATV-2 Johannes Kepler,2011-02-16,375.0,4597.205404634741,-4438.168203952942,1591.0389967727826,2.7527401824304785,4.504700306971361,5.76647505908976,206.92485454878675,13.981782436952574,,"modeled (gravity-turn analytic, Teofilatto et al. 2022)",Ariane 5 ES,"Kourou, French Guiana",300.0,51.6
ATV-2 Johannes Kepler,2011-02-16,380.0,4611.48903412581,-4415.045449695798,1619.568786453579,2.74889193768163,4.596862044407698,5.845649950253337,208.32339149988985,14.234651807997794,,"modeled (gravity-turn analytic, Teofilatto et al. 2022)",Ariane 5 ES,"Kourou, French Guiana",300.0,51.6
ATV-2 Johannes Kepler,2011-02-16,385.0,4625.782159754977,-4391.439535699433,1648.4649978863179,2.744098987719887,4.689080494971003,5.924716202317517,209.73356904337024,14.490962426764689,,"modeled (gravity-turn analytic, Teofilatto et al. 2022)",Ariane 5 ES,"Kourou, French Guiana",300.0,51.6
ATV-2 Johannes Kepler,2011-02-16,390.0,4640.081527081995,-4367.349129186437,1677.725740581087,2.7383559678284493,4.78133269843989,6.0036801709697745,211.16179841409746,14.750696212429892,,"modeled (gravity-turn analytic, Teofilatto et al. 2022)",Ariane 5 ES,"Kourou, French Guiana",300.0,51.6
ATV-2 Johannes Kepler,2011-02-16,395.0,4654.383906030965,-4342.772968978774,1707.3491030163434,2.7316571688078763,4.8735954823484064,6.082548383951121,212.61466914848086,15.013833937612539,,"modeled (gravity-turn analytic, Teofilatto et al. 2022)",Ariane 5 ES,"Kourou, French Guiana",300.0,51.6
ATV-2 Johannes Kepler,2011-02-16,400.0,4668.6860943890715,-4317.70986265473,1737.3331581460711,2.723996576524452,4.965845413628544,6.16132755144926,214.0989490844695,15.280355213751806,,"modeled (gravity-turn analytic, Teofilatto et al. 2022)",Ariane 5 ES,"Kourou, French Guiana",300.0,51.6
ATV-2 Johannes Kepler,2011-02-16,405.0,4682.98491917769,-4292.15868513915,1767.675965671536,2.715367896602439,5.058058763066582,6.240024567663394,215.62158302940227,15.550238449210047,,"modeled (gravity-turn analytic, Teofilatto et al. 2022)",Ariane 5 ES,"Kourou, French Guiana",300.0,51.6
ATV-2 Johannes Kepler,2011-02-16,410.0,4697.277234164496,-4266.118381406677,1798.3755673551736,2.705764529479524,5.150211504646062,6.318646480556492,217.18968940940522,15.823460748404328,,"modeled (gravity-turn analytic, Teofilatto et al. 2022)",Ariane 5 ES,"Kourou, French Guiana",300.0,51.6
ATV-2 Johannes Kepler,2011-02-16,415.0,4711.559922695785,-4239.587963908496,1829.4299916434313,2.6951796093629072,5.242279273905195,6.397200501790597,218.81055953049818,16.09999788757744,,"modeled (gravity-turn analytic, Teofilatto et al. 2022)",Ariane 5 ES,"Kourou, French Guiana",300.0,51.6
ATV-2 Johannes Kepler,2011-02-16,420.0,4725.829890523891,-4212.566516883019,1860.8372429687568,2.6836059844823237,5.33423737466752,6.475693981520301,220.4916498144867,16.379824168776953,,"modeled (gravity-turn analytic, Teofilatto et al. 2022)",Ariane 5 ES,"Kourou, French Guiana",300.0,51.6
ATV-2 Johannes Kepler,2011-02-16,425.0,4740.08406922505,-4185.053194149572,1892.5953067173295,2.6710362495781577,5.4260607437749915,6.554134412170989,222.24058133510988,16.66291239674346,,"modeled (gravity-turn analytic, Teofilatto et al. 2022)",Ariane 5 ES,"Kourou, French Guiana",300.0,51.6
ATV-2 Johannes Kepler,2011-02-16,430.0,4754.319420094063,-4157.047216376272,1924.7021550692111,2.6574627829991586,5.51772391405966,6.632529434550817,224.06513967986038,16.949233861835232,,"modeled (gravity-turn analytic, Teofilatto et al. 2022)",Ariane 5 ES,"Kourou, French Guiana",300.0,51.6
ATV-2 Johannes Kepler,2011-02-16,435.0,4768.5329303521885,-4128.547874359901,1957.1557405449487,2.6428777404198414,5.609201011881484,6.710886815288041,225.97326948240342,17.23875822463451,,"modeled (gravity-turn analytic, Teofilatto et al. 2022)",Ariane 5 ES,"Kourou, French Guiana",300.0,51.6
ATV-2 Johannes Kepler,2011-02-16,440.0,4782.721618738715,-4099.554527058378,1989.954003048691,2.627273083490447,5.700465725462592,6.7892144435073405,227.973076052701,17.53145350359537,,"modeled (gravity-turn analytic, Teofilatto et al. 2022)",Ariane 5 ES,"Kourou, French Guiana",300.0,51.6
ATV-2 Johannes Kepler,2011-02-16,445.0,4796.882528375761,-4070.0666050039,2023.0948598547518,2.6106405832615858,5.791491307135155,6.867520315909442,230.07281599217464,17.827285936759157,,"modeled (gravity-turn analytic, Teofilatto et al. 2022)",Ariane 5 ES,"Kourou, French Guiana",300.0,51.6
ATV-2 Johannes Kepler,2011-02-16,450.0,4811.012726254157,-4040.0836112055727,2056.576204259769,2.5929718368085775,5.882250561167739,6.945812525942982,232.2808931168077,18.126219908169833,,"modeled (gravity-turn analytic, Teofilatto et al. 2022)",Ariane 5 ES,"Kourou, French Guiana",300.0,51.6
ATV-2 Johannes Kepler,2011-02-16,455.0,4825.109308024001,-4009.6051187580447,2090.3959121002413,2.5742583055656723,5.972715814449905,7.02409926469071,234.6058584571452,18.42821793425144,,"modeled (gravity-turn analytic, Teofilatto et al. 2022)",Ariane 5 ES,"Kourou, French Guiana",300.0,51.6
ATV-2 Johannes Kepler,2011-02-16,460.0,4839.169400627323,-3978.6307695122555,2124.5518452689553,2.5544913480588662,6.062858894653866,7.102388817336735,237.0564084585319,18.73324062739034,,"modeled (gravity-turn analytic, Teofilatto et al. 2022)",Ariane 5 ES,"Kourou, French Guiana",300.0,51.6
ATV-2 Johannes Kepler,2011-02-16,465.0,4853.19015759021,-3947.1602790029356,2159.0418431158505,2.5336622179410657,6.152651137631337,7.18068953416398,239.64137753683934,19.04124656517824,,"modeled (gravity-turn analytic, Teofilatto et al. 2022)",Ariane 5 ES,"Kourou, French Guiana",300.0,51.6
ATV-2 Johannes Kepler,2011-02-16,470.0,4867.168766733501,-3915.1934332380874,2193.863732569016,2.511762111884688,6.242063355168381,7.2590098322361625,242.36974047073306,19.352192302079366,,"modeled (gravity-turn analytic, Teofilatto et al. 2022)",Ariane 5 ES,"Kourou, French Guiana",300.0,51.6
ATV-2 Johannes Kepler,2011-02-16,475.0,4881.10243904532,-3882.7300935045428,2229.015312984429,2.488782172297077,6.331065856361663,7.33735817276165,245.2505973688161,19.666032202007386,,"modeled (gravity-turn analytic, Teofilatto et al. 2022)",Ariane 5 ES,"Kourou, French Guiana",300.0,51.6
ATV-2 Johannes Kepler,2011-02-16,480.0,4894.9884123771235,-3849.7701956953583,2264.4943602813933,2.4647135237920264,6.419628431850702,7.415743052477022,248.29317202451384,19.982718408887852,,"modeled (gravity-turn analytic, Teofilatto et al. 2022)",Ariane 5 ES,"Kourou, French Guiana",300.0,51.6
ATV-2 Johannes Kepler,2011-02-16,485.0,4908.823956979148,-3816.3137486452256,2300.2986336921754,2.439547316599824,6.507720333749361,7.49417299736887,251.50681191607387,20.302200836243788,,"modeled (gravity-turn analytic, Teofilatto et al. 2022)",Ariane 5 ES,"Kourou, French Guiana",300.0,51.6
ATV-2 Johannes Kepler,2011-02-16,490.0,4922.606376695738,-3782.3608339107004,2336.4258769785874,2.413274761828235,6.595310268359337,7.572656550924465,254.90098394086908,20.62442711958922,,"modeled (gravity-turn analytic, Teofilatto et al. 2022)",Ariane 5 ES,"Kourou, French Guiana",300.0,51.6
ATV-2 Johannes Kepler,2011-02-16,495.0,4936.333004933358,-3747.911610523019,2372.8738106431833,2.385887146202514,6.682366408869806,7.65120224506364,258.4852656652643,20.94934250141222,,"modeled (gravity-turn analytic, Teofilatto et al. 2022)",Ariane 5 ES,"Kourou, French Guiana",300.0,51.6
ATV-2 Johannes Kepler,2011-02-16,500.0,4950.001212561979,-3712.966312596504,2409.640141636362,2.3573758867789083,6.768856374077962,7.729818595016105,262.26934713169095,21.276889844499166,,"modeled (gravity-turn analytic, Teofilatto et al. 2022)",Ariane 5 ES,"Kourou, French Guiana",300.0,51.6
ATV-2 Johannes Kepler,2011-02-16,505.0,4963.608395333379,-3677.5252520434965,2446.7225482197546,2.3277325474454234,6.854747262001608,7.80851407789688,266.26301125824455,21.607009488018814,,"modeled (gravity-turn analytic, Teofilatto et al. 2022)",Ariane 5 ES,"Kourou, French Guiana",300.0,51.6
ATV-2 Johannes Kepler,2011-02-16,510.0,4977.151979152324,-3641.5888185264853,2484.1186852604865,2.296948886291885,6.9400056417278995,7.887297118031612,270.4761327711737,21.939639234123945,,"modeled (gravity-turn analytic, Teofilatto et al. 2022)",Ariane 5 ES,"Kourou, French Guiana",300.0,51.6
ATV-2 Johannes Kepler,2011-02-16,515.0,4990.6294263868585,-3605.1574790970017,2521.8261908162312,2.2650169072205033,7.024597543984637,7.966176072388054,274.9186782048795,22.274714343750574,,"modeled (gravity-turn analytic, Teofilatto et al. 2022)",Ariane 5 ES,"Kourou, French Guiana",300.0,51.6
ATV-2 Johannes Kepler,2011-02-16,520.0,5004.0382390938075,-3568.2317782198766,2559.8426892515276,2.2319289080157265,7.108488461221935,8.045159213431331,279.60070248766544,22.612167513171173,,"modeled (gravity-turn analytic, Teofilatto et al. 2022)",Ariane 5 ES,"Kourou, French Guiana",300.0,51.6
ATV-2 Johannes Kepler,2011-02-16,525.0,5017.375950730445,-3530.812341018455,2598.1657801405486,2.1976775059860367,7.191643381091292,8.124254700553127,284.5323328987756,22.95192876563011,,"modeled (gravity-turn analytic, Teofilatto et al. 2022)",Ariane 5 ES,"Kourou, French Guiana",300.0,51.6
ATV-2 Johannes Kepler,2011-02-16,530.0,5030.640132034077,-3492.8998724878375,2636.793044707051,2.1622556973949485,7.2740267842089175,8.203470565993335,289.7237677329975,23.2939254575989,,"modeled (gravity-turn analytic, Teofilatto et al. 2022)",Ariane 5 ES,"Kourou, French Guiana",300.0,51.6
ATV-2 Johannes Kepler,2011-02-16,535.0,5043.828386275792,-3454.4951573564576,2675.722040841941,2.125656899718388,7.355602671386054,8.282814695076743,295.1852627300139,23.638082225771125,,"modeled (gravity-turn analytic, Teofilatto et al. 2022)",Ariane 5 ES,"Kourou, French Guiana",300.0,51.6
ATV-2 Johannes Kepler,2011-02-16,540.0,5056.93835519503,-3415.599061401785,2714.950308064175,2.087875009846167,7.436334567651763,8.362294804198335,300.92712993236137,23.98432098510935,,"modeled (gravity-turn analytic, Teofilatto et al. 2022)",Ariane 5 ES,"Kourou, French Guiana",300.0,51.6
ATV-2 Johannes Kepler,2011-02-16,545.0,5065.249553295859,-3373.8042555590528,2751.3766429237276,1.939186121464298,7.414188603173637,8.22553185023852,300.88849951851296,24.32693869217879,,"modeled (gravity-turn analytic, Teofilatto et al. 2022)",Ariane 5 ES,"Kourou, French Guiana",300.0,51.6
ATV-2 Johannes Kepler,2011-02-16,550.0,5073.111730234646,-3332.278609984966,2787.171009404488,1.7939834051415173,7.388272745508666,8.088796670970556,300.8498691046646,24.66452337572128,,"modeled (gravity-turn analytic, Teofilatto et al. 2022)",Ariane 5 ES,"Kourou, French Guiana",300.0,51.6
ATV-2 Johannes Kepler,2011-02-16,555.0,5080.536975680049,-3291.034609059484,2822.3367651348167,1.65229399292958,7.358688325743537,7.952146356265974,300.8112386908162,24.997077784971978,,"modeled (gravity-turn analytic, Teofilatto et al. 2022)",Ariane 5 ES,"Kourou, French Guiana",300.0,51.6
ATV-2 Johannes Kepler,2011-02-16,560.0,5087.5373375653635,-3250.0844341057646,2856.8774152203537,1.5141421874362582,7.32553643038918,7.81563623958339,300.7726082769678,25.32460564206435,,"modeled (gravity-turn analytic, Teofilatto et al. 2022)",Ariane 5 ES,"Kourou, French Guiana",300.0,51.6
ATV-2 Johannes Kepler,2011-02-16,565.0,5094.124815652441,-3209.4399653103287,2890.7966048418352,1.3795495060409324,7.288917814502141,7.67931990790756,300.73397786311943,25.647111627396693,,"modeled (gravity-turn analytic, Teofilatto et al. 2022)",Ariane 5 ES,"Kourou, French Guiana",300.0,51.6
ATV-2 Johannes Kepler,2011-02-16,570.0,5100.311355271353,-3169.1127838096386,2924.098111917442,1.2485347260025015,7.248932816560379,7.5432492133241595,300.695347449271,25.964601364318824,,"modeled (gravity-turn analytic, Teofilatto et al. 2022)",Ariane 5 ES,"Kourou, French Guiana",300.0,51.6
ATV-2 Johannes Kepler,2011-02-16,575.0,5106.108841235521,-3129.1141739355603,2956.78583983417,1.1211139304316067,7.20568127514689,7.407474286154374,300.6567170354226,26.27708140312678,,"modeled (gravity-turn analytic, Teofilatto et al. 2022)",Ariane 5 ES,"Kourou, French Guiana",300.0,51.6
ATV-2 Johannes Kepler,2011-02-16,580.0,5111.529091931797,-3089.4551256121626,2988.8638102525174,0.9973005550987666,7.159262447493802,7.272043549573096,300.61808662157426,26.584559204355465,,"modeled (gravity-turn analytic, Teofilatto et al. 2022)",Ariane 5 ES,"Kourou, French Guiana",300.0,51.6
ATV-2 Johannes Kepler,2011-02-16,585.0,5116.583853584881,-3050.1463368963696,3020.336155988609,0.8771054360495235,7.109774929939007,7.1370037356346,300.57945620772585,26.887043121361504,,"modeled (gravity-turn analytic, Teofilatto et al. 2022)",Ariane 5 ES,"Kourou, French Guiana",300.0,51.6
ATV-2 Johannes Kepler,2011-02-16,590.0,5121.284794695218,-3011.1982166550465,3051.2071139776554,0.7605368579971374,7.057316580346675,7.00239990262954,300.54082579387745,27.18454238219063,,"modeled (gravity-turn analytic, Teofilatto et al. 2022)",Ariane 5 ES,"Kourou, French Guiana",300.0,51.6
ATV-2 Johannes Kepler,2011-02-16,595.0,5125.643500649396,-2972.6208873711375,3081.4810183224913,0.6476006034626021,7.0019844425422155,6.868275453697475,300.5021953800291,27.477067070726417,,"modeled (gravity-turn analytic, Teofilatto et al. 2022)",Ariane 5 ES,"Kourou, French Guiana",300.0,51.6
ATV-2 Johannes Kepler,2011-02-16,600.0,5129.671468501877,-2934.4241880715535,3111.162293430703,0.5383000026309583,6.943874672811353,6.734672156619274,300.4635649661807,27.764628107119215,,"modeled (gravity-turn analytic, Teofilatto et al. 2022)",Ariane 5 ES,"Kourou, French Guiana",300.0,51.6
ATV-2 Johannes Kepler,2011-02-16,605.0,5133.380101926758,-2896.6176773695806,3140.2554472437223,0.4326359838919409,6.883082468511998,6.601630164714289,300.4249345523323,28.047237227496918,,"modeled (gravity-turn analytic, Teofilatto et al. 2022)",Ariane 5 ES,"Kourou, French Guiana",300.0,51.6
ATV-2 Johannes Kepler,2011-02-16,610.0,5136.780706338149,-2859.2106366146622,3168.765064561041,0.33060712503196044,6.819701998846498,6.469188038767642,300.3863041384839,28.32490696296106,,"modeled (gravity-turn analytic, Teofilatto et al. 2022)",Ariane 5 ES,"Kourou, French Guiana",300.0,51.6
ATV-2 Johannes Kepler,2011-02-16,615.0,5139.884484177517,-2822.212073142485,3196.695800462545,0.2322097050433195,6.75382633784066,6.337382769913647,300.3476737246355,28.59765061787468,,"modeled (gravity-turn analytic, Teofilatto et al. 2022)",Ariane 5 ES,"Kourou, French Guiana",300.0,51.6
ATV-2 Johannes Kepler,2011-02-16,620.0,5142.702530366354,-2785.630723618392,3224.0523738317715,0.13743775651537027,6.685547399574519,6.206249803402092,300.3090433107871,28.8654822474503,,"modeled (gravity-turn analytic, Teofilatto et al. 2022)",Ariane 5 ES,"Kourou, French Guiana",300.0,51.6
ATV-2 Johannes Kepler,2011-02-16,625.0,5145.245827922282,-2749.4750574672535,3250.83956098276,0.04628311857105394,6.614955875708384,6.075823063174946,300.27041289693875,29.128416634649316,,"modeled (gravity-turn analytic, Teofilatto et al. 2022)",Ariane 5 ES,"Kourou, French Guiana",300.0,51.6
ATV-2 Johannes Kepler,2011-02-16,630.0,5147.525243736674,-2713.7532803830163,3277.0621893929306,-0.04126450968897988,6.542141175346025,5.946134977182,300.23178248309034,29.38646926640588,,"modeled (gravity-turn analytic, Teofilatto et al. 2022)",Ariane 5 ES,"Kourou, French Guiana",300.0,51.6
ATV-2 Johannes Kepler,2011-02-16,635.0,5149.551524511725,-2678.473337911267,3302.7251315443477,-0.12521751527390174,6.467191367275094,5.817216503364985,300.19315206924193,29.639656309191437,,"modeled (gravity-turn analytic, Teofilatto et al. 2022)",Ariane 5 ES,"Kourou, French Guiana",300.0,51.6
ATV-2 Johannes Kepler,2011-02-16,640.0,5151.335292854809,-2643.6429190982476,3327.8332988754796,-0.20559031696239197,6.3901931246228925,5.689097156240781,300.1545216553936,29.887994583937925,,"modeled (gravity-turn analytic, Teofilatto et al. 2022)",Ariane 5 ES,"Kourou, French Guiana",300.0,51.6
ATV-2 Johannes Kepler,2011-02-16,645.0,5152.887043527888,-2609.269460199889,3352.3916358454676,-0.28239931057639434,6.311231671963513,5.561805034015642,300.11589124154517,30.131501540340214,,"modeled (gravity-turn analytic, Teofilatto et al. 2022)",Ariane 5 ES,"Kourou, French Guiana",300.0,51.6
ATV-2 Johannes Kepler,2011-02-16,650.0,5154.217139849615,-2575.360148444525,3376.4051141127397,-0.3556628139122392,6.230390734910118,5.435366846163538,300.07726082769676,30.37019523056084,,"modeled (gravity-turn analytic, Teofilatto et al. 2022)",Ariane 5 ES,"Kourou, French Guiana",300.0,51.6
ATV-2 Johannes Kepler,2011-02-16,655.0,5155.335810247728,-2541.9219258431167,3399.8787268296537,-0.42540101137368297,6.147752492223665,5.309807941403226,300.0386304138484,30.604094282361864,,"modeled (gravity-turn analytic, Teofilatto et al. 2022)",Ariane 5 ES,"Kourou, French Guiana",300.0,51.6
ATV-2 Johannes Kepler,2011-02-16,660.0,5156.253144959231,-2508.9614930408793,3422.817483054731,-0.49163589835283583,6.06339753046687,5.185152336010028,300.0,30.833217871691634,,"modeled (gravity-turn analytic, Teofilatto et al. 2022)",Ariane 5 ES,"Kourou, French Guiana",300.0,51.6
NG-13 / Cygnus,2020-02-15,0.0,1262.338602413939,-4869.179521857039,3921.507825767109,0.3552699027010045,0.0912927195216364,0.0006190532269765466,0.0,37.93999999999999,,"modeled (gravity-turn analytic, Teofilatto et al. 2022)",Antares 230+,"Wallops Flight Facility, USA",400.0,51.6
NG-13 / Cygnus,2020-02-15,5.0,1264.1650520739456,-4868.846032268354,3921.6312370656415,0.3771892997075506,0.04394403331297674,0.04997946754035132,0.18303934808925693,37.94012383523637,,"modeled (gravity-turn analytic, Teofilatto et al. 2022)",Antares 230+,"Wallops Flight Facility, USA",400.0,51.6
NG-13 / Cygnus,2020-02-15,10.0,1266.124678815612,-4868.724821586217,3922.0162415804184,0.40783965374768266,0.0059162668978779975,0.10468526095638327,0.7159133266804399,37.94077727752525,,"modeled (gravity-turn analytic, Teofilatto et al. 2022)",Antares 230+,"Wallops Flight Facility, USA",400.0,51.6
NG-13 / Cygnus,2020-02-15,15.0,1268.2538419372029,-4868.773931357692,3922.6835262357527,0.4447511060231732,-0.024329387625719442,0.16268016807854216,1.5866185635874,37.94227973088131,,"modeled (gravity-turn analytic, Teofilatto et al. 2022)",Antares 230+,"Wallops Flight Facility, USA",400.0,51.6
NG-13 / Cygnus,2020-02-15,20.0,1270.580639950818,-4868.956321952312,3923.646799672986,0.4867280248571452,-0.04748621771213225,0.2229525414799587,2.781040241645556,37.94488557456247,,"modeled (gravity-turn analytic, Teofilatto et al. 2022)",Antares 230+,"Wallops Flight Facility, USA",400.0,51.6
NG-13 / Cygnus,2020-02-15,25.0,1273.1282685628862,-4869.237836041184,3924.9156332720204,0.5329497027063739,-0.06404443377082096,0.28482194769894714,4.283811921765306,37.94881044874337,,"modeled (gravity-turn analytic, Teofilatto et al. 2022)",Antares 230+,"Wallops Flight Facility, USA",400.0,51.6
NG-13 / Cygnus,2020-02-15,30.0,1275.9163577411368,-4869.586528752066,3926.4966605027325,0.5827862967159374,-0.07440573637423319,0.34778475680119136,6.078812290036054,37.95424141721325,,"modeled (gravity-turn analytic, Teofilatto et al. 2022)",Antares 230+,"Wallops Flight Facility, USA",400.0,51.6
NG-13 / Cygnus,2020-02-15,35.0,1278.961727787271,-4869.972339927975,3928.3942791234945,0.6357268149323319,-0.07892240404501236,0.4114508240801342,8.149503521303506,37.96134260104896,,"modeled (gravity-turn analytic, Teofilatto et al. 2022)",Antares 230+,"Wallops Flight Facility, USA",400.0,51.6
NG-13 / Cygnus,2020-02-15,40.0,1282.2788893744612,-4870.366896168942,3930.6111239120646,0.6913431072016656,-0.07791402485307061,0.4755103671306035,10.479177299661938,37.97025886371953,,"modeled (gravity-turn analytic, Teofilatto et al. 2022)",Antares 230+,"Wallops Flight Facility, USA",400.0,51.6
NG-13 / Cygnus,2020-02-15,45.0,1285.880406033855,-4870.743371910141,3933.148410859259,0.7492690137939668,-0.07167565356375129,0.5397139652965637,13.051139577262358,37.9811184749586,,"modeled (gravity-turn analytic, Teofilatto et al. 2022)",Antares 230+,"Wallops Flight Facility, USA",400.0,51.6
NG-13 / Cygnus,2020-02-15,50.0,1289.7771727223253,-4871.076380614168,3936.006200061576,0.8091869911580383,-0.06048222267108426,0.6038592727989995,15.84885140567682,37.994035166356994,,"modeled (gravity-turn analytic, Teofilatto et al. 2022)",Antares 230+,"Wallops Flight Facility, USA",400.0,51.6
NG-13 / Cygnus,2020-02-15,55.0,1293.9786384749807,-4871.341882844473,3939.183602910807,0.870818874457677,-0.04459116163968274,0.6677815887847728,18.85603687487787,38.009109789969024,,"modeled (gravity-turn analytic, Teofilatto et al. 2022)",Antares 230+,"Wallops Flight Facility, USA",400.0,51.6
NG-13 / Cygnus,2020-02-15,60.0,1298.4929893074057,-4871.517104724087,3942.6789489271623,0.9339191329890351,-0.024244109202923775,0.7313468415854405,22.056765755317254,38.0264316990948,,"modeled (gravity-turn analytic, Teofilatto et al. 2022)",Antares 230+,"Wallops Flight Facility, USA",400.0,51.6
NG-13 / Cygnus,2020-02-15,65.0,1303.3273013578666,-4871.580463494125,3946.48992208194,0.9982697311924698,0.00033184690046995924,0.7944461876414501,25.435516326861997,38.04607992298966,,"modeled (gravity-turn analytic, Teofilatto et al. 2022)",Antares 230+,"Wallops Flight Facility, USA",400.0,51.6
NG-13 / Cygnus,2020-02-15,70.0,1308.4876706348577,-4871.511498646066,3950.613673161709,1.063676081597465,0.02892317869914285,0.8569917486869988,28.9772225042725,38.06812417973627,,"modeled (gravity-turn analytic, Teofilatto et al. 2022)",Antares 230+,"Wallops Flight Facility, USA",400.0,51.6
NG-13 / Cygnus,2020-02-15,75.0,1313.979325017638,-4871.290806995117,3955.0469138556505,1.129963793127375,0.061329104747512714,0.9189131834159212,32.66730864084815,38.09262576698509,,"modeled (gravity-turn analytic, Teofilatto et al. 2022)",Antares 230+,"Wallops Flight Facility, USA",400.0,51.6
NG-13 / Cygnus,2020-02-15,80.0,1319.8067208307198,-4870.8999816188525,3959.7859951832484,1.1969759836749354,0.0973608290298317,0.9801548910494502,36.49171403590022,38.11963834517197,,"modeled (gravity-turn analytic, Teofilatto et al. 2022)",Antares 230+,"Wallops Flight Facility, USA",400.0,51.6
NG-13 / Cygnus,2020-02-15,85.0,1325.9736261023702,-4870.321555141776,3964.8269729162193,1.2645710339768157,0.1368408220200526,1.0406737104784436,40.436909581603004,38.149208625579654,,"modeled (gravity-turn analytic, Teofilatto et al. 2022)",Antares 230+,"Wallops Flight Facility, USA",400.0,51.6
NG-13 / Cygnus,2020-02-15,90.0,1332.48319529317,-4869.538944664512,3970.1656641670925,1.3326207143002207,0.17960221855741212,1.1004370006225508,44.48990807074627,38.18137699940103,,"modeled (gravity-turn analytic, Teofilatto et al. 2022)",Antares 230+,"Wallops Flight Facility, USA",400.0,51.6
NG-13 / Cygnus,2020-02-15,95.0,1339.3380331337164,-4868.536401285813,3975.797693858604,1.4010085545815674,0.22548814760067282,1.1594210427852865,48.63826914819825,38.2161780859042,,"modeled (gravity-turn analytic, Teofilatto et al. 2022)",Antares 230+,"Wallops Flight Facility, USA",400.0,51.6
NG-13 / Cygnus,2020-02-15,100.0,1346.5402517640207,-4867.298961867895,3981.718534739575,1.4696284698714603,0.2743511694424816,1.2176096928453797,52.87010026895171,38.25364123147301,,"modeled (gravity-turn analytic, Teofilatto et al. 2022)",Antares 230+,"Wallops Flight Facility, USA",400.0,51.6
NG-13 / Cygnus,2020-02-15,105.0,1354.0915216706019,-4865.81240331999,3987.9235416437787,1.5383835554192682,0.326052702841272,1.274993241861677,57.17405443703642,38.293790961793384,,"modeled (gravity-turn analytic, Teofilatto et al. 2022)",Antares 230+,"Wallops Flight Facility, USA",400.0,51.6
NG-13 / Cygnus,2020-02-15,110.0,1361.993115502555,-4864.063200604074,3994.4079795083694,1.6071850469031181,0.38046248327149346,1.3315674585161306,61.53932516629276,38.33664737849837,,"modeled (gravity-turn analytic, Teofilatto et al. 2022)",Antares 230+,"Wallops Flight Facility, USA",400.0,51.6
NG-13 / Cygnus,2020-02-15,115.0,1370.245948928908,-4862.038485918008,4001.167048698321,1.675951406091382,0.43745806125627573,1.3873327638986017,65.95563982860534,38.38222653227028,,"modeled (gravity-turn analytic, Teofilatto et al. 2022)",Antares 230+,"Wallops Flight Facility, USA",400.0,51.6
NG-13 / Cygnus,2020-02-15,120.0,1378.850615176496,-4859.726011290397,4008.1959048373064,1.7446075262008385,0.49692432076434223,1.4422935400173729,70.4132506640693,38.430540745748864,,"modeled (gravity-turn analytic, Teofilatto et al. 2022)",Antares 230+,"Wallops Flight Facility, USA",400.0,51.6
NG-13 / Cygnus,2020-02-15,125.0,1387.8074168437809,-4857.114113966595,4015.4896769919856,1.8130840177118777,0.5587529925463632,1.4964575390309145,74.90292614095843,38.48159891100742,,"modeled (gravity-turn analytic, Teofilatto et al. 2022)",Antares 230+,"Wallops Flight Facility, USA",400.0,51.6
NG-13 / Cygnus,2020-02-15,130.0,1397.1163952740972,-4854.191680650904,4023.0434825802326,1.8813165990597176,0.6228422964867684,1.5498353567536864,79.41593878226193,38.535406770550935,,"modeled (gravity-turn analytic, Teofilatto et al. 2022)",Antares 230+,"Wallops Flight Facility, USA",400.0,51.6
NG-13 / Cygnus,2020-02-15,135.0,1406.7773531496962,-4850.948120887652,4030.852439049888,1.9492455292229445,0.6890964126855641,1.6024400392755278,83.94405630629991,38.59196713417849,,"modeled (gravity-turn analytic, Teofilatto et al. 2022)",Antares 230+,"Wallops Flight Facility, USA",400.0,51.6
NG-13 / Cygnus,2020-02-15,140.0,1416.789881261838,-4847.373332033764,4038.9116763452244,2.0168151274573614,0.7574252485378209,1.6542866547143917,88.4795277582253,38.65128013612368,,"modeled (gravity-turn analytic, Teofilatto et al. 2022)",Antares 230+,"Wallops Flight Facility, USA",400.0,51.6
NG-13 / Cygnus,2020-02-15,145.0,1427.1533748493027,-4843.457676461319,4047.216343413279,2.0839733319502,0.827743958870136,1.7053920283058195,93.01507280800986,38.71334339835598,,"modeled (gravity-turn analytic, Teofilatto et al. 2022)",Antares 230+,"Wallops Flight Facility, USA",400.0,51.6
NG-13 / Cygnus,2020-02-15,150.0,1437.8670537522528,-4839.191955700883,4055.761617708422,2.15067130373531,0.8999726248300634,1.7557744582983643,97.54387138820975,38.778152221656114,,"modeled (gravity-turn analytic, Teofilatto et al. 2022)",Antares 230+,"Wallops Flight Facility, USA",400.0,51.6
NG-13 / Cygnus,2020-02-15,155.0,1448.9299807586901,-4834.567381022751,4064.5427109302595,2.216863079159261,0.974036049699732,1.805453435759468,102.05954792714321,38.8456997687219,,"modeled (gravity-turn analytic, Teofilatto et al. 2022)",Antares 230+,"Wallops Flight Facility, USA",400.0,51.6
NG-13 / Cygnus,2020-02-15,160.0,1460.3410723090876,-4829.575557605663,4073.5548726658453,2.2825052565015977,1.049863306084212,1.8544495208086114,106.55616272671188,38.91597716933108,,"modeled (gravity-turn analytic, Teofilatto et al. 2022)",Antares 230+,"Wallops Flight Facility, USA",400.0,51.6
NG-13 / Cygnus,2020-02-15,165.0,1472.0991146210058,-4824.20846197718,4082.793397072389,2.347556706076452,1.1273875060460756,1.9027841443208695,111.02820139979752,38.98897367033036,,"modeled (gravity-turn analytic, Teofilatto et al. 2022)",Antares 230+,"Wallops Flight Facility, USA",400.0,51.6
NG-13 / Cygnus,2020-02-15,170.0,1484.2027774558962,-4818.45841561181,4092.253625006767,2.411978308509892,1.2065456642527639,1.9504794005104955,115.47055812738493,39.06467677492579,,"modeled (gravity-turn analytic, Teofilatto et al. 2022)",Antares 230+,"Wallops Flight Facility, USA",400.0,51.6
NG-13 / Cygnus,2020-02-15,175.0,1496.6506203656922,-4812.318074564122,4101.930945368201,2.475732737432214,1.287278274643134,1.9975580234234371,119.87852866618006,39.14307230045551,,"modeled (gravity-turn analytic, Teofilatto et al. 2022)",Antares 230+,"Wallops Flight Facility, USA",400.0,51.6
NG-13 / Cygnus,2020-02-15,180.0,1509.4411055453224,-4805.780411126103,4111.820800240898,2.538784239865309,1.3695291217952976,2.0440432538407936,124.24780131458853,39.22414449076829,,"modeled (gravity-turn analytic, Teofilatto et al. 2022)",Antares 230+,"Wallops Flight Facility, USA",400.0,51.6
NG-13 / Cygnus,2020-02-15,185.0,1522.5726082156173,-4798.83869120884,4121.918685130491,2.601098431667,1.4532451772189312,2.089958684833622,128.57444114746784,39.30787611843322,,"modeled (gravity-turn analytic, Teofilatto et al. 2022)",Antares 230+,"Wallops Flight Facility, USA",400.0,51.6
NG-13 / Cygnus,2020-02-15,190.0,1536.0434222137199,-4791.486462079664,4132.220148766765,2.6626421348188822,1.5383763309786258,2.135328231299683,132.8548805887616,39.39424853403832,,"modeled (gravity-turn analytic, Teofilatto et al. 2022)",Antares 230+,"Wallops Flight Facility, USA",400.0,51.6
NG-13 / Cygnus,2020-02-15,195.0,1549.8517665125262,-4783.717541495988,4142.7207947072275,2.7233832259651876,1.6248751306017177,2.1801761092438223,137.08591237054375,39.48324171607572,,"modeled (gravity-turn analytic, Teofilatto et al. 2022)",Antares 230+,"Wallops Flight Facility, USA",400.0,51.6
NG-13 / Cygnus,2020-02-15,200.0,1563.995794281597,-4775.526004796996,4153.416284933122,2.783290485758396,1.712696613244807,2.224526773811771,141.26468289779044,39.57483433790317,,"modeled (gravity-turn analytic, Teofilatto et al. 2022)",Antares 230+,"Wallops Flight Facility, USA",400.0,51.6
NG-13 / Cygnus,2020-02-15,205.0,1578.4735996752358,-4766.90616279871,4164.302336352509,2.8423334351039196,1.8017982984364036,2.2684047674663566,145.3886739244151,39.66900383639141,,"modeled (gravity-turn analytic, Teofilatto et al. 2022)",Antares 230+,"Wallops Flight Facility, USA",400.0,51.6
NG-13 / Cygnus,2020-02-15,210.0,1593.2832208497264,-4757.8525553192385,4175.3747206059425,2.900482234846878,1.8921399260701008,2.3118347579600824,149.45569696526306,39.76572642394304,,"modeled (gravity-turn analytic, Teofilatto et al. 2022)",Antares 230+,"Wallops Flight Facility, USA",400.0,51.6
NG-13 / Cygnus,2020-02-15,215.0,1608.4226434661236,-4748.359945075816,4186.629264638085,2.957707596378588,1.9836832029670475,2.3548415842090935,153.46388856774766,39.86497710046374,,"modeled (gravity-turn analytic, Teofilatto et al. 2022)",Antares 230+,"Wallops Flight Facility, USA",400.0,51.6
NG-13 / Cygnus,2020-02-15,220.0,1623.889809610588,-4738.4233037069425,4198.0618537579485,3.0139806486044454,2.076391752299411,2.39745015987281,157.41170281354024,39.96672971166748,,"modeled (gravity-turn analytic, Teofilatto et al. 2022)",Antares 230+,"Wallops Flight Facility, USA",400.0,51.6
NG-13 / Cygnus,2020-02-15,225.0,1639.682620199391,-4728.037800430889,4209.668428443031,3.0692728400981912,2.1702309919159473,2.4396854471186167,161.2979002583791,40.070956960142674,,"modeled (gravity-turn analytic, Teofilatto et al. 2022)",Antares 230+,"Wallops Flight Facility, USA",400.0,51.6
NG-13 / Cygnus,2020-02-15,230.0,1655.7989383079685,-4717.198788175681,4221.444981021111,3.12355582546377,2.2651680960386456,2.481572373327028,165.12153524497762,40.17763042542386,,"modeled (gravity-turn analytic, Teofilatto et al. 2022)",Antares 230+,"Wallops Flight Facility, USA",400.0,51.6
NG-13 / Cygnus,2020-02-15,235.0,1672.2365908724673,-4705.901803329026,4233.387557112615,3.176801433628195,2.361171707789727,2.523135956478332,168.8819557648347,40.286720544336355,,"modeled (gravity-turn analytic, Teofilatto et al. 2022)",Antares 230+,"Wallops Flight Facility, USA",400.0,51.6
NG-13 / Cygnus,2020-02-15,240.0,1688.9933725133253,-4694.142557045417,4245.49225544847,3.2289815847781336,2.458211835774697,2.5644012851155575,172.5787967150245,40.398196619227264,,"modeled (gravity-turn analytic, Teofilatto et al. 2022)",Antares 230+,"Wallops Flight Facility, USA",400.0,51.6
NG-13 / Cygnus,2020-02-15,245.0,1706.0670517893964,-4681.91692541653,4257.755229993795,3.2800681958430284,2.556259798275485,2.605393463895883,176.2119745544262,40.51202684055981,,"modeled (gravity-turn analytic, Teofilatto et al. 2022)",Antares 230+,"Wallops Flight Facility, USA",400.0,51.6
NG-13 / Cygnus,2020-02-15,250.0,1723.455370616403,-4669.220940772677,4270.172684688116,3.3300331110036816,2.655288138349134,2.646137595840984,179.7816763265923,40.62817826511909,,"modeled (gravity-turn analytic, Teofilatto et al. 2022)",Antares 230+,"Wallops Flight Facility, USA",400.0,51.6
NG-13 / Cygnus,2020-02-15,255.0,1741.1560459607183,-4656.050783353165,4282.74087103665,3.378848027064206,2.7552705590144524,2.6866587493894314,183.2883514001776,40.74661680542793,,"modeled (gravity-turn analytic, Teofilatto et al. 2022)",Antares 230+,"Wallops Flight Facility, USA",400.0,51.6
NG-13 / Cygnus,2020-02-15,260.0,1759.1667720701207,-4642.402780434853,4295.456089957783,3.426484482886476,2.8561817071686115,2.726982069426763,186.73271146421706,40.86730720465356,,"modeled (gravity-turn analytic, Teofilatto et al. 2022)",Antares 230+,"Wallops Flight Facility, USA",400.0,51.6
NG-13 / Cygnus,2020-02-15,265.0,1777.4852228643726,-4628.273399568237,4308.314690973591,3.4729137946916433,2.9579971014706548,2.7671327557340297,190.11572466818328,40.990213022975,,"modeled (gravity-turn analytic, Teofilatto et al. 2022)",Antares 230+,"Wallops Flight Facility, USA",400.0,51.6
NG-13 / Cygnus,2020-02-15,270.0,1796.1090563536416,-4613.659241497935,4321.313073631427,3.5181069891615193,3.0606930725610653,2.807136033471589,193.43861162562962,41.11529663418919,,"modeled (gravity-turn analytic, Teofilatto et al. 2022)",Antares 230+,"Wallops Flight Facility, USA",400.0,51.6
NG-13 / Cygnus,2020-02-15,275.0,1815.0359127756712,-4598.5570343908375,4334.447682256192,3.562034754931838,3.1642466921590224,2.8470171426644444,196.7028363326655,41.24251918245712,,"modeled (gravity-turn analytic, Teofilatto et al. 2022)",Antares 230+,"Wallops Flight Facility, USA",400.0,51.6
NG-13 / Cygnus,2020-02-15,280.0,1834.2634152420753,-4582.963628199896,4347.71500370627,3.604667391285477,3.2686357091058262,2.886801320985949,199.91009981247387,41.371840551933644,,"modeled (gravity-turn analytic, Teofilatto et al. 2022)",Antares 230+,"Wallops Flight Facility, USA",400.0,51.6
NG-13 / Cygnus,2020-02-15,285.0,1853.789172433555,-4566.8759931391205,4361.111569513664,3.645974809109246,3.3738383815714785,2.9265138962499755,203.0623401118197,41.50321933726005,,"modeled (gravity-turn analytic, Teofilatto et al. 2022)",Antares 230+,"Wallops Flight Facility, USA",400.0,51.6
NG-13 / Cygnus,2020-02-15,290.0,1873.61077974516,-4550.291215041227,4374.633954723109,3.6859264853379985,3.4798334111764717,2.96618027143513,206.16172753925036,41.63661281059724,,"modeled (gravity-turn analytic, Teofilatto et al. 2022)",Antares 230+,"Wallops Flight Facility, USA",400.0,51.6
NG-13 / Cygnus,2020-02-15,295.0,1893.7258227419532,-4533.2064902199445,4388.278779201132,3.724491417979521,3.5865998787350426,3.005825909623966,209.21066189540818,41.771976900776636,,"modeled (gravity-turn analytic, Teofilatto et al. 2022)",Antares 230+,"Wallops Flight Facility, USA",400.0,51.6
NG-13 / Cygnus,2020-02-15,300.0,1914.131874505456,-4515.61912199008,4402.042702630433,3.761638094784617,3.694117179419511,3.045476325401836,212.2117649487939,41.90926613454345,,"modeled (gravity-turn analytic, Teofilatto et al. 2022)",Antares 230+,"Wallops Flight Facility, USA",400.0,51.6
NG-13 / Cygnus,2020-02-15,305.0,1934.8264953623466,-4497.526516848239,4415.922422127219,3.7973344591216183,3.802364962530361,3.0851570697425386,215.16787503460733,42.04843359092663,,"modeled (gravity-turn analytic, Teofilatto et al. 2022)",Antares 230+,"Wallops Flight Facility, USA",400.0,51.6
NG-13 / Cygnus,2020-02-15,310.0,1955.8072359962046,-4478.926182419316,4429.914674662647,3.831547920296087,3.9113229936172083,3.1248938049135946,218.08204705474742,42.18943086844135,,"modeled (gravity-turn analytic, Teofilatto et al. 2022)",Antares 230+,"Wallops Flight Facility, USA",400.0,51.6
NG-13 / Cygnus,2020-02-15,315.0,1977.0716381231152,-4459.815724682127,4444.016236303909,3.8642453338610823,4.020971076178902,3.1647123080812576,220.9575491730565,42.33220803965503,,"modeled (gravity-turn analytic, Teofilatto et al. 2022)",Antares 230+,"Wallops Flight Facility, USA",400.0,51.6
NG-13 / Cygnus,2020-02-15,320.0,1998.6172366380056,-4440.192844006585,4458.22392261116,3.895392965382176,4.131289000835115,3.2046384397593113,223.7978599252528,42.47671361502252,,"modeled (gravity-turn analytic, Teofilatto et al. 2022)",Antares 230+,"Wallops Flight Facility, USA",400.0,51.6
NG-13 / Cygnus,2020-02-15,325.0,2020.4415577835484,-4420.055333494048,4472.534585504135,3.924956488232011,4.242256460204039,3.2446981597933084,226.60666331492413,42.622894480298314,,"modeled (gravity-turn analytic, Teofilatto et al. 2022)",Antares 230+,"Wallops Flight Facility, USA",400.0,51.6
NG-13 / Cygnus,2020-02-15,330.0,2042.5421168444284,-4399.401076799089,4486.945109329029,3.952900959334577,4.353853002457531,3.284917492298792,229.38784276495275,42.77069583287812,,"modeled (gravity-turn analytic, Teofilatto et al. 2022)",Antares 230+,"Wallops Flight Facility, USA",400.0,51.6
NG-13 / Cygnus,2020-02-15,335.0,2064.916421637854,-4378.2280456766275,4501.4524135668635,3.9791908403995935,4.466057911212952,3.32532258360206,232.14548109761196,42.92006114760471,,"modeled (gravity-turn analytic, Teofilatto et al. 2022)",Antares 230+,"Wallops Flight Facility, USA",400.0,51.6
NG-13 / Cygnus,2020-02-15,340.0,2087.5619742077097,-4356.534297895428,4516.053453628114,4.003790010331171,4.578850107013216,3.365939731156892,234.8838589511961,43.07093213164043,,"modeled (gravity-turn analytic, Teofilatto et al. 2022)",Antares 230+,"Wallops Flight Facility, USA",400.0,51.6
NG-13 / Cygnus,2020-02-15,345.0,2110.476269886384,-4334.317975535382,4530.745218762024,4.02666173790712,4.6922081089802665,3.406795324445276,237.6074506372534,43.22324866518695,,"modeled (gravity-turn analytic, Teofilatto et al. 2022)",Antares 230+,"Wallops Flight Facility, USA",400.0,51.6
NG-13 / Cygnus,2020-02-15,350.0,2133.6567995704027,-4311.577302755571,4545.524733472351,4.047768712716093,4.806109924013136,3.447915891369484,240.3209230058491,43.37694875897817,,"modeled (gravity-turn analytic, Teofilatto et al. 2022)",Antares 230+,"Wallops Flight Facility, USA",400.0,51.6
NG-13 / Cygnus,2020-02-15,355.0,2157.10104330193,-4288.310586517411,4560.389050186653,4.067073034939168,4.92053301112276,3.489328036667175,243.0291273912998,43.531968463810976,,"modeled (gravity-turn analytic, Teofilatto et al. 2022)",Antares 230+,"Wallops Flight Facility, USA",400.0,51.6
NG-13 / Cygnus,2020-02-15,360.0,2180.806473623812,-4264.516214057144,4575.3352517953745,4.084536249734519,5.035454175268306,3.531058477526168,245.73709917166593,43.688241835278404,,"modeled (gravity-turn analytic, Teofilatto et al. 2022)",Antares 230+,"Wallops Flight Facility, USA",400.0,51.6
NG-13 / Cygnus,2020-02-15,365.0,2204.7705593258465,-4240.192650119682,4590.360454544864,4.100119389435374,5.1508494574509545,3.57313408450896,248.45005760727997,43.845700900275524,,"modeled (gravity-turn analytic, Teofilatto et al. 2022)",Antares 230+,"Wallops Flight Facility, USA",400.0,51.6
NG-13 / Cygnus,2020-02-15,370.0,2228.9907618557704,-4215.338437868058,4605.461804108926,4.113782981718408,5.266694080210002,3.615581831204289,251.1734008873001,44.00427558154252,,"modeled (gravity-turn analytic, Teofilatto et al. 2022)",Antares 230+,"Wallops Flight Facility, USA",400.0,51.6
NG-13 / Cygnus,2020-02-15,375.0,2253.4645412009013,-4189.952195267415,4620.63648058359,4.125487092571402,5.382962343633334,3.658428820212852,253.91270750189153,44.16389367689508,,"modeled (gravity-turn analytic, Teofilatto et al. 2022)",Antares 230+,"Wallops Flight Facility, USA",400.0,51.6
NG-13 / Cygnus,2020-02-15,380.0,2278.1893482298156,-4164.032617715212,4635.881690620058,4.135191358666736,5.499627567883277,3.7017022397456905,256.6737280622773,44.324480764082026,,"modeled (gravity-turn analytic, Teofilatto et al. 2022)",Antares 230+,"Wallops Flight Facility, USA",400.0,51.6
NG-13 / Cygnus,2020-02-15,385.0,2303.1626242198254,-4137.57847755141,4651.194666471821,4.142855033818489,5.616662012118122,3.745429352000113,259.4623820744948,44.485960148174314,,"modeled (gravity-turn analytic, Teofilatto et al. 2022)",Antares 230+,"Wallops Flight Facility, USA",400.0,51.6
NG-13 / Cygnus,2020-02-15,390.0,2328.381805233277,-4110.588621122572,4666.572669558592,4.148437056664752,5.734036768476087,3.789637520189186,262.2847579393961,44.648252837184906,,"modeled (gravity-turn analytic, Teofilatto et al. 2022)",Antares 230+,"Wallops Flight Facility, USA",400.0,51.6
NG-13 / Cygnus,2020-02-15,395.0,2353.844324732526,-4083.0619667342758,4682.0129924009925,4.15189612081337,5.851721663618159,3.834354221741063,265.1471118139156,44.81127750873608,,"modeled (gravity-turn analytic, Teofilatto et al. 2022)",Antares 230+,"Wallops Flight Facility, USA",400.0,51.6
NG-13 / Cygnus,2020-02-15,400.0,2379.5476082716777,-4054.9975078755065,4697.512953778845,4.1531907201648,5.969685202859249,3.879606979725253,268.0558620698391,44.97495043344189,,"modeled (gravity-turn analytic, Teofilatto et al. 2022)",Antares 230+,"Wallops Flight Facility, USA",400.0,51.6
NG-13 / Cygnus,2020-02-15,405.0,2405.4890813674306,-4026.3943084713783,4713.069905542176,4.152279242019854,6.087894455624068,3.9254234014946183,271.01759155492726,45.13918547472494,,"modeled (gravity-turn analytic, Teofilatto et al. 2022)",Antares 230+,"Wallops Flight Facility, USA",400.0,51.6
NG-13 / Cygnus,2020-02-15,410.0,2431.6661580587765,-3997.2515084436786,4728.68122169282,4.149120040013662,6.206315006336919,3.9718311072554027,274.03903663597384,45.30389398843898,,"modeled (gravity-turn analytic, Teofilatto et al. 2022)",Antares 230+,"Wallops Flight Facility, USA",400.0,51.6
NG-13 / Cygnus,2020-02-15,415.0,2458.076243496212,-3967.5683221483982,4744.34430051264,4.14367153201329,6.324910862918655,4.018857727329661,277.1270857867304,45.46898480174809,,"modeled (gravity-turn analytic, Teofilatto et al. 2022)",Antares 230+,"Wallops Flight Facility, USA",400.0,51.6
NG-13 / Cygnus,2020-02-15,420.0,2484.716738745463,-3937.344035468933,4760.056568659257,4.135892310659061,6.443644358602204,4.0665309120080835,280.28877958790594,45.63436420644275,,"modeled (gravity-turn analytic, Teofilatto et al. 2022)",Antares 230+,"Wallops Flight Facility, USA",400.0,51.6
NG-13 / Cygnus,2020-02-15,425.0,2511.585042941971,-3906.578004322325,4775.815482835453,4.125741259257584,6.56247606325715,4.114878325437543,283.53130890548465,45.799935941382486,,"modeled (gravity-turn analytic, Teofilatto et al. 2022)",Antares 230+,"Wallops Flight Facility, USA",400.0,51.6
NG-13 / Cygnus,2020-02-15,430.0,2538.6785465381745,-3875.269659596523,4791.618524050056,4.113177655717687,6.681364728543511,4.163927570474447,286.8620080466008,45.965601131338595,,"modeled (gravity-turn analytic, Teofilatto et al. 2022)",Antares 230+,"Wallops Flight Facility, USA",400.0,51.6
NG-13 / Cygnus,2020-02-15,435.0,2565.994641318878,-3843.418501643319,4807.463206604492,4.098161315186152,6.800267183171594,4.213706215421293,290.28835842663045,46.131258318243276,,"modeled (gravity-turn analytic, Teofilatto et al. 2022)",Antares 230+,"Wallops Flight Facility, USA",400.0,51.6
NG-13 / Cygnus,2020-02-15,440.0,2593.530706881853,-3811.024106878037,4823.3470652022725,4.080652726115971,6.919138294096126,4.264241713635801,293.81797452882967,46.29680338355837,,"modeled (gravity-turn analytic, Teofilatto et al. 2022)",Antares 230+,"Wallops Flight Facility, USA",400.0,51.6
NG-13 / Cygnus,2020-02-15,445.0,2621.284113620407,-3778.086126527901,4839.26765768915,4.060613204116534,7.037930890487656,4.3155613859332576,297.4586023816745,46.46212955761644,,"modeled (gravity-turn analytic, Teofilatto et al. 2022)",Antares 230+,"Wallops Flight Facility, USA",400.0,51.6
NG-13 / Cygnus,2020-02-15,450.0,2649.2522278631727,-3744.6042841194944,4855.222569737983,4.038005057879452,7.15659568609765,4.367692411458607,301.21811955886125,46.62712744448071,,"modeled (gravity-turn analytic, Teofilatto et al. 2022)",Antares 230+,"Wallops Flight Facility, USA",400.0,51.6
NG-13 / Cygnus,2020-02-15,455.0,2677.432415809559,-3710.5783734216097,4871.209418346442,4.012791764913343,7.275081209525545,4.420661811818509,305.1045341598315,46.79168504665706,,"modeled (gravity-turn analytic, Teofilatto et al. 2022)",Antares 230+,"Wallops Flight Facility, USA",400.0,51.6
NG-13 / Cygnus,2020-02-15,460.0,2705.8220336326895,-3676.008264473842,4887.225842902501,3.984938146717689,7.393333775871365,4.474496365340396,309.12597357193795,46.95568773341331,,"modeled (gravity-turn analytic, Teofilatto et al. 2022)",Antares 230+,"Wallops Flight Facility, USA",400.0,51.6
NG-13 / Cygnus,2020-02-15,465.0,2734.4184408707797,-3640.8938988752125,4903.269518520062,3.954410564330307,7.511297408335822,4.529222611768064,313.2906924949946,47.119018318677014,,"modeled (gravity-turn analytic, Teofilatto et al. 2022)",Antares 230+,"Wallops Flight Facility, USA",400.0,51.6
NG-13 / Cygnus,2020-02-15,470.0,2763.218986827455,-3605.2352943539895,4919.338142074961,3.921177127394833,7.628913831855151,4.584866772900077,317.60705521096463,47.28155703936248,,"modeled (gravity-turn analytic, Teofilatto et al. 2022)",Antares 230+,"Wallops Flight Facility, USA",400.0,51.6
NG-13 / Cygnus,2020-02-15,475.0,2792.2210104898445,-3569.032545428349,4935.429432248728,3.8852079099273977,7.746122444672171,4.641454705902402,322.0835308821511,47.44318159825145,,"modeled (gravity-turn analytic, Teofilatto et al. 2022)",Antares 230+,"Wallops Flight Facility, USA",400.0,51.6
NG-13 / Cygnus,2020-02-15,480.0,2821.421845833333,-3532.2858217629046,4951.541134817216,3.8464751771601566,7.862860286216835,4.699011873611902,326.7286935511968,47.603767237500115,,"modeled (gravity-turn analytic, Teofilatto et al. 2022)",Antares 230+,"Wallops Flight Facility, USA",400.0,51.6
NG-13 / Cygnus,2020-02-15,485.0,2850.818827146494,-3494.9953664335576,4967.671027929872,3.804953622223635,7.979062015173598,4.757563312650834,331.5512221410845,47.76318682029508,,"modeled (gravity-turn analytic, Teofilatto et al. 2022)",Antares 230+,"Wallops Flight Facility, USA",400.0,51.6
NG-13 / Cygnus,2020-02-15,490.0,2880.4092849064864,-3457.161497285036,4983.816917747606,3.760620611517236,8.094659922953564,4.817133567277428,336.55989088888543,47.92131088887942,,"modeled (gravity-turn analytic, Teofilatto et al. 2022)",Antares 230+,"Wallops Flight Facility, USA",400.0,51.6
NG-13 / Cygnus,2020-02-15,495.0,2910.190545143503,-3418.784610970246,4999.976639410418,3.713456434389307,8.209583949674133,4.8777466165700645,341.7635662211634,48.078007739507306,,"modeled (gravity-turn analytic, Teofilatto et al. 2022)",Antares 230+,"Wallops Flight Facility, USA",400.0,51.6
NG-13 / Cygnus,2020-02-15,500.0,2940.1599346624434,-3379.865179716489,5016.14806149867,3.6634445700186586,8.3237617028365,4.939425842117816,347.17120478371197,48.23314354077263,,"modeled (gravity-turn analytic, Teofilatto et al. 2022)",Antares 230+,"Wallops Flight Facility, USA",400.0,51.6
NG-13 / Cygnus,2020-02-15,505.0,2970.3147689288007,-3340.4037537953955,5032.329072799902,3.610571959584163,8.43711853628647,5.0021939347204585,352.79183351429043,48.38658240763074,,"modeled (gravity-turn analytic, Teofilatto et al. 2022)",Antares 230+,"Wallops Flight Facility, USA",400.0,51.6
NG-13 / Cygnus,2020-02-15,510.0,3000.6523570994023,-3300.400961342063,5048.5175879578055,3.5548292815668256,8.549577600032107,5.0660728432905655,358.63454946737886,48.53818654035665,,"modeled (gravity-turn analytic, Teofilatto et al. 2022)",Antares 230+,"Wallops Flight Facility, USA",400.0,51.6
NG-13 / Cygnus,2020-02-15,515.0,3031.1700072250314,-3259.8575081169542,5064.71155330203,3.4962112323598276,8.66105990645283,5.131083721861742,364.70851981417854,48.687816374991634,,"modeled (gravity-turn analytic, Teofilatto et al. 2022)",Antares 230+,"Wallops Flight Facility, USA",400.0,51.6
NG-13 / Cygnus,2020-02-15,520.0,3061.865031062521,-3218.7741772809263,5080.90895223132,3.434716810899805,8.771484415555296,5.197246873092694,371.0229813338528,48.835330744132726,,"modeled (gravity-turn analytic, Teofilatto et al. 2022)",Antares 230+,"Wallops Flight Facility, USA",400.0,51.6
NG-13 / Cygnus,2020-02-15,525.0,3092.734735865399,-3177.1518309837456,5097.107796145617,3.3703496039546956,8.880768177364187,5.264581650892723,377.5872238771277,48.980587018749944,,"modeled (gravity-turn analytic, Teofilatto et al. 2022)",Antares 230+,"Wallops Flight Facility, USA",400.0,51.6
NG-13 / Cygnus,2020-02-15,530.0,3123.7764255549237,-3134.9914112932834,5113.306126080054,3.303118074131157,8.988826467974045,5.333106389775333,384.4105853958442,49.12344128876819,,"modeled (gravity-turn analytic, Teofilatto et al. 2022)",Antares 230+,"Wallops Flight Facility, USA",400.0,51.6
NG-13 / Cygnus,2020-02-15,535.0,3154.987401323403,-3092.293938618135,5129.5020125171395,3.23303584567945,9.095572951679765,5.4028383361275205,391.50244399856786,49.263748561619764,,"modeled (gravity-turn analytic, Teofilatto et al. 2022)",Antares 230+,"Wallops Flight Facility, USA",400.0,51.6
NG-13 / Cygnus,2020-02-15,540.0,3186.364963243232,-3049.0605129063306,5145.693557661607,3.1601219856808616,9.200919859120372,5.4737935718656505,398.87221348855996,49.401362971320516,,"modeled (gravity-turn analytic, Teofilatto et al. 2022)",Antares 230+,"Wallops Flight Facility, USA",400.0,51.6
NG-13 / Cygnus,2020-02-15,545.0,3213.887999895263,-3002.627512580296,5155.932771578808,2.9776231161510136,9.169211831174174,5.353276139338789,398.9192045932033,49.53410292049704,,"modeled (gravity-turn analytic, Teofilatto et al. 2022)",Antares 230+,"Wallops Flight Facility, USA",400.0,51.6
NG-13 / Cygnus,2020-02-15,550.0,3240.870627856429,-2956.525734148967,5165.737206048168,2.7984246083894098,9.132435202336358,5.234057100592142,398.9661956978466,49.66152358098454,,"modeled (gravity-turn analytic, Teofilatto et al. 2022)",Antares 230+,"Wallops Flight Facility, USA",400.0,51.6
NG-13 / Cygnus,2020-02-15,555.0,3267.3173386720764,-2910.767285720588,5175.1169910706985,2.622632496956285,9.090736143980111,5.116148874723459,399.01318680248994,49.78371648866511,,"modeled (gravity-turn analytic, Teofilatto et al. 2022)",Antares 230+,"Wallops Flight Facility, USA",400.0,51.6
NG-13 / Cygnus,2020-02-15,560.0,3293.2327507208397,-2865.363988930211,5184.082257136166,2.4503465878846478,9.044262315151805,4.999562487095362,399.0601779071333,49.90077566815291,,"modeled (gravity-turn analytic, Teofilatto et al. 2022)",Antares 230+,"Wallops Flight Facility, USA",400.0,51.6
NG-13 / Cygnus,2020-02-15,565.0,3318.621602492774,-2820.32737955969,5192.643128309358,2.2816604097359834,8.993162573045677,4.884307636346013,399.10716901177665,50.012797492423275,,"modeled (gravity-turn analytic, Teofilatto et al. 2022)",Antares 230+,"Wallops Flight Facility, USA",400.0,51.6
NG-13 / Cygnus,2020-02-15,570.0,3343.4887459101697,-2775.668708366662,5200.809715453772,2.1166611829196906,8.937586684437022,4.770392761350324,399.15416011642,50.11988053861733,,"modeled (gravity-turn analytic, Teofilatto et al. 2022)",Antares 230+,"Wallops Flight Facility, USA",400.0,51.6
NG-13 / Cygnus,2020-02-15,575.0,3367.8391396965494,-2731.3989421150577,5208.592109595191,1.9554298071032195,8.877685039299148,4.657825107946805,399.2011512210633,50.22212544053482,,"modeled (gravity-turn analytic, Teofilatto et al. 2022)",Antares 230+,"Wallops Flight Facility, USA",400.0,51.6
NG-13 / Cygnus,2020-02-15,580.0,3391.6778427990153,-2687.5287647996533,5216.000375427317,1.798040866424123,8.813608367797618,4.546610795252304,399.2481423257066,50.31963473833504,,"modeled (gravity-turn analytic, Teofilatto et al. 2022)",Antares 230+,"Wallops Flight Facility, USA",400.0,51.6
NG-13 / Cygnus,2020-02-15,585.0,3415.0100078690302,-2644.0685790571056,5223.04454496145,1.6445626521043122,8.745507461813578,4.436754881394914,399.29513343035,50.41251272596963,,"modeled (gravity-turn analytic, Teofilatto et al. 2022)",Antares 230+,"Wallops Flight Facility, USA",400.0,51.6
NG-13 / Cygnus,2020-02-15,590.0,3437.8408748064285,-2601.0285077558683,5229.734611321981,1.4950572019624704,8.673532902096293,4.328261428503775,399.34212453499333,50.500865296870664,,"modeled (gravity-turn analytic, Teofilatto et al. 2022)",Antares 230+,"Wallops Flight Facility, USA",400.0,51.6
NG-13 / Cygnus,2020-02-15,595.0,3460.175764371299,-2558.418395757375,5236.080522689186,1.3495803562235387,8.597834792085042,4.221133566803622,399.38911563963666,50.584799788413925,,"modeled (gravity-turn analytic, Teofilatto et al. 2022)",Antares 230+,"Wallops Flight Facility, USA",400.0,51.6
NG-13 / Cygnus,2020-02-15,600.0,3482.0200718681685,-2516.247811840853,5242.092176390703,1.2081818289353856,8.51856249937273,4.115373557671435,399.43610674428,50.66442482566994,,"modeled (gravity-turn analytic, Teofilatto et al. 2022)",Antares 230+,"Wallops Flight Facility, USA",400.0,51.6
NG-13 / Cygnus,2020-02-15,605.0,3503.379260906718,-2474.5260507841285,5247.779413142767,1.0709052942229078,8.43586440570915,4.010982855522405,399.4830978489233,50.73985016494492,,"modeled (gravity-turn analytic, Teofilatto et al. 2022)",Antares 230+,"Wallops Flight Facility, USA",400.0,51.6
NG-13 / Cygnus,2020-02-15,610.0,3524.258857243057,-2433.2621355927777,5253.152011442145,0.937788486539525,8.34988766636216,3.907962168402573,399.53008895356663,50.81118653760034,,"modeled (gravity-turn analytic, Teofilatto et al. 2022)",Antares 230+,"Wallops Flight Facility, USA",400.0,51.6
NG-13 / Cygnus,2020-02-15,615.0,3544.6644427053916,-2392.4648198700397,5258.219682109487,0.8088633140155812,8.260777979570742,3.8063115171758546,399.57708005820996,50.878545494623204,,"modeled (gravity-turn analytic, Teofilatto et al. 2022)",Antares 230+,"Wallops Flight Facility, USA",400.0,51.6
NG-13 / Cygnus,2020-02-15,620.0,3564.601649207738,-2352.1425903198633,5262.992062984654,0.6841559839528343,8.168679366736706,3.7060302932035394,399.62407116285334,50.94203925240057,,"modeled (gravity-turn analytic, Teofilatto et al. 2022)",Antares 230+,"Wallops Flight Facility, USA",400.0,51.6
NG-13 / Cygnus,2020-02-15,625.0,3584.076152855109,-2312.303669375578,5267.478713774345,0.5636871394742904,8.07373396391238,3.607117314424858,399.67106226749667,51.00178054013024,,"modeled (gravity-turn analytic, Teofilatto et al. 2022)",Antares 230+,"Wallops Flight Facility, USA",400.0,51.6
NG-13 / Cygnus,2020-02-15,630.0,3603.0936681434428,-2272.9560179466525,5271.689111052262,0.4474720063085912,7.9760818250513115,3.509570879757548,399.71805337214,51.057882449276846,,"modeled (gravity-turn analytic, Teofilatto et al. 2022)",Antares 230+,"Wallops Flight Facility, USA",400.0,51.6
NG-13 / Cygnus,2020-02-15,635.0,3621.6599422573368,-2234.1073382761056,5275.632643411783,0.33552054866836983,7.875860737398888,3.4133888217476227,399.7650444767833,51.11045828545709,,"modeled (gravity-turn analytic, Teofilatto et al. 2022)",Antares 230+,"Wallops Flight Facility, USA",400.0,51.6
NG-13 / Cygnus,2020-02-15,640.0,3639.7807494684703,-2195.7650769012203,5279.3186067710385,0.22783763317173222,7.773206049310608,3.318568557407629,399.81203558142664,51.15962142311215,,"modeled (gravity-turn analytic, Teofilatto et al. 2022)",Antares 230+,"Wallops Flight Facility, USA",400.0,51.6
NG-13 / Cygnus,2020-02-15,645.0,3657.461885637414,-2157.9364277101913,5282.756199830079,0.12442319975483637,7.668250510698766,3.225107137192419,399.85902668607,51.20548516329752,,"modeled (gravity-turn analytic, Teofilatto et al. 2022)",Antares 230+,"Wallops Flight Facility, USA",400.0,51.6
NG-13 / Cygnus,2020-02-15,650.0,3674.709162821336,-2120.628335087532,5285.954519679698,0.025272438531378033,7.5611241262240245,3.1330012920709733,399.90601779071335,51.24816259489286,,"modeled (gravity-turn analytic, Teofilatto et al. 2022)",Antares 230+,"Wallops Flight Facility, USA",400.0,51.6
NG-13 / Cygnus,2020-02-15,655.0,3691.5284039899734,-2083.847497141087,5288.922557561334,-0.06962402842962384,7.451954021267793,3.0422474786619342,399.9530088953567,51.287766459504866,,"modeled (gravity-turn analytic, Teofilatto et al. 2022)",Antares 230+,"Wallops Flight Facility, USA",400.0,51.6
NG-13 / Cygnus,2020-02-15,660.0,3707.925437852005,-2047.600369003606,5291.669194777326,-0.16027996141312786,7.340864320644914,2.952841922409159,400.0,51.324409020308536,,"modeled (gravity-turn analytic, Teofilatto et al. 2022)",Antares 230+,"Wallops Flight Facility, USA",400.0,51.6
ANDESITE,2020-06-13,0.0,-4934.908997987523,183.97358388708625,-4036.515637623929,-0.014192814041347791,-0.3598372691172752,-0.0006288097617322814,0.0,-39.26199999999999,,"modeled (gravity-turn analytic, Teofilatto et al. 2022)",Electron,"Rocket Lab LC-1, New Zealand",500.0,51.6
ANDESITE,2020-06-13,5.0,-4935.128015036941,182.16214423426132,-4036.6225976202763,-0.07435925387178266,-0.3669783330398689,-0.040686518965505035,0.18515925263226582,-39.26188141381217,,"modeled (gravity-turn analytic, Teofilatto et al. 2022)",Electron,"Rocket Lab LC-1, New Zealand",500.0,51.6
ANDESITE,2020-06-13,10.0,-4935.658773897476,180.2866016134965,-4036.910427429958,-0.1383856579681438,-0.3846954539264206,-0.07336247910234632,0.7247001911250156,-39.26125929197974,,"modeled (gravity-turn analytic, Teofilatto et al. 2022)",Electron,"Rocket Lab LC-1, New Zealand",500.0,51.6
ANDESITE,2020-06-13,15.0,-4936.5152367575565,178.30213033431116,-4037.346060431474,-0.20445018977238194,-0.41028306577669876,-0.09992960895177824,1.6073165147942639,-39.25983333204607,,"modeled (gravity-turn analytic, Teofilatto et al. 2022)",Electron,"Rocket Lab LC-1, New Zealand",500.0,51.6
ANDESITE,2020-06-13,20.0,-4937.705177315605,176.17281047625679,-4037.9004734752434,-0.2716536989725713,-0.44247283479421085,-0.12095572724621828,2.8197864805390136,-39.25736460828865,,"modeled (gravity-turn analytic, Teofilatto et al. 2022)",Electron,"Rocket Lab LC-1, New Zealand",500.0,51.6
ANDESITE,2020-06-13,25.0,-4939.232716529395,173.86791638689988,-4038.5469756619395,-0.339394036272082,-0.480403178902877,-0.13683763757777986,4.34774773040588,-39.25365013659682,,"modeled (gravity-turn analytic, Teofilatto et al. 2022)",Electron,"Rocket Lab LC-1, New Zealand",500.0,51.6
ANDESITE,2020-06-13,30.0,-4941.099408080989,171.36049398299798,-4039.2606371781935,-0.4072282492680719,-0.5234140346799406,-0.14789751128145706,6.176140385078658,-39.24851307370068,,"modeled (gravity-turn analytic, Teofilatto et al. 2022)",Electron,"Rocket Lab LC-1, New Zealand",500.0,51.6
ANDESITE,2020-06-13,35.0,-4943.304877698677,168.62657985474058,-4040.018008023044,-0.4748154054435214,-0.5709683176956543,-0.15441636387648314,8.289508029629092,-39.2417973006481,,"modeled (gravity-turn analytic, Teofilatto et al. 2022)",Electron,"Rocket Lab LC-1, New Zealand",500.0,51.6
ANDESITE,2020-06-13,40.0,-4945.8472542704585,165.64469634437452,-4040.7969490704145,-0.5418864537145482,-0.6226135517257045,-0.15664867764799392,10.67221703085714,-39.233363890787544,,"modeled (gravity-turn analytic, Teofilatto et al. 2022)",Electron,"Rocket Lab LC-1, New Zealand",500.0,51.6
ANDESITE,2020-06-13,45.0,-4948.723483341784,162.395491196819,-4041.5765155703484,-0.608225953805909,-0.6779601674715272,-0.15482967749009377,13.308622185114178,-39.22308856494699,,"modeled (gravity-turn analytic, Teofilatto et al. 2022)",Electron,"Rocket Lab LC-1, New Zealand",500.0,51.6
ANDESITE,2020-06-13,50.0,-4951.929565881288,158.86146300287183,-4042.3368680742938,-0.6736599345418599,-0.7366678932276234,-0.14917931390772482,16.183194115192254,-39.21085973307798,,"modeled (gravity-turn analytic, Teofilatto et al. 2022)",Electron,"Rocket Lab LC-1, New Zealand",500.0,51.6
ANDESITE,2020-06-13,55.0,-4955.460745659216,155.02674239236785,-4043.059199074729,-0.7380472965558356,-0.7984365354162848,-0.13990462487056643,19.280618058787248,-39.196576918034836,,"modeled (gravity-turn analytic, Teofilatto et al. 2022)",Electron,"Rocket Lab LC-1, New Zealand",500.0,51.6
ANDESITE,2020-06-13,60.0,-4959.311659470219,150.87691181288923,-4043.7256693456206,-0.8012734418960862,-0.8629993548785175,-0.12720123954409118,22.58587067641647,-39.180149445080005,,"modeled (gravity-turn analytic, Teofilatto et al. 2022)",Electron,"Rocket Lab LC-1, New Zealand",500.0,51.6
ANDESITE,2020-06-13,65.0,-4963.476458990915,146.39885404952673,-4044.3193510010797,-0.8632453987682002,-0.9301180623421125,-0.11125442953267811,26.084279461367956,-39.16149533059972,,"modeled (gravity-turn analytic, Teofilatto et al. 2022)",Electron,"Rocket Lab LC-1, New Zealand",500.0,51.6
ANDESITE,2020-06-13,70.0,-4967.948910934481,141.58062238328478,-4044.824175370991,-0.9238879958735431,-0.9995789139129114,-0.09223988107188452,29.761568482116466,-39.14054032210073,,"modeled (gravity-turn analytic, Teofilatto et al. 2022)",Electron,"Rocket Lab LC-1, New Zealand",500.0,51.6
ANDESITE,2020-06-13,75.0,-4972.72248014622,136.41132741120757,-4045.2248843373955,-0.9831408034201295,-1.07118957265408,-0.07032430307120174,33.603893053941995,-39.117217056008045,,"modeled (gravity-turn analytic, Teofilatto et al. 2022)",Electron,"Rocket Lab LC-1, New Zealand",500.0,51.6
ANDESITE,2020-06-13,80.0,-4977.79039811359,130.88103861394825,-4045.5069851134417,-1.0409556629443089,-1.1447764954796855,-0.04566597353346907,37.5978651905946,-39.09146432051255,,"modeled (gravity-turn analytic, Teofilatto et al. 2022)",Electron,"Rocket Lab LC-1, New Zealand",500.0,51.6
ANDESITE,2020-06-13,85.0,-4983.14572019289,124.98069773093465,-4045.656708099131,-1.097294663750455,-1.220182755920828,-0.01841520479197234,41.730572097537674,-39.063226403567526,,"modeled (gravity-turn analytic, Teofilatto et al. 2022)",Electron,"Rocket Lab LC-1, New Zealand",500.0,51.6
ANDESITE,2020-06-13,90.0,-4988.781374367323,118.7020398403501,-4045.660965934174,-1.1521284599307933,-1.2972662102784431,0.01128526107924177,45.98958863288746,-39.032452498353216,,"modeled (gravity-turn analytic, Teofilatto et al. 2022)",Electron,"Rocket Lab LC-1, New Zealand",500.0,51.6
ANDESITE,2020-06-13,95.0,-4994.690200194883,112.03752658508678,-4045.5073170308897,-1.2054349041837673,-1.3758978569915086,0.043299797881482194,50.36298486712065,-38.99909619629334,,"modeled (gravity-turn analytic, Teofilatto et al. 2022)",Electron,"Rocket Lab LC-1, New Zealand",500.0,51.6
ANDESITE,2020-06-13,100.0,-5000.8649838082565,104.98028169356546,-4045.183928453812,-1.2571978602788927,-1.455960500365447,0.07749959493608982,54.83932988378387,-38.9631150007793,,"modeled (gravity-turn analytic, Teofilatto et al. 2022)",Electron,"Rocket Lab LC-1, New Zealand",500.0,51.6
ANDESITE,2020-06-13,105.0,-5007.298484757821,97.52403816472284,-4044.6795440401643,-1.3074062645841855,-1.537347478980431,0.11376222324986818,59.40769246271593,-38.924469925008815,,"modeled (gravity-turn analytic, Teofilatto et al. 2022)",Electron,"Rocket Lab LC-1, New Zealand",500.0,51.6
ANDESITE,2020-06-13,110.0,-5013.983460796578,89.6630852140015,-4043.9834508091003,-1.356053271797885,-1.6199616520854958,0.15197138207084282,64.05763881755117,-38.88312509319723,,"modeled (gravity-turn analytic, Teofilatto et al. 2022)",Electron,"Rocket Lab LC-1, New Zealand",500.0,51.6
ANDESITE,2020-06-13,115.0,-5020.912686259445,81.39222646887515,-4043.085451531873,-1.4031356103071537,-1.7037143929553886,0.19201648615559164,68.779229171842,-38.83904742271155,,"modeled (gravity-turn analytic, Teofilatto et al. 2022)",Electron,"Rocket Lab LC-1, New Zealand",500.0,51.6
ANDESITE,2020-06-13,120.0,-5028.078969850119,72.70673474818646,-4041.9758335832644,-1.44865294523872,-1.7885248115349912,0.233792463510463,73.56301128368537,-38.792206287803864,,"modeled (gravity-turn analytic, Teofilatto et al. 2022)",Electron,"Rocket Lab LC-1, New Zealand",500.0,51.6
ANDESITE,2020-06-13,125.0,-5035.475166514095,63.602319893599244,-4040.6453460762127,-1.492607449620395,-1.874318940173319,0.27719935347633107,78.40001456464688,-38.74257327603678,,"modeled (gravity-turn analytic, Teofilatto et al. 2022)",Electron,"Rocket Lab LC-1, New Zealand",500.0,51.6
ANDESITE,2020-06-13,130.0,-5043.094190466319,54.07508984019977,-4039.0851713403126,-1.535003321860709,-1.9610291191350737,0.32214213312220563,83.28174131351822,-38.69012190325904,,"modeled (gravity-turn analytic, Teofilatto et al. 2022)",Electron,"Rocket Lab LC-1, New Zealand",500.0,51.6
ANDESITE,2020-06-13,135.0,-5050.929022448656,44.12152390280582,-4037.2869039420166,-1.5758464794019582,-2.0485933632301165,0.3685303869652784,88.20015819298709,-38.63482741528233,,"modeled (gravity-turn analytic, Teofilatto et al. 2022)",Electron,"Rocket Lab LC-1, New Zealand",500.0,51.6
ANDESITE,2020-06-13,140.0,-5058.972718690503,33.73844362718295,-4035.2425287198166,-1.6151442526321313,-2.1369548190866903,0.4162780587681476,93.14768826880385,-38.57666657681224,,"modeled (gravity-turn analytic, Teofilatto et al. 2022)",Electron,"Rocket Lab LC-1, New Zealand",500.0,51.6
ANDESITE,2020-06-13,145.0,-5067.218416211268,22.922984377344207,-4032.9443967162974,-1.6529050787339903,-2.2260613201251784,0.4653032935562361,98.11719882579848,-38.51561746908676,,"modeled (gravity-turn analytic, Teofilatto et al. 2022)",Electron,"Rocket Lab LC-1, New Zealand",500.0,51.6
ANDESITE,2020-06-13,150.0,-5075.65933688063,11.672577421230416,-4030.38521049896,-1.689138371029954,-2.3158648951976093,0.5155280979231689,103.10199406092815,-38.45165936189155,,"modeled (gravity-turn analytic, Teofilatto et al. 2022)",Electron,"Rocket Lab LC-1, New Zealand",500.0,51.6
ANDESITE,2020-06-13,155.0,-5084.288792755692,-0.015075715993148912,-4027.558002938328,-1.7238542767498588,-2.4063214027920523,0.5668782017861645,108.09580459474408,-38.384772536430454,,"modeled (gravity-turn analytic, Teofilatto et al. 2022)",Electron,"Rocket Lab LC-1, New Zealand",500.0,51.6
ANDESITE,2020-06-13,160.0,-5093.1001869946695,-12.142023166313603,-4024.4561181630474,-1.7570635024627308,-2.497390189739538,0.6192828896020138,113.09277489717996,-38.31493814998002,,"modeled (gravity-turn analytic, Teofilatto et al. 2022)",Electron,"Rocket Lab LC-1, New Zealand",500.0,51.6
ANDESITE,2020-06-13,165.0,-5102.087016303474,-24.710076144182292,-4021.073200134847,-1.7887772670298767,-2.5890337261287186,0.6726747088678892,118.08745660848759,-38.24213814741633,,"modeled (gravity-turn analytic, Teofilatto et al. 2022)",Electron,"Rocket Lab LC-1, New Zealand",500.0,51.6
ANDESITE,2020-06-13,170.0,-5111.242873800141,-37.72082912416684,-4017.4031749577866,-1.8190071369450658,-2.681217332370165,0.7269893532888957,123.07479827910564,-38.16635512954832,,"modeled (gravity-turn analytic, Teofilatto et al. 2022)",Electron,"Rocket Lab LC-1, New Zealand",500.0,51.6
ANDESITE,2020-06-13,175.0,-5120.561447406094,-51.175676973839934,-4013.440232664749,-1.847764878167367,-2.773908938113546,0.7821655622242122,128.05013131949588,-38.08757224427741,,"modeled (gravity-turn analytic, Teofilatto et al. 2022)",Electron,"Rocket Lab LC-1, New Zealand",500.0,51.6
ANDESITE,2020-06-13,180.0,-5130.0365203945385,-65.07582252113752,-4009.178820121782,-1.8750625010437196,-2.867078798602841,0.8381448307003526,133.0091644607237,-38.0057731454241,,"modeled (gravity-turn analytic, Teofilatto et al. 2022)",Electron,"Rocket Lab LC-1, New Zealand",500.0,51.6
ANDESITE,2020-06-13,185.0,-5139.661974124666,-79.42229268694008,-4004.6136272862864,-1.9009121555619763,-2.960699283192201,0.8948712994247793,137.94797586439853,-37.92094189548645,,"modeled (gravity-turn analytic, Teofilatto et al. 2022)",Electron,"Rocket Lab LC-1, New Zealand",500.0,51.6
ANDESITE,2020-06-13,190.0,-5149.431784730659,-94.21595336581598,-3999.7395699214267,-1.925325994349082,-3.054744699712021,0.9522917031082665,142.86299836361357,-37.833062878239495,,"modeled (gravity-turn analytic, Teofilatto et al. 2022)",Electron,"Rocket Lab LC-1, New Zealand",500.0,51.6
ANDESITE,2020-06-13,195.0,-5159.3400218807255,-109.45751657219145,-3994.5517815519943,-1.9483161958811526,-3.1491910984034295,1.01035517601379,147.75101197312685,-37.742120766276614,,"modeled (gravity-turn analytic, Teofilatto et al. 2022)",Electron,"Rocket Lab LC-1, New Zealand",500.0,51.6
ANDESITE,2020-06-13,200.0,-5169.380848984605,-125.14754893556237,-3989.0456052604754,-1.9698949750975665,-3.244016092546046,1.0690130814746108,152.6091374410578,-37.648100481389015,,"modeled (gravity-turn analytic, Teofilatto et al. 2022)",Electron,"Rocket Lab LC-1, New Zealand",500.0,51.6
ANDESITE,2020-06-13,205.0,-5179.548525355115,-141.28648293418865,-3983.216584371472,-1.990074547019031,-3.339198706192941,1.1282189011647783,157.43483074137768,-37.550987138134644,,"modeled (gravity-turn analytic, Teofilatto et al. 2022)",Electron,"Rocket Lab LC-1, New Zealand",500.0,51.6
ANDESITE,2020-06-13,210.0,-5189.837399707215,-157.87462855810264,-3977.060445843584,-2.008866983739202,-3.434719257715272,1.1879282411172145,162.2258663580798,-37.45076598425844,,"modeled (gravity-turn analytic, Teofilatto et al. 2022)",Electron,"Rocket Lab LC-1, New Zealand",500.0,51.6
ANDESITE,2020-06-13,215.0,-5200.241909098998,-174.91217806903987,-3970.573094756291,-2.026284265241273,-3.5305592234871437,1.2480986693739577,166.9803315677845,-37.347422390926525,,"modeled (gravity-turn analytic, Teofilatto et al. 2022)",Electron,"Rocket Lab LC-1, New Zealand",500.0,51.6
ANDESITE,2020-06-13,220.0,-5210.756579206356,-192.3992095203567,-3963.750611078273,-2.0423383805203867,-3.6267011082315372,1.3086895207226124,171.6966231075192,-37.240941853616356,,"modeled (gravity-turn analytic, Teofilatto et al. 2022)",Electron,"Rocket Lab LC-1, New Zealand",500.0,51.6
ANDESITE,2020-06-13,225.0,-5221.376024856452,-210.33569896340143,-3956.5892381534436,-2.057041216720198,-3.723128344664823,1.3696618898688069,176.37343928345976,-37.131309933897974,,"modeled (gravity-turn analytic, Teofilatto et al. 2022)",Electron,"Rocket Lab LC-1, New Zealand",500.0,51.6
ANDESITE,2020-06-13,230.0,-5232.094947609814,-228.72152490418716,-3949.0853764318376,-2.070404591683033,-3.819825194059114,1.4309785170882963,181.00977279800082,-37.01851225569449,,"modeled (gravity-turn analytic, Teofilatto et al. 2022)",Electron,"Rocket Lab LC-1, New Zealand",500.0,51.6
ANDESITE,2020-06-13,235.0,-5242.908128591255,-247.55647596171474,-3941.235570282774,-2.0824401240195396,-3.9167766668367587,1.4926038185089774,185.6048957558821,-36.90253447845965,,"modeled (gravity-turn analytic, Teofilatto et al. 2022)",Electron,"Rocket Lab LC-1, New Zealand",500.0,51.6
ANDESITE,2020-06-13,240.0,-5253.810430045747,-266.8402526399989,-3933.0365075215855,-2.0931593702804276,-4.013968433545706,1.5545036998350816,190.15835913116928,-36.783362315101655,,"modeled (gravity-turn analytic, Teofilatto et al. 2022)",Electron,"Rocket Lab LC-1, New Zealand",500.0,51.6
ANDESITE,2020-06-13,245.0,-5264.796795501405,-286.57247070778305,-3924.4850162597836,-2.1025739052171404,-4.111386748069304,1.6166454254772575,194.66998953932296,-36.660981539785354,,"modeled (gravity-turn analytic, Teofilatto et al. 2022)",Electron,"Rocket Lab LC-1, New Zealand",500.0,51.6
ANDESITE,2020-06-13,250.0,-5275.862248385154,-306.752671338966,-3915.5780539231855,-2.110695179078282,-4.209018375053324,1.6789976630639774,199.1398804174673,-36.53537794823416,,"modeled (gravity-turn analytic, Teofilatto et al. 2022)",Electron,"Rocket Lab LC-1, New Zealand",500.0,51.6
ANDESITE,2020-06-13,255.0,-5287.001890983378,-327.3803226137861,-3906.312704993878,-2.117534618148584,-4.306850528642776,1.7415303520813807,203.5683884303509,-36.4065373801651,,"modeled (gravity-turn analytic, Teofilatto et al. 2022)",Electron,"Rocket Lab LC-1, New Zealand",500.0,51.6
ANDESITE,2020-06-13,260.0,-5298.210896055895,-348.45482352409766,-3896.6861704337707,-2.123103498752287,-4.404870812944588,1.8042147520898197,207.9561191391788,-36.27444572154128,,"modeled (gravity-turn analytic, Teofilatto et al. 2022)",Electron,"Rocket Lab LC-1, New Zealand",500.0,51.6
ANDESITE,2020-06-13,265.0,-5309.484508458359,-369.9755064096969,-3886.6957666345265,-2.1274130550167496,-4.503067170813744,1.8670233141331238,212.30392631723538,-36.13908892270998,,"modeled (gravity-turn analytic, Teofilatto et al. 2022)",Electron,"Rocket Lab LC-1, New Zealand",500.0,51.6
ANDESITE,2020-06-13,270.0,-5320.818046621558,-391.94163949601665,-3876.3389241615996,-2.1304745880594083,-4.60142784053029,1.9299295583205511,216.6129110273159,-36.000453017167764,,"modeled (gravity-turn analytic, Teofilatto et al. 2022)",Electron,"Rocket Lab LC-1, New Zealand",500.0,51.6
ANDESITE,2020-06-13,275.0,-5332.206898861835,-414.3524324484854,-3865.613179425408,-2.1322993428400645,-4.699941296998637,1.9929081198512912,220.88441256513354,-35.85852411690339,,"modeled (gravity-turn analytic, Teofilatto et al. 2022)",Electron,"Rocket Lab LC-1, New Zealand",500.0,51.6
ANDESITE,2020-06-13,280.0,-5343.646525840999,-437.20704001926777,-3854.5161731398266,-2.13289860522085,-4.798596217324255,2.0559346436096764,225.1200083233532,-35.71328842521111,,"modeled (gravity-turn analytic, Teofilatto et al. 2022)",Electron,"Rocket Lab LC-1, New Zealand",500.0,51.6
ANDESITE,2020-06-13,285.0,-5355.132451126931,-460.50456146394544,-3843.0456433775535,-2.132283611764663,-4.897381434892315,2.1189858213007273,229.3215006131552,-35.564732274229016,,"modeled (gravity-turn analytic, Teofilatto et al. 2022)",Electron,"Rocket Lab LC-1, New Zealand",500.0,51.6
ANDESITE,2020-06-13,290.0,-5366.660261439152,-484.24404317014756,-3831.1994232404745,-2.130465602472266,-4.996285907665065,2.1820393250389656,233.49091418982317,-35.412842144903784,,"modeled (gravity-turn analytic, Teofilatto et al. 2022)",Electron,"Rocket Lab LC-1, New Zealand",500.0,51.6
ANDESITE,2020-06-13,295.0,-5378.225608965072,-508.4244816902989,-3818.9754398023993,-2.1274559237530632,-5.095298696799041,2.245073709995017,237.63049624136198,-35.25760468630963,,"modeled (gravity-turn analytic, Teofilatto et al. 2022)",Electron,"Rocket Lab LC-1, New Zealand",500.0,51.6
ANDESITE,2020-06-13,300.0,-5389.824208567155,-533.044825531988,-3806.3717101713264,-2.123265997845578,-5.194408928826541,2.3080684101320488,241.74271048383804,-35.09900674163206,,"modeled (gravity-turn analytic, Teofilatto et al. 2022)",Electron,"Rocket Lab LC-1, New Zealand",500.0,51.6
ANDESITE,2020-06-13,305.0,-5401.451839532121,-558.1039801604838,-3793.3863380690473,-2.1179073289604475,-5.293605765229434,2.3710037085729305,245.83023552470573,-34.937035354158006,,"modeled (gravity-turn analytic, Teofilatto et al. 2022)",Electron,"Rocket Lab LC-1, New Zealand",500.0,51.6
ANDESITE,2020-06-13,310.0,-5413.104339673564,-583.6008058928994,-3780.017511197525,-2.1113915069513096,-5.39287837787419,2.4338607216975268,249.89595690294138,-34.77167782072962,,"modeled (gravity-turn analytic, Teofilatto et al. 2022)",Electron,"Rocket Lab LC-1, New Zealand",500.0,51.6
ANDESITE,2020-06-13,315.0,-5424.777601812583,-609.5341181745389,-3766.2634981826823,-2.1037301893625546,-5.492215921194247,2.4966213956160406,253.94296092398938,-34.60292172958507,,"modeled (gravity-turn analytic, Teofilatto et al. 2022)",Electron,"Rocket Lab LC-1, New Zealand",500.0,51.6
ANDESITE,2020-06-13,320.0,-5436.4675762990255,-635.9026910958011,-3752.122647215954,-2.094935183139138,-5.591607523063829,2.559268436895103,257.97453465976207,-34.43075497943386,,"modeled (gravity-turn analytic, Teofilatto et al. 2022)",Electron,"Rocket Lab LC-1, New Zealand",500.0,51.6
ANDESITE,2020-06-13,325.0,-5448.170271891707,-662.705259886035,-3737.5933843819707,-2.0850184993260124,-5.691042273482829,2.6217852638722507,261.9941643657347,-34.25516580571912,,"modeled (gravity-turn analytic, Teofilatto et al. 2022)",Electron,"Rocket Lab LC-1, New Zealand",500.0,51.6
ANDESITE,2020-06-13,330.0,-5459.881752155109,-689.9405210633072,-3722.674210662753,-2.0739922784833724,-5.790509185907859,2.6841560395457456,266.00552923994803,-34.07614282107446,,"modeled (gravity-turn analytic, Teofilatto et al. 2022)",Electron,"Rocket Lab LC-1, New Zealand",500.0,51.6
ANDESITE,2020-06-13,335.0,-5471.598138489717,-717.607136525326,-3707.3637004453863,-2.061868878756497,-5.889997198003049,2.7463656054603955,270.0125018460833,-33.89367503259682,,"modeled (gravity-turn analytic, Teofilatto et al. 2022)",Electron,"Rocket Lab LC-1, New Zealand",500.0,51.6
ANDESITE,2020-06-13,340.0,-5483.315600910691,-745.7037276343218,-3691.660499894677,-2.0486608089651464,-5.9894951414997974,2.8083995214838855,274.0191373047246,-33.707751923475456,,"modeled (gravity-turn analytic, Teofilatto et al. 2022)",Electron,"Rocket Lab LC-1, New Zealand",500.0,51.6
ANDESITE,2020-06-13,345.0,-5495.030359761606,-774.2288783021454,-3675.5633253672117,-2.0343807778940226,-6.088991737482407,2.870244026672197,278.029672303454,-33.51836347730525,,"modeled (gravity-turn analytic, Teofilatto et al. 2022)",Electron,"Rocket Lab LC-1, New Zealand",500.0,51.6
ANDESITE,2020-06-13,350.0,-5506.738688500871,-803.1811390486413,-3659.0709617543425,-2.0190417596625974,-6.188475597882242,2.9318859915865536,282.04852509685145,-33.32550019682342,,"modeled (gravity-turn analytic, Teofilatto et al. 2022)",Electron,"Rocket Lab LC-1, New Zealand",500.0,51.6
ANDESITE,2020-06-13,355.0,-5518.436911704746,-832.5590265176002,-3642.1822613884424,-2.0026569929930527,-6.287935211007269,2.9933129137866143,286.08029134592306,-33.129153152790416,,"modeled (gravity-turn analytic, Teofilatto et al. 2022)",Electron,"Rocket Lab LC-1, New Zealand",500.0,51.6
ANDESITE,2020-06-13,360.0,-5530.121405590157,-862.361025645598,-3624.896142403375,-1.9852399626638046,-6.387358921534978,3.054512920331102,290.12974198999456,-32.92931401573017,,"modeled (gravity-turn analytic, Teofilatto et al. 2022)",Electron,"Rocket Lab LC-1, New Zealand",500.0,51.6
ANDESITE,2020-06-13,365.0,-5541.788596526644,-892.5855894081592,-3607.2115878261466,-1.966804442781432,-6.486734933483635,3.1154747423451727,294.20181951142354,-32.72597510436565,,"modeled (gravity-turn analytic, Teofilatto et al. 2022)",Electron,"Rocket Lab LC-1, New Zealand",500.0,51.6
ANDESITE,2020-06-13,370.0,-5553.434954452065,-923.2311334277525,-3589.1276455311263,-1.9473644565366655,-6.586051290608078,3.1761877413978805,298.3016296120562,-32.51912946767896,,"modeled (gravity-turn analytic, Teofilatto et al. 2022)",Electron,"Rocket Lab LC-1, New Zealand",500.0,51.6
ANDESITE,2020-06-13,375.0,-5565.056995954696,-954.2960402723307,-3570.6434265874623,-1.926934325109801,-6.685295881514762,3.236641876450235,302.43444116699186,-32.30877090399437,,"modeled (gravity-turn analytic, Teofilatto et al. 2022)",Electron,"Rocket Lab LC-1, New Zealand",500.0,51.6
ANDESITE,2020-06-13,380.0,-5576.651287391219,-985.7786639332905,-3551.7581034756304,-1.9055287175166464,-6.784456447011062,3.2968276713182085,306.6056862245826,-32.094893979279654,,"modeled (gravity-turn analytic, Teofilatto et al. 2022)",Electron,"Rocket Lab LC-1, New Zealand",500.0,51.6
ANDESITE,2020-06-13,385.0,-5588.214441295095,-1017.6773267077538,-3532.4709102506154,-1.883162632526635,-6.883520567173527,3.3567362259055438,310.82095434243263,-31.87749409606755,,"modeled (gravity-turn analytic, Teofilatto et al. 2022)",Electron,"Rocket Lab LC-1, New Zealand",500.0,51.6
ANDESITE,2020-06-13,390.0,-5599.743119493936,-1049.9903230446434,-3512.781141375541,-1.8598514016174268,-6.982475653235255,3.4163592080306686,315.08599270020875,-31.656567517289094,,"modeled (gravity-turn analytic, Teofilatto et al. 2022)",Electron,"Rocket Lab LC-1, New Zealand",500.0,51.6
ANDESITE,2020-06-13,395.0,-5611.234030186998,-1082.7159175568788,-3492.688151328185,-1.8356107118396283,-7.081308953668824,3.475688845451822,319.40670064786894,-31.43211142760113,,"modeled (gravity-turn analytic, Teofilatto et al. 2022)",Electron,"Rocket Lab LC-1, New Zealand",500.0,51.6
ANDESITE,2020-06-13,400.0,-5622.683921662291,-1115.8523387314754,-3472.191355640209,-1.8104565739567728,-7.180007542308289,3.5347179496833356,323.78912126952247,-31.204124023306726,,"modeled (gravity-turn analytic, Teofilatto et al. 2022)",Electron,"Rocket Lab LC-1, New Zealand",500.0,51.6
ANDESITE,2020-06-13,405.0,-5634.089585871894,-1149.3977835718451,-3451.2902293205047,-1.7844053578242418,-7.278558327338348,3.593439892954633,328.23944138123164,-30.972604530529928,,"modeled (gravity-turn analytic, Teofilatto et al. 2022)",Electron,"Rocket Lab LC-1, New Zealand",500.0,51.6
ANDESITE,2020-06-13,410.0,-5645.447861981968,-1183.350422348957,-3429.9843051684184,-1.7574738275306796,-7.376948061658776,3.651848585651418,332.7639915310118,-30.737553222807495,,"modeled (gravity-turn analytic, Teofilatto et al. 2022)",Electron,"Rocket Lab LC-1, New Zealand",500.0,51.6
ANDESITE,2020-06-13,415.0,-5656.755635138437,-1217.7083978041017,-3408.2731735886514,-1.7296791440017245,-7.475163343644082,3.709938475866902,337.3692417927336,-30.49897147520865,,"modeled (gravity-turn analytic, Teofilatto et al. 2022)",Electron,"Rocket Lab LC-1, New Zealand",500.0,51.6
ANDESITE,2020-06-13,420.0,-5668.009834146369,-1252.4698215709382,-3386.1564842086773,-1.7010388270626826,-7.573190600799951,3.767704569116578,342.06179687158965,-30.256861838575645,,"modeled (gravity-turn analytic, Teofilatto et al. 2022)",Electron,"Rocket Lab LC-1, New Zealand",500.0,51.6
ANDESITE,2020-06-13,425.0,-5679.207437490814,-1287.6327820674899,-3363.63394317002,-1.6715708109302885,-7.671016112004124,3.8251423936749145,346.848397987965,-30.01122803611969,,"modeled (gravity-turn analytic, Teofilatto et al. 2022)",Electron,"Rocket Lab LC-1, New Zealand",500.0,51.6
ANDESITE,2020-06-13,430.0,-5690.345461003591,-1323.1953312619883,-3340.7053159545694,-1.6412933911331202,-7.768625997015749,3.8822480421471757,351.7359080336146,-29.762075096902937,,"modeled (gravity-turn analytic, Teofilatto et al. 2022)",Electron,"Rocket Lab LC-1, New Zealand",500.0,51.6
ANDESITE,2020-06-13,435.0,-5701.420961394196,-1359.1554887460193,-3317.370426331163,-1.6102252430197534,-7.866006226221971,3.9390181567552762,356.7313110444069,-29.50940937721672,,"modeled (gravity-turn analytic, Teofilatto et al. 2022)",Electron,"Rocket Lab LC-1, New Zealand",500.0,51.6
ANDESITE,2020-06-13,440.0,-5712.431040341217,-1395.5112465554719,-3293.629155050226,-1.5783854428884079,-7.963142632231016,3.9954499123433163,361.8417122003231,-29.253238576931384,,"modeled (gravity-turn analytic, Teofilatto et al. 2022)",Electron,"Rocket Lab LC-1, New Zealand",500.0,51.6
ANDESITE,2020-06-13,445.0,-5723.372848133963,-1432.2605736276423,-3269.4814385410473,-1.5457934867265748,-8.06002092179685,4.051541000763037,367.0743374222521,-28.99357175789362,,"modeled (gravity-turn analytic, Teofilatto et al. 2022)",Electron,"Rocket Lab LC-1, New Zealand",500.0,51.6
ANDESITE,2020-06-13,450.0,-5734.243574091987,-1469.4014050863696,-3244.9272715106435,-1.5124692403172693,-8.156626666722142,4.107289663402223,372.4365203520719,-28.73041945875161,,"modeled (gravity-turn analytic, Teofilatto et al. 2022)",Electron,"Rocket Lab LC-1, New Zealand",500.0,51.6
ANDESITE,2020-06-13,455.0,-5745.040460367283,-1506.9316551397967,-3219.966705750877,-1.478432973508561,-8.252945314339062,4.162694653721757,377.9357120616197,-28.46379366371105,,"modeled (gravity-turn analytic, Teofilatto et al. 2022)",Electron,"Rocket Lab LC-1, New Zealand",500.0,51.6
ANDESITE,2020-06-13,460.0,-5755.76079063902,-1544.849207323941,-3194.5998504069394,-1.4437053336977366,-8.348962197536705,4.217755261381042,383.5794652658257,-28.193707904298147,,"modeled (gravity-turn analytic, Teofilatto et al. 2022)",Electron,"Rocket Lab LC-1, New Zealand",500.0,51.6
ANDESITE,2020-06-13,465.0,-5766.401886162878,-1583.1519103422097,-3168.8268727986065,-1.4083073240245347,-8.444662539606947,4.272471322837765,389.3754258277941,-27.92017732808293,,"modeled (gravity-turn analytic, Teofilatto et al. 2022)",Electron,"Rocket Lab LC-1, New Zealand",500.0,51.6
ANDESITE,2020-06-13,470.0,-5776.961110481692,-1621.8375826654503,-3142.6479978391358,-1.372260311208245,-8.540031465836991,4.326843206010607,395.33133275880317,-27.643218712937145,,"modeled (gravity-turn analytic, Teofilatto et al. 2022)",Electron,"Rocket Lab LC-1, New Zealand",500.0,51.6
ANDESITE,2020-06-13,475.0,-5787.435874116038,-1660.90401718375,-3116.063507405933,-1.3355860325953386,-8.635054015527837,4.380871794537967,401.4550182183051,-27.36285048044954,,"modeled (gravity-turn analytic, Teofilatto et al. 2022)",Electron,"Rocket Lab LC-1, New Zealand",500.0,51.6
ANDESITE,2020-06-13,480.0,-5797.823637910911,-1700.3489847448348,-3089.073739705917,-1.2983065984383488,-8.729715153940383,4.4345584750206655,407.7544061147492,-27.07909271492606,,"modeled (gravity-turn analytic, Teofilatto et al. 2022)",Electron,"Rocket Lab LC-1, New Zealand",500.0,51.6
ANDESITE,2020-06-13,485.0,-5808.121900194139,-1740.1702215633682,-3061.679090978389,-1.2604444326661572,-8.823999771458173,4.487905170683231,414.23749377350936,-26.79196727568827,,"modeled (gravity-turn analytic, Teofilatto et al. 2022)",Electron,"Rocket Lab LC-1, New Zealand",500.0,51.6
ANDESITE,2020-06-13,490.0,-5818.3282167810985,-1780.365444689422,-3033.880016944912,-1.2220223074169487,-8.917892692178887,4.54091429148527,420.9123682611945,-26.501497754085207,,"modeled (gravity-turn analytic, Teofilatto et al. 2022)",Electron,"Rocket Lab LC-1, New Zealand",500.0,51.6
ANDESITE,2020-06-13,495.0,-5828.440184097599,-1820.9323403401522,-3005.6770303308676,-1.1830632974853654,-9.011378692576258,4.593588765150757,427.78718253090074,-26.207709564797263,,"modeled (gravity-turn analytic, Teofilatto et al. 2022)",Electron,"Rocket Lab LC-1, New Zealand",500.0,51.6
ANDESITE,2020-06-13,500.0,-5838.455437017087,-1861.8685618384557,-2977.0707011067784,-1.14359075673006,-9.104442511781473,4.645932038082993,434.87014743388386,-25.910629989210822,,"modeled (gravity-turn analytic, Teofilatto et al. 2022)",Electron,"Rocket Lab LC-1, New Zealand",500.0,51.6
ANDESITE,2020-06-13,505.0,-5848.371654185362,-1903.1717336243287,-2948.061656999565,-1.10362831300779,-9.197068862433571,4.697948057492601,442.1695317195597,-25.610288185448827,,"modeled (gravity-turn analytic, Teofilatto et al. 2022)",Electron,"Rocket Lab LC-1, New Zealand",500.0,51.6
ANDESITE,2020-06-13,510.0,-5858.186563353437,-1944.8394552859218,-2918.650584009772,-1.0631998624152714,-9.289242441669307,4.749641252700762,449.6936620355036,-25.30671519745715,,"modeled (gravity-turn analytic, Teofilatto et al. 2022)",Electron,"Rocket Lab LC-1, New Zealand",500.0,51.6
ANDESITE,2020-06-13,515.0,-5867.897946361141,-1986.8693053640654,-2888.838226879206,-1.0223295619382022,-9.380947942252654,4.801016516405394,457.45092252618093,-24.999943964174513,,"modeled (gravity-turn analytic, Teofilatto et al. 2022)",Electron,"Rocket Lab LC-1, New Zealand",500.0,51.6
ANDESITE,2020-06-13,520.0,-5877.5036285149135,-2029.2588335276678,-2858.62538798058,-0.9810417767975003,-9.47217006266256,4.8520792220654165,465.44973689923853,-24.690009380458733,,"modeled (gravity-turn analytic, Teofilatto et al. 2022)",Electron,"Rocket Lab LC-1, New Zealand",500.0,51.6
ANDESITE,2020-06-13,525.0,-5887.001483330545,-2072.0055625635196,-2828.012929320309,-0.9393610661702019,-9.562893516371753,4.9028352060545775,473.69856752736416,-24.37694831485617,,"modeled (gravity-turn analytic, Teofilatto et al. 2022)",Electron,"Rocket Lab LC-1, New Zealand",500.0,51.6
ANDESITE,2020-06-13,530.0,-5896.389429909894,-2115.1069888617285,-2797.001769968175,-0.8973121617021285,-9.65310305194749,4.953290759444577,482.2059057657133,-24.06079961649833,,"modeled (gravity-turn analytic, Teofilatto et al. 2022)",Electron,"Rocket Lab LC-1, New Zealand",500.0,51.6
ANDESITE,2020-06-13,535.0,-5905.665432403633,-2158.5605817238875,-2765.5928863206695,-0.8549199389270231,-9.742783464555627,5.003452618812352,490.9802647820504,-23.741604134530263,,"modeled (gravity-turn analytic, Teofilatto et al. 2022)",Electron,"Rocket Lab LC-1, New Zealand",500.0,51.6
ANDESITE,2020-06-13,540.0,-5914.827505858606,-2202.3637864612115,-2733.7873139573885,-0.8122094026904694,-9.831919605369094,5.053327942544679,500.0301795567493,-23.419404722330288,,"modeled (gravity-turn analytic, Teofilatto et al. 2022)",Electron,"Rocket Lab LC-1, New Zealand",500.0,51.6
ANDESITE,2020-06-13,545.0,-5915.820923179559,-2242.912229579944,-2698.4391760550225,-0.6507434308279407,-9.70036171378467,5.0518455481178,500.0289220752181,-23.09890774113437,,"modeled (gravity-turn analytic, Teofilatto et al. 2022)",Electron,"Rocket Lab LC-1, New Zealand",500.0,51.6
ANDESITE,2020-06-13,550.0,-5916.430552013106,-2282.909807755474,-2663.3290232573495,-0.4936677801829358,-9.567192361151463,5.047567049129928,500.0276645936869,-22.781323635814974,,"modeled (gravity-turn analytic, Teofilatto et al. 2022)",Electron,"Rocket Lab LC-1, New Zealand",500.0,51.6
ANDESITE,2020-06-13,555.0,-5916.668028204152,-2322.355261827551,-2628.4667273574883,-0.3409882753070997,-9.43253277400334,5.0405433693745705,500.02640711215565,-22.46671123997086,,"modeled (gravity-turn analytic, Teofilatto et al. 2022)",Electron,"Rocket Lab LC-1, New Zealand",500.0,51.6
ANDESITE,2020-06-13,560.0,-5916.544992287963,-2361.247560151966,-2593.8619605753843,-0.19270796698237588,-9.296501953061185,5.0308262089100815,500.0251496306244,-22.155127760736214,,"modeled (gravity-turn analytic, Teofilatto et al. 2022)",Electron,"Rocket Lab LC-1, New Zealand",500.0,51.6
ANDESITE,2020-06-13,565.0,-5916.073080973709,-2399.5858933755158,-2559.524193904151,-0.04882720127716356,-9.159216642845019,5.018467973068788,500.02389214909323,-21.846628801488734,,"modeled (gravity-turn analytic, Teofilatto et al. 2022)",Electron,"Rocket Lab LC-1, New Zealand",500.0,51.6
ANDESITE,2020-06-13,570.0,-5915.263918787897,-2437.3696691072482,-2525.4626956603965,0.09065631100304439,-9.020791303930213,5.003521702486029,500.022634667562,-21.5412683841737,,"modeled (gravity-turn analytic, Teofilatto et al. 2022)",Electron,"Rocket Lab LC-1, New Zealand",500.0,51.6
ANDESITE,2020-06-13,575.0,-5914.1291098824395,-2474.5985064948673,-2491.6865302338683,0.2257474245128858,-8.881338087807386,4.9860410042174355,500.02137718603075,-21.23909897124628,,"modeled (gravity-turn analytic, Teofilatto et al. 2022)",Electron,"Rocket Lab LC-1, New Zealand",500.0,51.6
ANDESITE,2020-06-13,580.0,-5912.680230011512,-2511.27223071534,-2458.2045570315586,0.3564534892577577,-8.740966814305427,4.966079984008618,500.02011970449956,-20.94017148723479,,"modeled (gravity-turn analytic, Teofilatto et al. 2022)",Electron,"Rocket Lab LC-1, New Zealand",500.0,51.6
ANDESITE,2020-06-13,585.0,-5910.928818681207,-2547.3908673885867,-2425.025429611283,0.48278428022568587,-8.59978495153691,4.9436931797773775,500.0188622229683,-20.64453533992882,,"modeled (gravity-turn analytic, Teofilatto et al. 2022)",Electron,"Rocket Lab LC-1, New Zealand",500.0,51.6
ANDESITE,2020-06-13,590.0,-5908.8863714756,-2582.9546369229424,-2392.1575949995463,0.6047519268104256,-8.457897598324504,4.918935496364477,500.0176047414371,-20.352238441196192,,"modeled (gravity-turn analytic, Teofilatto et al. 2022)",Electron,"Rocket Lab LC-1, New Zealand",500.0,51.6
ANDESITE,2020-06-13,595.0,-5906.5643325624505,-2617.963948801152,-2359.6092931884336,0.7223708420779358,-8.315407469066594,4.8918621416050385,500.0163472599059,-20.06332722743385,,"modeled (gravity-turn analytic, Teofilatto et al. 2022)",Electron,"Rocket Lab LC-1, New Zealand",500.0,51.6
ANDESITE,2020-06-13,600.0,-5903.974087381578,-2652.419395815369,-2327.3885568060846,0.835657651929792,-8.172414880999387,4.862528563768685,500.01508977837466,-19.777846679657436,,"modeled (gravity-turn analytic, Teofilatto et al. 2022)",Electron,"Rocket Lab LC-1, New Zealand",500.0,51.6
ANDESITE,2020-06-13,605.0,-5901.1269555185045,-2686.3217482596565,-2295.503210955248,0.9446311242187001,-8.029017743812108,4.830990390412642,500.0138322968434,-19.495840343235418,,"modeled (gravity-turn analytic, Teofilatto et al. 2022)",Electron,"Rocket Lab LC-1, New Zealand",500.0,51.6
ANDESITE,2020-06-13,610.0,-5898.034183765727,-2719.6719480881893,-2263.9608732142874,1.0493120978722135,-7.885311551570922,4.797303368688243,500.01257481531223,-19.21735034727333,,"modeled (gravity-turn analytic, Teofilatto et al. 2022)",Electron,"Rocket Lab LC-1, New Zealand",500.0,51.6
ANDESITE,2020-06-13,615.0,-5894.706939373674,-2752.471103047384,-2232.7689537949286,1.1497234120818158,-7.741389376906287,4.7615233071374945,500.011317333781,-18.942417423654,,"modeled (gravity-turn analytic, Teofilatto et al. 2022)",Electron,"Rocket Lab LC-1, New Zealand",500.0,51.6
ANDESITE,2020-06-13,620.0,-5891.156303493047,-2784.7204807899006,-2201.9346558509756,1.2458898356150327,-7.597341867417391,4.723706019012731,500.01005985224975,-18.671080925739858,,"modeled (gravity-turn analytic, Teofilatto et al. 2022)",Electron,"Rocket Lab LC-1, New Zealand",500.0,51.6
ANDESITE,2020-06-13,625.0,-5887.393264810092,-2816.421502978315,-2171.4649759321637,1.3378379963086056,-7.4532572442464105,4.683907267148756,500.00880237071857,-18.40337884674345,,"modeled (gravity-turn analytic, Teofilatto et al. 2022)",Electron,"Rocket Lab LC-1, New Zealand",500.0,51.6
ANDESITE,2020-06-13,630.0,-5883.428713375885,-2847.575739386229,-2141.3667045772513,1.4255963108011314,-7.3092213027742226,4.642182710413446,500.00754488918733,-18.13934783777222,,"modeled (gravity-turn analytic, Teofilatto et al. 2022)",Electron,"Rocket Lab LC-1, New Zealand",500.0,51.6
ANDESITE,2020-06-13,635.0,-5879.273434630637,-2878.1849020041795,-2111.6464270404417,1.509194914563201,-7.165317415388155,4.598587851759262,500.0062874076561,-17.87902322555361,,"modeled (gravity-turn analytic, Teofilatto et al. 2022)",Electron,"Rocket Lab LC-1, New Zealand",500.0,51.6
ANDESITE,2020-06-13,640.0,-5874.93810362361,-2908.250839157773,-2082.3105241451854,1.5886655922831046,-7.021626536271466,4.553177987894939,500.0050299261249,-17.62243902984662,,"modeled (gravity-turn analytic, Teofilatto et al. 2022)",Electron,"Rocket Lab LC-1, New Zealand",500.0,51.6
ANDESITE,2020-06-13,645.0,-5870.433279429095,-2937.77552964509,-2053.365173259395,1.6640417086654904,-6.878227208163115,4.506008160593257,500.00377244459366,-17.36962798054565,,"modeled (gravity-turn analytic, Teofilatto et al. 2022)",Electron,"Rocket Lab LC-1, New Zealand",500.0,51.6
ANDESITE,2020-06-13,650.0,-5865.7693997585775,-2966.76107690034,-2024.816349386124,1.7353581396998454,-6.735195571035561,4.457133109647821,500.0025149630624,-17.120621534482417,,"modeled (gravity-turn analytic, Teofilatto et al. 2022)",Electron,"Rocket Lab LC-1, New Zealand",500.0,51.6
ANDESITE,2020-06-13,655.0,-5860.956775769034,-2995.2097031905255,-1996.6698263637495,1.8026512044548182,-6.592605372637317,4.4066072274886166,500.00125748153124,-16.87544989193174,,"modeled (gravity-turn analytic, Teofilatto et al. 2022)",Electron,"Rocket Lab LC-1, New Zealand",500.0,51.6
ANDESITE,2020-06-13,660.0,-5856.005587067086,-3023.1237438516,-1968.9311781697083,1.8659585974533102,-6.4505279808462275,4.354484515463297,500.0,-16.63414201282648,,"modeled (gravity-turn analytic, Teofilatto et al. 2022)",Electron,"Rocket Lab LC-1, New Zealand",500.0,51.6
Soyuz MS-17,2020-10-14,0.0,1991.6778338274437,3960.871644818185,4585.3404246887385,-0.28852729017673895,0.14585739179817936,0.0007216247371809867,0.0,45.965,,"modeled (gravity-turn analytic, Teofilatto et al. 2022)",Soyuz-2.1a,"Baikonur, Kazakhstan",400.0,51.66
Soyuz MS-17,2020-10-14,5.0,1990.2695615078715,3961.7137268897964,4585.4790309255195,-0.27759561093144836,0.19112790217262343,0.0554293017346403,0.18303934808925693,45.96509067508203,,"modeled (gravity-turn analytic, Teofilatto et al. 2022)",Soyuz-2.1a,"Baikonur, Kazakhstan",400.0,51.66
Soyuz MS-17,2020-10-14,10.0,1988.8797725947884,3962.7832056994603,4585.899148983314,-0.28022539220211184,0.23661789157783597,0.11291519054842367,0.7159133266804399,45.96556913546174,,"modeled (gravity-turn analytic, Teofilatto et al. 2022)",Soyuz-2.1a,"Baikonur, Kazakhstan",400.0,51.66
Soyuz MS-17,2020-10-14,15.0,1987.449991946992,3964.0789978891526,4586.610260013609,-0.2932799637394911,0.2815663383285595,0.1716697977764967,1.5866185635874,45.9666692196877,,"modeled (gravity-turn analytic, Teofilatto et al. 2022)",Soyuz-2.1a,"Baikonur, Kazakhstan",400.0,51.66
Soyuz MS-17,2020-10-14,20.0,1985.9320874446616,3965.59733176778,4587.616656022518,-0.3152755304150598,0.3255709426360148,0.23093801451892257,2.781040241645556,45.968577081820335,,"modeled (gravity-turn analytic, Teofilatto et al. 2022)",Soyuz-2.1a,"Baikonur, Kazakhstan",400.0,51.66
Soyuz MS-17,2020-10-14,25.0,1984.2840375112228,3967.3328158993686,4588.919546779855,-0.3451856640333562,0.3683635049513963,0.290218382722624,4.283811921765306,45.97145039210326,,"modeled (gravity-turn analytic, Teofilatto et al. 2022)",Soyuz-2.1a,"Baikonur, Kazakhstan",400.0,51.66
Soyuz MS-17,2020-10-14,30.0,1982.4683361182867,3969.2789541740813,4590.517990176406,-0.38220740544844156,0.4097532238756253,0.34914941218781465,6.078812290036054,45.97542573042893,,"modeled (gravity-turn analytic, Teofilatto et al. 2022)",Soyuz-2.1a,"Baikonur, Kazakhstan",400.0,51.66
Soyuz MS-17,2020-10-14,35.0,1980.451123652534,3971.4284695183533,4592.409450754678,-0.42567339784698494,0.4496008891857944,0.40746123830873826,8.149503521303506,45.98062266409732,,"modeled (gravity-turn analytic, Teofilatto et al. 2022)",Soyuz-2.1a,"Baikonur, Kazakhstan",400.0,51.66
Soyuz MS-17,2020-10-14,40.0,1978.2016242814357,3973.7735299627348,4594.590180539799,-0.47500973246176315,0.4878042132741414,0.46494950964076426,10.479177299661938,45.98714640064,,"modeled (gravity-turn analytic, Teofilatto et al. 2022)",Soyuz-2.1a,"Baikonur, Kazakhstan",400.0,51.66
Soyuz MS-17,2020-10-14,45.0,1975.6917411595339,3976.305915467454,4597.055497381516,-0.5297125042060196,0.5242883855295928,0.521459180872554,13.051139577262358,45.99508969552494,,"modeled (gravity-turn analytic, Teofilatto et al. 2022)",Soyuz-2.1a,"Baikonur, Kazakhstan",400.0,51.66
Soyuz MS-17,2020-10-14,50.0,1972.895744159552,3979.0171448555875,4599.799996912735,-0.5893332884379859,0.558999510396335,0.5768735119483724,15.84885140567682,46.00453431757414,,"modeled (gravity-turn analytic, Teofilatto et al. 2022)",Soyuz-2.1a,"Baikonur, Kazakhstan",400.0,51.66
Soyuz MS-17,2020-10-14,55.0,1969.7900172141212,3981.898574142594,4602.817718218964,-0.6534693748340816,0.5918998184497244,0.6311061366129812,18.85603687487787,46.015552227030234,,"modeled (gravity-turn analytic, Teofilatto et al. 2022)",Soyuz-2.1a,"Baikonur, Kazakhstan",400.0,51.66
Soyuz MS-17,2020-10-14,60.0,1966.3528469963712,3984.9414735037067,4606.102275576672,-0.7217567583748934,0.6229640545427098,0.6840950996786136,22.056765755317254,46.02820655357835,,"modeled (gravity-turn analytic, Teofilatto et al. 2022)",Soyuz-2.1a,"Baikonur, Kazakhstan",400.0,51.66
Soyuz MS-17,2020-10-14,65.0,1962.564242111853,3988.137087817355,4609.646964379851,-0.7938648355943119,0.6521766936732617,0.7357982411314221,25.435516326861997,46.04255242679718,,"modeled (gravity-turn analytic, Teofilatto et al. 2022)",Soyuz-2.1a,"Baikonur, Kazakhstan",400.0,51.66
Soyuz MS-17,2020-10-14,70.0,1958.4057762652137,3991.4766842913887,4613.444846800035,-0.869492214652045,0.6795297648391586,0.7861895490805089,28.9772225042725,46.05863769129198,,"modeled (gravity-turn analytic, Teofilatto et al. 2022)",Soyuz-2.1a,"Baikonur, Kazakhstan",400.0,51.66
Soyuz MS-17,2020-10-14,75.0,1953.8604494232106,3994.9515901053,4617.4888219229,-0.9483633353513288,0.705021118599316,0.8352562249223299,32.66730864084815,46.076503535367635,,"modeled (gravity-turn analytic, Teofilatto et al. 2022)",Soyuz-2.1a,"Baikonur, Kazakhstan",400.0,51.66
Soyuz MS-17,2020-10-14,80.0,1948.9125648987533,3998.553221654114,4621.771682689782,-1.0302256169425392,0.7286530554305665,0.8829963065566505,36.49171403590022,46.096185043721135,,"modeled (gravity-turn analytic, Teofilatto et al. 2022)",Soyuz-2.1a,"Baikonur, Kazakhstan",400.0,51.66
Soyuz MS-17,2020-10-14,85.0,1943.5476208196626,4002.273107181977,4626.28616212787,-1.1148470198582965,0.750431234716811,0.9294167296252518,40.436909581603004,46.11771168298943,,"modeled (gravity-turn analytic, Teofilatto et al. 2022)",Soyuz-2.1a,"Baikonur, Kazakhstan",400.0,51.66
Soyuz MS-17,2020-10-14,90.0,1937.7522100736164,4006.1029044539755,4631.024972028831,-1.202014009369657,0.7703637686779319,0.9745317082955394,44.48990807074627,46.14110774628792,,"modeled (gravity-turn analytic, Teofilatto et al. 2022)",Soyuz-2.1a,"Baikonur, Kazakhstan",400.0,51.66
Soyuz MS-17,2020-10-14,95.0,1931.5139326791987,4010.0344136818157,4635.98083355492,-1.2915296897650987,0.7884605278814403,1.0183614222056465,48.63826914819825,46.16639274056745,,"modeled (gravity-turn analytic, Teofilatto et al. 2022)",Soyuz-2.1a,"Baikonur, Kazakhstan",400.0,51.66
Soyuz MS-17,2020-10-14,100.0,1924.8213154176997,4014.059587156939,4641.146502554816,-1.3832122316261999,0.8047325552834905,1.0609309069480521,52.87010026895171,46.193581739731364,,"modeled (gravity-turn analytic, Teofilatto et al. 2022)",Soyuz-2.1a,"Baikonur, Kazakhstan",400.0,51.66
Soyuz MS-17,2020-10-14,105.0,1917.6637384691521,4018.170536114988,4646.514790272105,-1.4768934421450763,0.8191916032995399,1.1022691362142634,57.17405443703642,46.22268570493861,,"modeled (gravity-turn analytic, Teofilatto et al. 2022)",Soyuz-2.1a,"Baikonur, Kazakhstan",400.0,51.66
Soyuz MS-17,2020-10-14,110.0,1910.0313706278016,4022.359534952974,4652.078579269466,-1.5724175006841339,0.831849764945851,1.1424082625592682,61.53932516629276,46.25371176561899,,"modeled (gravity-turn analytic, Teofilatto et al. 2022)",Soyuz-2.1a,"Baikonur, Kazakhstan",400.0,51.66
Soyuz MS-17,2020-10-14,115.0,1901.9151078315401,4026.6190241051513,4657.830837204139,-1.6696398306810725,0.8427191653926243,1.1813829705439964,65.95563982860534,46.28666348423774,,"modeled (gravity-turn analytic, Teofilatto et al. 2022)",Soyuz-2.1a,"Baikonur, Kazakhstan",400.0,51.66
Soyuz MS-17,2020-10-14,120.0,1893.3065193757132,4030.941610641361,4663.764626418134,-1.7684260898101394,0.851811723083596,1.2192299473702626,70.4132506640693,46.32154108533311,,"modeled (gravity-turn analytic, Teofilatto et al. 2022)",Soyuz-2.1a,"Baikonur, Kazakhstan",400.0,51.66
Soyuz MS-17,2020-10-14,125.0,1884.1977982692877,4035.3200687112635,4669.873112668331,-1.8686512280073837,0.8591389688405964,1.2559874467933634,74.90292614095843,46.35834166664376,,"modeled (gravity-turn analytic, Teofilatto et al. 2022)",Soyuz-2.1a,"Baikonur, Kazakhstan",400.0,51.66
Soyuz MS-17,2020-10-14,130.0,1874.5817129757622,4039.7473375500804,4676.149570673431,-1.9701987205709035,0.8647118550475867,1.291694884731521,79.41593878226193,46.397059398606785,,"modeled (gravity-turn analytic, Teofilatto et al. 2022)",Soyuz-2.1a,"Baikonur, Kazakhstan",400.0,51.66
Soyuz MS-17,2020-10-14,135.0,1864.4515709027596,4044.2165205071706,4682.58738875078,-2.072959728467083,0.86854070217867,1.3263925921280724,83.94405630629991,46.437685677819005,,"modeled (gravity-turn analytic, Teofilatto et al. 2022)",Soyuz-2.1a,"Baikonur, Kazakhstan",400.0,51.66
Soyuz MS-17,2020-10-14,140.0,1853.8011728479705,4048.720881676042,4689.180072347798,-2.176832525393179,0.8706350166818577,1.3601214749362653,88.4795277582253,46.480209309516674,,"modeled (gravity-turn analytic, Teofilatto et al. 2022)",Soyuz-2.1a,"Baikonur, Kazakhstan",400.0,51.66
Soyuz MS-17,2020-10-14,145.0,1842.6247843695871,4053.2538429497513,4695.921244872768,-2.2817218005528113,0.8710034929518242,1.3929228740341162,93.01507280800986,46.524616622530026,,"modeled (gravity-turn analytic, Teofilatto et al. 2022)",Soyuz-2.1a,"Baikonur, Kazakhstan",400.0,51.66
Soyuz MS-17,2020-10-14,150.0,1830.9171018464704,4057.808981804149,4702.804650569578,-2.387538103323617,0.8696539449892102,1.4248383752910438,97.54387138820975,46.57089160411597,,"modeled (gravity-turn analytic, Teofilatto et al. 2022)",Soyuz-2.1a,"Baikonur, Kazakhstan",400.0,51.66
Soyuz MS-17,2020-10-14,155.0,1818.6732178298869,4062.380025564581,4709.824153236409,-2.4941974058046803,0.8665931970565787,1.4559095991398066,102.05954792714321,46.61901602871191,,"modeled (gravity-turn analytic, Teofilatto et al. 2022)",Soyuz-2.1a,"Baikonur, Kazakhstan",400.0,51.66
Soyuz MS-17,2020-10-14,160.0,1805.8886017511375,4066.9608489074453,4716.973736012732,-2.6016205354692667,0.8618271566991021,1.4861781837549533,106.55616272671188,46.66896953076339,,"modeled (gravity-turn analytic, Teofilatto et al. 2022)",Soyuz-2.1a,"Baikonur, Kazakhstan",400.0,51.66
Soyuz MS-17,2020-10-14,165.0,1792.5590715724732,4071.5454708953453,4724.247502450829,-2.70973277187787,0.8553607615573066,1.5156856548650701,111.02820139979752,46.720729709273215,,"modeled (gravity-turn analytic, Teofilatto et al. 2022)",Soyuz-2.1a,"Baikonur, Kazakhstan",400.0,51.66
Soyuz MS-17,2020-10-14,170.0,1778.6807650342446,4076.1280479371803,4731.639672659586,-2.8184635279818853,0.8471978865794602,1.544473268096474,115.47055812738493,46.77427222413277,,"modeled (gravity-turn analytic, Teofilatto et al. 2022)",Soyuz-2.1a,"Baikonur, Kazakhstan",400.0,51.66
Soyuz MS-17,2020-10-14,175.0,1764.2501277219233,4080.7028716153877,4739.144582222611,-2.927745885871442,0.8373414654629644,1.5725820771818007,119.87852866618006,46.829570834271124,,"modeled (gravity-turn analytic, Teofilatto et al. 2022)",Soyuz-2.1a,"Baikonur, Kazakhstan",400.0,51.66
Soyuz MS-17,2020-10-14,180.0,1749.263890241486,4085.264366087627,4746.756682813944,-3.037516281614184,0.8257934605299153,1.6000528547003983,124.24780131458853,46.886597474169946,,"modeled (gravity-turn analytic, Teofilatto et al. 2022)",Soyuz-2.1a,"Baikonur, Kazakhstan",400.0,51.66
Soyuz MS-17,2020-10-14,185.0,1733.7190448137421,4089.8070810639724,4754.470537471914,-3.147714257896907,0.8125547894109848,1.6269259757406163,128.57444114746784,46.94532232250162,,"modeled (gravity-turn analytic, Teofilatto et al. 2022)",Soyuz-2.1a,"Baikonur, Kazakhstan",400.0,51.66
Soyuz MS-17,2020-10-14,190.0,1717.61283267476,4094.325687972605,4762.280817731291,-3.2582821471614394,0.7976253866864635,1.6532414476846486,132.8548805887616,47.00571383302703,,"modeled (gravity-turn analytic, Teofilatto et al. 2022)",Soyuz-2.1a,"Baikonur, Kazakhstan",400.0,51.66
Soyuz MS-17,2020-10-14,195.0,1700.9427315481373,4098.814977653424,4770.182302683581,-3.3691647691949305,0.7810042691940303,1.6790389472959064,137.08591237054375,47.06773876564997,,"modeled (gravity-turn analytic, Teofilatto et al. 2022)",Soyuz-2.1a,"Baikonur, Kazakhstan",400.0,51.66
Soyuz MS-17,2020-10-14,200.0,1683.7064395777886,4103.269858533567,4778.169879393652,-3.480309189478098,0.762689542722739,1.7043578012629896,141.26468289779044,47.13136222897516,,"modeled (gravity-turn analytic, Teofilatto et al. 2022)",Soyuz-2.1a,"Baikonur, Kazakhstan",400.0,51.66
Soyuz MS-17,2020-10-14,205.0,1665.9018553618691,4107.685347413711,4786.23853493488,-3.591664569293634,0.7426782981869237,1.7292368516342957,145.3886739244151,47.19654772335589,,"modeled (gravity-turn analytic, Teofilatto et al. 2022)",Soyuz-2.1a,"Baikonur, Kazakhstan",400.0,51.66
Soyuz MS-17,2020-10-14,210.0,1647.5270712767253,4112.056567485136,4794.383354789949,-3.703181907211132,0.7209667155412691,1.7537145454790117,149.45569696526306,47.26325714413356,,"modeled (gravity-turn analytic, Teofilatto et al. 2022)",Soyuz-2.1a,"Baikonur, Kazakhstan",400.0,51.66
Soyuz MS-17,2020-10-14,215.0,1628.5803666094105,4116.378746919207,4802.599522024006,-3.814813795528315,0.6975501707546043,1.777829029637858,153.46388856774766,47.331450784790995,,"modeled (gravity-turn analytic, Teofilatto et al. 2022)",Soyuz-2.1a,"Baikonur, Kazakhstan",400.0,51.66
Soyuz MS-17,2020-10-14,220.0,1609.060190900253,4120.6472162640885,4810.882316997871,-3.926514269315589,0.6724231833117367,1.801618074927478,157.41170281354024,47.40108737167536,,"modeled (gravity-turn analytic, Teofilatto et al. 2022)",Soyuz-2.1a,"Baikonur, Kazakhstan",400.0,51.66
Soyuz MS-17,2020-10-14,225.0,1588.965154673336,4124.857402961574,4819.227112015407,-4.038238640128763,0.6455794355362763,1.825119077455366,161.2979002583791,47.472124065696114,,"modeled (gravity-turn analytic, Teofilatto et al. 2022)",Soyuz-2.1a,"Baikonur, Kazakhstan",400.0,51.66
Soyuz MS-17,2020-10-14,230.0,1568.2940177324283,4129.004824913192,4827.629365314253,-4.149943369605722,0.6170117288359331,1.8483689906943486,165.12153524497762,47.5445164699371,,"modeled (gravity-turn analytic, Teofilatto et al. 2022)",Soyuz-2.1a,"Baikonur, Kazakhstan",400.0,51.66
Soyuz MS-17,2020-10-14,235.0,1547.0456875940768,4133.085091503117,4836.084622298839,-4.261585854403433,0.5867121570417233,1.871404497765538,168.8819557648347,47.618218610109146,,"modeled (gravity-turn analytic, Teofilatto et al. 2022)",Soyuz-2.1a,"Baikonur, Kazakhstan",400.0,51.66
Soyuz MS-17,2020-10-14,240.0,1525.219210655321,4137.093900773533,4844.588513482043,-4.373124284675074,0.5546721279789342,1.8942620134560006,172.5787967150245,47.693182934035804,,"modeled (gravity-turn analytic, Teofilatto et al. 2022)",Soyuz-2.1a,"Baikonur, Kazakhstan",400.0,51.66
Soyuz MS-17,2020-10-14,245.0,1502.8137604983203,4141.027037575104,4853.136754262289,-4.48451752348717,0.5208823476254935,1.916977645178756,176.2119745544262,47.769360320534794,,"modeled (gravity-turn analytic, Teofilatto et al. 2022)",Soyuz-2.1a,"Baikonur, Kazakhstan",400.0,51.66
Soyuz MS-17,2020-10-14,250.0,1479.8286329040432,4144.88036766857,4861.725138288479,-4.595724989020171,0.48533284305138646,1.9395871914484606,179.7816763265923,47.846700058299675,,"modeled (gravity-turn analytic, Teofilatto et al. 2022)",Soyuz-2.1a,"Baikonur, Kazakhstan",400.0,51.66
Soyuz MS-17,2020-10-14,255.0,1456.2632391035065,4148.649833644838,4870.349533476152,-4.706706545573996,0.44801297015849584,1.9621261222338404,183.2883514001776,47.925149832539375,,"modeled (gravity-turn analytic, Teofilatto et al. 2022)",Soyuz-2.1a,"Baikonur, Kazakhstan",400.0,51.66
Soyuz MS-17,2020-10-14,260.0,1432.1171033314315,4152.3314559224655,4879.005883476948,-4.817422353750172,0.4089115635090846,1.984629720895728,186.73271146421706,48.004655702228874,,"modeled (gravity-turn analytic, Teofilatto et al. 2022)",Soyuz-2.1a,"Baikonur, Kazakhstan",400.0,51.66
Soyuz MS-17,2020-10-14,265.0,1407.3898564638594,4155.921330139656,4887.6902054778275,-4.927832765977753,0.36801695899679376,2.007133075139972,190.11572466818328,48.08516208532546,,"modeled (gravity-turn analytic, Teofilatto et al. 2022)",Soyuz-2.1a,"Baikonur, Kazakhstan",400.0,51.66
Soyuz MS-17,2020-10-14,270.0,1382.0812276722738,4159.41562575831,4896.398589946111,-5.037898228690019,0.3253170084029344,2.0296710580042383,193.43861162562962,48.166611750888265,,"modeled (gravity-turn analytic, Teofilatto et al. 2022)",Soyuz-2.1a,"Baikonur, Kazakhstan",400.0,51.66
Soyuz MS-17,2020-10-14,275.0,1356.1910424169198,4162.8105811199985,4905.127194641382,-5.147579193297329,0.28079911721374223,2.0522783262620603,196.7028363326655,48.248945785503984,,"modeled (gravity-turn analytic, Teofilatto et al. 2022)",Soyuz-2.1a,"Baikonur, Kazakhstan",400.0,51.66
Soyuz MS-17,2020-10-14,280.0,1329.7192183248928,4166.102500335215,4913.872241366213,-5.256836029986489,0.2344502774798169,2.0749893110491806,199.91009981247387,48.33210356897935,,"modeled (gravity-turn analytic, Teofilatto et al. 2022)",Soyuz-2.1a,"Baikonur, Kazakhstan",400.0,51.66
Soyuz MS-17,2020-10-14,285.0,1302.665761904671,4169.287754190825,4922.630017562157,-5.36562892155274,0.1862572040985362,2.097838329513327,203.0623401118197,48.4160227513551,,"modeled (gravity-turn analytic, Teofilatto et al. 2022)",Soyuz-2.1a,"Baikonur, Kazakhstan",400.0,51.66
Soyuz MS-17,2020-10-14,290.0,1275.0307646194815,4172.36277801264,4931.396874254139,-5.473917782370676,0.1362063770052676,2.120859576203049,206.16172753925036,48.50063922854581,,"modeled (gravity-turn analytic, Teofilatto et al. 2022)",Soyuz-2.1a,"Baikonur, Kazakhstan",400.0,51.66
Soyuz MS-17,2020-10-14,295.0,1246.814396615199,4175.3240708227695,4940.1692261176595,-5.581662180108302,0.08428408416027951,2.1440871137980553,209.21066189540818,48.58588712655403,,"modeled (gravity-turn analytic, Teofilatto et al. 2022)",Soyuz-2.1a,"Baikonur, Kazakhstan",400.0,51.66
Soyuz MS-17,2020-10-14,300.0,1218.016906863501,4178.168191292184,4948.943546205691,-5.688821269313932,0.030476478274909555,2.167554867311811,212.2117649487939,48.671698762779734,,"modeled (gravity-turn analytic, Teofilatto et al. 2022)",Soyuz-2.1a,"Baikonur, Kazakhstan",400.0,51.66
Soyuz MS-17,2020-10-14,305.0,1188.6386209975283,4180.891755137865,4957.716362968785,-5.795353726917688,-0.025230369711547726,2.191296610999203,215.16787503460733,48.7580046173005,,"modeled (gravity-turn analytic, Teofilatto et al. 2022)",Soyuz-2.1a,"Baikonur, Kazakhstan",400.0,51.66
Soyuz MS-17,2020-10-14,310.0,1158.679937312572,4183.491435986083,4966.484261993415,-5.90121767865861,-0.0828503363007006,2.2153460533995633,218.08204705474742,48.84473331363883,,"modeled (gravity-turn analytic, Teofilatto et al. 2022)",Soyuz-2.1a,"Baikonur, Kazakhstan",400.0,51.66
Soyuz MS-17,2020-10-14,315.0,1128.1413244384514,4185.963964086262,4975.243884714701,-6.006370638391756,-0.14239716629099258,2.239736843175914,220.9575491730565,48.93181159320462,,"modeled (gravity-turn analytic, Teofilatto et al. 2022)",Soyuz-2.1a,"Baikonur, Kazakhstan",400.0,51.66
Soyuz MS-17,2020-10-14,320.0,1097.0233169583892,4188.3061252980615,4983.99192791648,-6.110769452228118,-0.2038844205342062,2.264502536475818,223.7978599252528,49.01916429716699,,"modeled (gravity-turn analytic, Teofilatto et al. 2022)",Soyuz-2.1a,"Baikonur, Kazakhstan",400.0,51.66
Soyuz MS-17,2020-10-14,325.0,1065.3265159905786,4190.514758765282,4992.725140541623,-6.214370251865528,-0.2673253752532613,2.289676612597465,226.60666331492413,49.106714334251535,,"modeled (gravity-turn analytic, Teofilatto et al. 2022)",Soyuz-2.1a,"Baikonur, Kazakhstan",400.0,51.66
Soyuz MS-17,2020-10-14,330.0,1033.0515898523518,4192.586753934311,5001.440319667335,-6.3171284151336,-0.33273295841149575,2.3152924335798755,229.38784276495275,49.19438265061871,,"modeled (gravity-turn analytic, Teofilatto et al. 2022)",Soyuz-2.1a,"Baikonur, Kazakhstan",400.0,51.66
Soyuz MS-17,2020-10-14,335.0,1000.1992694654195,4194.519051428548,5010.13431241816,-6.418998522266703,-0.400119608410802,2.341383304725334,232.14548109761196,49.282088219926095,,"modeled (gravity-turn analytic, Teofilatto et al. 2022)",Soyuz-2.1a,"Baikonur, Kazakhstan",400.0,51.66
Soyuz MS-17,2020-10-14,340.0,966.7703455695681,4196.308642904205,5018.804016231195,-6.519934320225061,-0.46949714978310597,2.3679825023299195,234.8838589511961,49.36974802917729,,"modeled (gravity-turn analytic, Teofilatto et al. 2022)",Soyuz-2.1a,"Baikonur, Kazakhstan",400.0,51.66
Soyuz MS-17,2020-10-14,345.0,932.7656684894162,4197.952569318839,5027.4463765986075,-6.619888692519299,-0.5408767307405989,2.3951232060251155,237.6074506372534,49.45727705913505,,"modeled (gravity-turn analytic, Teofilatto et al. 2022)",Soyuz-2.1a,"Baikonur, Kazakhstan",400.0,51.66
Soyuz MS-17,2020-10-14,350.0,898.1861447426915,4199.447921099334,5036.058387863036,-6.718813637227097,-0.6142686751074871,2.4228385428080337,240.3209230058491,49.54458827760413,,"modeled (gravity-turn analytic, Teofilatto et al. 2022)",Soyuz-2.1a,"Baikonur, Kazakhstan",400.0,51.66
Soyuz MS-17,2020-10-14,355.0,863.0327431681669,4200.791834133487,5044.637086749743,-6.816660258333696,-0.6896824045255225,2.451161512177479,243.0291273912998,49.63159260891493,,"modeled (gravity-turn analytic, Teofilatto et al. 2022)",Soyuz-2.1a,"Baikonur, Kazakhstan",400.0,51.66
Soyuz MS-17,2020-10-14,360.0,827.3064903968573,4201.981490503101,5053.179554111829,-6.913378755768543,-0.7671262883068707,2.480125016998484,245.73709917166593,49.71819893900307,,"modeled (gravity-turn analytic, Teofilatto et al. 2022)",Soyuz-2.1a,"Baikonur, Kazakhstan",400.0,51.66
Soyuz MS-17,2020-10-14,365.0,791.0084658251128,4203.014119336871,5061.682916945332,-7.0089184232179536,-0.8466074847579979,2.5097618989519037,248.45005760727997,49.80431412463932,,"modeled (gravity-turn analytic, Teofilatto et al. 2022)",Soyuz-2.1a,"Baikonur, Kazakhstan",400.0,51.66
Soyuz MS-17,2020-10-14,370.0,754.1398053796773,4203.88699488572,5070.144345034482,-7.103227653434206,-0.9281318362475482,2.540104874460196,251.1734008873001,49.88984298347539,,"modeled (gravity-turn analytic, Teofilatto et al. 2022)",Soyuz-2.1a,"Baikonur, Kazakhstan",400.0,51.66
Soyuz MS-17,2020-10-14,375.0,716.701694070681,4204.597438322018,5078.561054683507,-7.196253947703388,-1.0117037130319728,2.57118655317376,253.91270750189153,49.97468831840574,,"modeled (gravity-turn analytic, Teofilatto et al. 2022)",Soyuz-2.1a,"Baikonur, Kazakhstan",400.0,51.66
Soyuz MS-17,2020-10-14,380.0,678.6953744299752,4205.1428140749895,5086.930302173513,-7.287943947366323,-1.0973258879615146,2.6030393769310427,256.6737280622773,50.05875090650396,,"modeled (gravity-turn analytic, Teofilatto et al. 2022)",Soyuz-2.1a,"Baikonur, Kazakhstan",400.0,51.66
Soyuz MS-17,2020-10-14,385.0,640.1221466447324,4205.5205291905395,5095.249382792522,-7.3782434676068505,-1.1849993899026443,2.6356955939625992,259.4623820744948,50.141929516817505,,"modeled (gravity-turn analytic, Teofilatto et al. 2022)",Soyuz-2.1a,"Baikonur, Kazakhstan",400.0,51.66
Soyuz MS-17,2020-10-14,390.0,600.9833628660676,4205.728034514541,5103.515633420906,-7.467097538776154,-1.2747233300054162,2.669187274414442,262.2847579393961,50.224120947827224,,"modeled (gravity-turn analytic, Teofilatto et al. 2022)",Soyuz-2.1a,"Baikonur, Kazakhstan",400.0,51.66
Soyuz MS-17,2020-10-14,395.0,561.2804236313895,4205.762825211942,5111.72643383746,-7.554450458456475,-1.3664947315858342,2.7035463097116823,265.1471118139156,50.305220064825285,,"modeled (gravity-turn analytic, Teofilatto et al. 2022)",Soyuz-2.1a,"Baikonur, Kazakhstan",400.0,51.66
Soyuz MS-17,2020-10-14,400.0,521.0147846243134,4205.622439110348,5119.879203036189,-7.640245851369383,-1.4603084013690195,2.738804323064954,268.0558620698391,50.38511982143087,,"modeled (gravity-turn analytic, Teofilatto et al. 2022)",Soyuz-2.1a,"Baikonur, Kazakhstan",400.0,51.66
Soyuz MS-17,2020-10-14,405.0,480.1879467515614,4205.304459164422,5127.971404358873,-7.7244267404777975,-1.5561567403075853,2.7749926952176005,271.01759155492726,50.46371132521667,,"modeled (gravity-turn analytic, Teofilatto et al. 2022)",Soyuz-2.1a,"Baikonur, Kazakhstan",400.0,51.66
Soyuz MS-17,2020-10-14,410.0,438.80146978343174,4204.806509018748,5136.000536820782,-7.806935643083373,-1.654029604125653,2.812142466762502,274.03903663597384,50.54088386080573,,"modeled (gravity-turn analytic, Teofilatto et al. 2022)",Soyuz-2.1a,"Baikonur, Kazakhstan",400.0,51.66
Soyuz MS-17,2020-10-14,415.0,396.85696911146067,4204.126253816842,5143.964136694414,-7.88771466808227,-1.7539141302048291,2.8502843167837826,277.1270857867304,50.616524959226766,,"modeled (gravity-turn analytic, Teofilatto et al. 2022)",Soyuz-2.1a,"Baikonur, Kazakhstan",400.0,51.66
Soyuz MS-17,2020-10-14,420.0,354.35610969767106,4203.261401697427,5151.859780584224,-7.966705624339348,-1.8557945574447217,2.8894485545421253,280.28877958790594,50.69052047976858,,"modeled (gravity-turn analytic, Teofilatto et al. 2022)",Soyuz-2.1a,"Baikonur, Kazakhstan",400.0,51.66
Soyuz MS-17,2020-10-14,425.0,311.3006032546868,4202.209704342173,5159.685086613465,-8.043850143071174,-1.959652052855669,2.9296650926791994,283.53130890548465,50.76275469267168,,"modeled (gravity-turn analytic, Teofilatto et al. 2022)",Soyuz-2.1a,"Baikonur, Kazakhstan",400.0,51.66
Soyuz MS-17,2020-10-14,430.0,267.6922173764921,4200.968955399947,5167.4377102955095,-8.119089812904994,-2.065464569459935,2.970963344990748,286.8620080466008,50.833110350147955,,"modeled (gravity-turn analytic, Teofilatto et al. 2022)",Soyuz-2.1a,"Baikonur, Kazakhstan",400.0,51.66
Soyuz MS-17,2020-10-14,435.0,223.53276324186584,4199.536993955896,5175.115351473884,-8.19236632325534,-2.173206661786675,3.0133722351052463,290.28835842663045,50.9014688051954,,"modeled (gravity-turn analytic, Teofilatto et al. 2022)",Soyuz-2.1a,"Baikonur, Kazakhstan",400.0,51.66
Soyuz MS-17,2020-10-14,440.0,178.82411175125887,4197.911699313648,5182.71574408263,-8.263621643074401,-2.2828493463919153,3.056920083588854,293.81797452882967,50.96771009165095,,"modeled (gravity-turn analytic, Teofilatto et al. 2022)",Soyuz-2.1a,"Baikonur, Kazakhstan",400.0,51.66
Soyuz MS-17,2020-10-14,445.0,133.56819013858578,4196.090992272188,5190.236658351223,-8.332798195983125,-2.394359942770803,3.1016345665965632,297.4586023816745,51.03171305019636,,"modeled (gravity-turn analytic, Teofilatto et al. 2022)",Soyuz-2.1a,"Baikonur, Kazakhstan",400.0,51.66
Soyuz MS-17,2020-10-14,450.0,87.76697587776721,4194.072837101536,5197.675904499001,-8.399839046805521,-2.5077019162588168,3.1475426836426204,301.21811955886125,51.09335546705902,,"modeled (gravity-turn analytic, Teofilatto et al. 2022)",Soyuz-2.1a,"Baikonur, Kazakhstan",400.0,51.66
Soyuz MS-17,2020-10-14,455.0,41.42249193709563,4191.8552429686215,5205.031335455846,-8.464688102349948,-2.6228347300721535,3.1946707174400686,305.1045341598315,51.152514218847124,,"modeled (gravity-turn analytic, Teofilatto et al. 2022)",Soyuz-2.1a,"Baikonur, Kazakhstan",400.0,51.66
Soyuz MS-17,2020-10-14,460.0,-5.463180625385046,4189.436260873867,5212.300840074261,-8.527290335719977,-2.7397137307364114,3.243044115805771,309.12597357193795,51.20906540498664,,"modeled (gravity-turn analytic, Teofilatto et al. 2022)",Soyuz-2.1a,"Baikonur, Kazakhstan",400.0,51.66
Soyuz MS-17,2020-10-14,465.0,-52.8879174105755,4186.813989955423,5219.4823541798105,-8.58759199885412,-2.8582900096346657,3.2926874764966723,313.2906924949946,51.262884527831496,,"modeled (gravity-turn analytic, Teofilatto et al. 2022)",Soyuz-2.1a,"Baikonur, Kazakhstan",400.0,51.66
Soyuz MS-17,2020-10-14,470.0,-100.84953577315932,4183.986570943255,5226.573848918029,-8.645540887843932,-2.978510307701432,3.3436244327841145,317.60705521096463,51.31384664551991,,"modeled (gravity-turn analytic, Teofilatto et al. 2022)",Soyuz-2.1a,"Baikonur, Kazakhstan",400.0,51.66
Soyuz MS-17,2020-10-14,475.0,-149.34579429021787,4180.952186516837,5233.573330931992,-8.701086598201874,-3.100316920834862,3.3958775793003007,322.0835308821511,51.36182655682943,,"modeled (gravity-turn analytic, Teofilatto et al. 2022)",Soyuz-2.1a,"Baikonur, Kazakhstan",400.0,51.66
Soyuz MS-17,2020-10-14,480.0,-198.3743984401087,4177.70906394062,5240.47884679174,-8.75418078368302,-3.2236476130965928,3.449468418029148,326.7286935511968,51.40669900254687,,"modeled (gravity-turn analytic, Teofilatto et al. 2022)",Soyuz-2.1a,"Baikonur, Kazakhstan",400.0,51.66
Soyuz MS-17,2020-10-14,485.0,-247.93300635959375,4174.255477653097,5247.288487397981,-8.804777424380969,-3.348435546205534,3.504417302433427,331.5512221410845,51.44833887469344,,"modeled (gravity-turn analytic, Teofilatto et al. 2022)",Soyuz-2.1a,"Baikonur, Kazakhstan",400.0,51.66
Soyuz MS-17,2020-10-14,490.0,-298.0192243184378,4170.5897472612905,5254.000384325119,-8.852833116655773,-3.474609240689527,3.560743342757974,336.55989088888543,51.48662142580051,,"modeled (gravity-turn analytic, Teofilatto et al. 2022)",Soyuz-2.1a,"Baikonur, Kazakhstan",400.0,51.66
Soyuz MS-17,2020-10-14,495.0,-348.6306035245589,4166.710239640557,5260.6127115631825,-8.898307359097021,-3.6020925532538612,3.6184643074650253,341.7635662211634,51.52142249096181,,"modeled (gravity-turn analytic, Teofilatto et al. 2022)",Soyuz-2.1a,"Baikonur, Kazakhstan",400.0,51.66
Soyuz MS-17,2020-10-14,500.0,-399.76464675614113,4162.615370506779,5267.12368886053,-8.941162846675853,-3.7308046658151093,3.6775965688945,347.17120478371197,51.55261872664823,,"modeled (gravity-turn analytic, Teofilatto et al. 2022)",Soyuz-2.1a,"Baikonur, Kazakhstan",400.0,51.66
Soyuz MS-17,2020-10-14,505.0,-451.4187961076323,4158.303597585174,5273.531570272902,-8.98136579389698,-3.8606601244300376,3.7381549800506364,352.79183351429043,51.58008784625897,,"modeled (gravity-turn analytic, Teofilatto et al. 2022)",Soyuz-2.1a,"Baikonur, Kazakhstan",400.0,51.66
Soyuz MS-17,2020-10-14,510.0,-503.59043748543854,4153.773423975323,5279.834649235017,-9.018886229418603,-3.991568878424956,3.8001528044072495,358.63454946737886,51.603708876413094,,"modeled (gravity-turn analytic, Teofilatto et al. 2022)",Soyuz-2.1a,"Baikonur, Kazakhstan",400.0,51.66
Soyuz MS-17,2020-10-14,515.0,-556.2769052919423,4149.023401596391,5286.031263785949,-9.053698290148787,-4.123436343999636,3.8636016455479236,364.70851981417854,51.6233624186821,,"modeled (gravity-turn analytic, Teofilatto et al. 2022)",Soyuz-2.1a,"Baikonur, Kazakhstan",400.0,51.66
Soyuz MS-17,2020-10-14,520.0,-609.4754867590781,4144.052134367833,5292.119801395237,-9.085780513648361,-4.256163494242671,3.9285113749786493,371.0229813338528,51.638930915792464,,"modeled (gravity-turn analytic, Teofilatto et al. 2022)",Soyuz-2.1a,"Baikonur, Kazakhstan",400.0,51.66
Soyuz MS-17,2020-10-14,525.0,-663.1834136869008,4138.858273526109,5298.0986910924275,-9.11511614757293,-4.389647000892,3.99489001465794,377.5872238771277,51.65029891976315,,"modeled (gravity-turn analytic, Teofilatto et al. 2022)",Soyuz-2.1a,"Baikonur, Kazakhstan",400.0,51.66
Soyuz MS-17,2020-10-14,530.0,-717.3978628366972,4133.440519015602,5303.9664051444115,-9.141693437436853,-4.523779386821531,4.062743653676915,384.4105853958442,51.65735336945073,,"modeled (gravity-turn analytic, Teofilatto et al. 2022)",Soyuz-2.1a,"Baikonur, Kazakhstan",400.0,51.66
Soyuz MS-17,2020-10-14,535.0,-772.1159574436423,4127.797618908323,5309.721458545347,-9.165505907577334,-4.6584492115683656,4.132076369392389,391.50244399856786,51.65998387174877,,"modeled (gravity-turn analytic, Teofilatto et al. 2022)",Soyuz-2.1a,"Baikonur, Kazakhstan",400.0,51.66
Soyuz MS-17,2020-10-14,540.0,-827.334767820508,4121.928371266383,5315.362411333161,-9.186552624188991,-4.7935412817336704,4.202890144721921,398.87221348855996,51.658082984652864,,"modeled (gravity-turn analytic, Teofilatto et al. 2022)",Soyuz-2.1a,"Baikonur, Kazakhstan",400.0,51.66
Soyuz MS-17,2020-10-14,545.0,-881.2459684988473,4111.37695907231,5314.92952386286,-9.012742713275237,-4.894419911458706,4.105325074060904,398.9192045932033,51.651681614865026,,"modeled (gravity-turn analytic, Teofilatto et al. 2022)",Soyuz-2.1a,"Baikonur, Kazakhstan",400.0,51.66
Soyuz MS-17,2020-10-14,550.0,-934.4781087275628,4100.65738184231,5314.17796335323,-8.838510256588634,-4.988735829616659,4.0089959601848735,398.9661956978466,51.640939720576114,,"modeled (gravity-turn analytic, Teofilatto et al. 2022)",Soyuz-2.1a,"Baikonur, Kazakhstan",400.0,51.66
Soyuz MS-17,2020-10-14,555.0,-987.0271890485661,4089.780485515594,5313.119381573479,-8.664038603314275,-5.076566502660136,3.9139013607274262,399.01318680248994,51.626019154911354,,"modeled (gravity-turn analytic, Teofilatto et al. 2022)",Soyuz-2.1a,"Baikonur, Kazakhstan",400.0,51.66
Soyuz MS-17,2020-10-14,560.0,-1038.8895024602425,4078.7570210607646,5311.7653706708315,-8.489504389361235,-5.157994820942521,3.820039187670873,399.0601779071333,51.60708192555929,,"modeled (gravity-turn analytic, Teofilatto et al. 2022)",Soyuz-2.1a,"Baikonur, Kazakhstan",400.0,51.66
Soyuz MS-17,2020-10-14,565.0,-1090.0616282537924,4067.5976401965386,5310.127457084281,-8.315077434618178,-5.233108670852008,3.727406765488957,399.10716901177665,51.58428996451923,,"modeled (gravity-turn analytic, Teofilatto et al. 2022)",Soyuz-2.1a,"Baikonur, Kazakhstan",400.0,51.66
Soyuz MS-17,2020-10-14,570.0,-1140.5404257509535,4056.312891276786,5308.217095624646,-8.140920669721652,-5.302000510474272,3.636000887172498,399.15416011642,51.5578049063977,,"modeled (gravity-turn analytic, Teofilatto et al. 2022)",Soyuz-2.1a,"Baikonur, Kazakhstan",400.0,51.66
Soyuz MS-17,2020-10-14,575.0,-1190.3230279525728,4044.9132153389387,5306.0456637215975,-7.967190090964302,-5.364766950944334,3.54581786810087,399.2011512210633,51.52778787568576,,"modeled (gravity-turn analytic, Teofilatto et al. 2022)",Soyuz-2.1a,"Baikonur, Kazakhstan",400.0,51.66
Soyuz MS-17,2020-10-14,580.0,-1239.4068351073595,4033.4089423145874,5303.624455838019,-7.79403474184279,-5.421508345454024,3.4568535977359396,399.2481423257066,51.49439928337054,,"modeled (gravity-turn analytic, Teofilatto et al. 2022)",Soyuz-2.1a,"Baikonur, Kazakhstan",400.0,51.66
Soyuz MS-17,2020-10-14,585.0,-1287.7895082100035,4021.8102874009555,5300.964678051942,-7.621596719643497,-5.472328387682062,3.3691035891279406,399.29513343035,51.457798633158355,,"modeled (gravity-turn analytic, Teofilatto et al. 2022)",Soyuz-2.1a,"Baikonur, Kazakhstan",400.0,51.66
Soyuz MS-17,2020-10-14,590.0,-1335.4689624377113,4010.1273475917224,5298.077442806036,-7.450011205387197,-5.517333721212452,3.2825630262344347,399.34212453499333,51.41814433751462,,"modeled (gravity-turn analytic, Teofilatto et al. 2022)",Soyuz-2.1a,"Baikonur, Kazakhstan",400.0,51.66
Soyuz MS-17,2020-10-14,595.0,-1382.4433605340414,3998.3700983655485,5294.973763824417,-7.2794065154001535,-5.55663356130623,3.19722680906424,399.38911563963666,51.375593543656194,,"modeled (gravity-turn analytic, Teofilatto et al. 2022)",Soyuz-2.1a,"Baikonur, Kazakhstan",400.0,51.66
Soyuz MS-17,2020-10-14,600.0,-1428.711106148792,3986.548390530506,5291.664551196441,-7.109904172747884,-5.590339330194521,3.113089596667842,399.43610674428,51.330301969568104,,"modeled (gravity-turn analytic, Teofilatto et al. 2022)",Soyuz-2.1a,"Baikonur, Kazakhstan",400.0,51.66
Soyuz MS-17,2020-10-14,605.0,-1474.2708371424762,3974.671947222451,5288.160606626823,-6.941618996756381,-5.618564306868972,3.030145848004315,399.4830978489233,51.282423750054875,,"modeled (gravity-turn analytic, Teofilatto et al. 2022)",Soyuz-2.1a,"Baikonur, Kazakhstan",400.0,51.66
Soyuz MS-17,2020-10-14,610.0,-1519.121418863814,3962.750361055258,5284.472618851377,-6.774659208853114,-5.641423292161638,2.9483898607223735,399.53008895356663,51.23211129278262,,"modeled (gravity-turn analytic, Teofilatto et al. 2022)",Soyuz-2.1a,"Baikonur, Kazakhstan",400.0,51.66
Soyuz MS-17,2020-10-14,615.0,-1563.2619374084295,3950.7930914207045,5280.611159217442,-6.609126552983829,-5.659032289731021,2.867815807899614,399.57708005820996,51.17951514421604,,"modeled (gravity-turn analytic, Teofilatto et al. 2022)",Soyuz-2.1a,"Baikonur, Kazakhstan",400.0,51.66
Soyuz MS-17,2020-10-14,620.0,-1606.6916928667908,3938.8094619356925,5276.586677427874,-6.445116428899916,-5.671508203406052,2.7884177727896393,399.62407116285334,51.124783865308736,,"modeled (gravity-turn analytic, Teofilatto et al. 2022)",Soyuz-2.1a,"Baikonur, Kazakhstan",400.0,51.66
Soyuz MS-17,2020-10-14,625.0,-1649.4101925692546,3926.808658034329,5272.409497447402,-6.282718036662028,-5.6789685511862515,2.7101897816312883,399.67106226749667,51.06806391676453,,"modeled (gravity-turn analytic, Teofilatto et al. 2022)",Soyuz-2.1a,"Baikonur, Kazakhstan",400.0,51.66
Soyuz MS-17,2020-10-14,630.0,-1691.417144335829,3914.799724702368,5268.089813569938,-6.1220145307677205,-5.681531196054269,2.6331258345779958,399.71805337214,51.00949955365032,,"modeled (gravity-turn analytic, Teofilatto et al. 2022)",Soyuz-2.1a,"Baikonur, Kazakhstan",400.0,51.66
Soyuz MS-17,2020-10-14,635.0,-1732.7124497381626,3902.791564351347,5263.63768664532,-5.9630831823814265,-5.679314093627756,2.5572199348081988,399.7650444767833,50.94923272911,,"modeled (gravity-turn analytic, Teofilatto et al. 2022)",Soyuz-2.1a,"Baikonur, Kazakhstan",400.0,51.66
Soyuz MS-17,2020-10-14,640.0,-1773.2961973809527,3890.7929348297007,5259.063040463835,-5.805995548223094,-5.67243505656046,2.4824661158799026,399.81203558142664,50.88740300690094,,"modeled (gravity-turn analytic, Teofilatto et al. 2022)",Soyuz-2.1a,"Baikonur, Kazakhstan",400.0,51.66
Soyuz MS-17,2020-10-14,645.0,-1813.1686562098864,3878.8124475680293,5254.375658296759,-5.6508176447547145,-5.661011535498054,2.408858467393937,399.85902668607,50.82414748245275,,"modeled (gravity-turn analytic, Teofilatto et al. 2022)",Soyuz-2.1a,"Baikonur, Kazakhstan",400.0,51.66
Soyuz MS-17,2020-10-14,650.0,-1852.3302688529175,3866.8585658556767,5249.585179590983,-5.4976101263913355,-5.645160416302025,2.3363911590313293,399.90601779071335,50.759600712127614,,"modeled (gravity-turn analytic, Teofilatto et al. 2022)",Soyuz-2.1a,"Baikonur, Kazakhstan",400.0,51.66
Soyuz MS-17,2020-10-14,655.0,-1890.7816450015466,3854.939603245617,5244.7010968157965,-5.346428466552349,-5.624997833174925,2.265058463030419,399.9530088953567,50.69389465034844,,"modeled (gravity-turn analytic, Teofilatto et al. 2022)",Soyuz-2.1a,"Baikonur, Kazakhstan",400.0,51.66
Soyuz MS-17,2020-10-14,660.0,-1928.523554838518,3843.06372208471,5239.732752459654,-5.197323140459726,-5.600638997251495,2.1948547751691434,400.0,50.62715859424779,,"modeled (gravity-turn analytic, Teofilatto et al. 2022)",Soyuz-2.1a,"Baikonur, Kazakhstan",400.0,51.66
Shenzhou-9,2012-06-16,0.0,-860.4934843369165,4739.221326282182,4180.904659842755,-0.3457324773322542,-0.06200800799199913,0.0006570405621454493,0.0,40.958,,"modeled (gravity-turn analytic, Teofilatto et al. 2022)",Long March 2F,"Jiuquan, China",330.0,42.8
Shenzhou-9,2012-06-16,5.0,-862.2668581932006,4739.034873839355,4181.027765099501,-0.36630614622318725,-0.0137416778844527,0.04892418080191968,0.1816532766527655,40.95804794247729,,"modeled (gravity-turn analytic, Teofilatto et al. 2022)",Long March 2F,"Jiuquan, China",330.0,42.8
Shenzhou-9,2012-06-16,10.0,-864.1771197983602,4739.073767579841,4181.39555331814,-0.3995271985937727,0.02835245907645495,0.09825710136986925,0.710156207388569,40.95830189254911,,"modeled (gravity-turn analytic, Teofilatto et al. 2022)",Long March 2F,"Jiuquan, China",330.0,42.8
Shenzhou-9,2012-06-16,15.0,-866.277504540124,4739.309286176656,4182.0103666276955,-0.4420094286659695,0.06496749552112298,0.14762563173085871,1.5730193891314226,40.958886976929556,,"modeled (gravity-turn analytic, Teofilatto et al. 2022)",Long March 2F,"Jiuquan, China",330.0,42.8
Shenzhou-9,2012-06-16,20.0,-868.6098971173063,4739.714830756912,4182.870941355319,-0.4921058740532637,0.09639534339480942,0.19650152129498968,2.755503584581047,40.9599028377407,,"modeled (gravity-turn analytic, Teofilatto et al. 2022)",Long March 2F,"Jiuquan, China",330.0,42.8
Shenzhou-9,2012-06-16,25.0,-871.2093991709609,4740.26505164658,4183.973859734386,-0.5486784138886927,0.12285326725831684,0.24453843382358373,4.24154063878284,40.96143369380995,,"modeled (gravity-turn analytic, Teofilatto et al. 2022)",Long March 2F,"Jiuquan, China",330.0,42.8
Shenzhou-9,2012-06-16,30.0,-874.106139302309,4740.935635323685,4185.314227879064,-0.6108477687736207,0.14453437846688122,0.2914944880119218,6.014269130056713,40.963552215652534,,"modeled (gravity-turn analytic, Teofilatto et al. 2022)",Long March 2F,"Jiuquan, China",330.0,42.8
Shenzhou-9,2012-06-16,35.0,-877.3262963131187,4741.703231466819,4186.886095205972,-0.6778963457522831,0.161621732805693,0.33719774852774925,8.056399806686507,40.96632166218953,,"modeled (gravity-turn analytic, Teofilatto et al. 2022)",Long March 2F,"Jiuquan, China",330.0,42.8
Shenzhou-9,2012-06-16,40.0,-880.8927779188554,4742.545420999233,4188.682744726742,-0.749219897221469,0.17429261772995874,0.381526830453716,10.350480804979293,40.969797270678896,,"modeled (gravity-turn analytic, Teofilatto et al. 2022)",Long March 2F,"Jiuquan, China",330.0,42.8
Shenzhou-9,2012-06-16,45.0,-884.825715263115,4743.440695628461,4190.696906183253,-0.8242996023157678,0.18271955449764077,0.4243984604620836,12.879095960719074,40.97402725655732,,"modeled (gravity-turn analytic, Teofilatto et al. 2022)",Long March 2F,"Jiuquan, China",330.0,42.8
Shenzhou-9,2012-06-16,50.0,-889.1428452402756,4744.368438700988,4192.920917777323,-0.9026841512383583,0.18707017337612708,0.46575882288198045,15.625014973552195,40.9790535817897,,"modeled (gravity-turn analytic, Teofilatto et al. 2022)",Long March 2F,"Jiuquan, China",330.0,42.8
Shenzhou-9,2012-06-16,55.0,-893.8598180655686,4745.308903942107,4195.346851348601,-0.9839773340514669,0.18750674871016956,0.5055772113800495,18.571307505124174,40.98491257300652,,"modeled (gravity-turn analytic, Teofilatto et al. 2022)",Long March 2F,"Jiuquan, China",330.0,42.8
Shenzhou-9,2012-06-16,60.0,-898.9904514307418,4746.243191286339,4197.966610376033,-1.0678289295676289,0.18418570616328972,0.5438412059482076,21.70142955645526,40.99163543486574,,"modeled (gravity-turn analytic, Teofilatto et al. 2022)",Long March 2F,"Jiuquan, China",330.0,42.8
Shenzhou-9,2012-06-16,65.0,-904.5469447741158,4747.153219955771,4200.77200726579,-1.1539277236917018,0.1772572125331136,0.5805529183493684,24.99928826253492,40.99924868680881,,"modeled (gravity-turn analytic, Teofilatto et al. 2022)",Long March 2F,"Jiuquan, China",330.0,42.8
Shenzhou-9,2012-06-16,70.0,-910.5400617051612,4748.021699539244,4203.754824277086,-1.2419959651337775,0.16686490231203688,0.615726027315235,28.449289584995967,41.00777453933352,,"modeled (gravity-turn analytic, Teofilatto et al. 2022)",Long March 2F,"Jiuquan, China",330.0,42.8
Shenzhou-9,2012-06-16,75.0,-916.9792879156364,4748.8320994938495,4206.9068618542415,-1.33178487800258,0.1531457054364717,0.6493833994896976,32.03637269170404,41.01723122447558,,"modeled (gravity-turn analytic, Teofilatto et al. 2022)",Long March 2F,"Jiuquan, China",330.0,42.8
Shenzhou-9,2012-06-16,80.0,-923.8729686906269,4749.568617537413,4210.219976651537,-1.4230709396751946,0.13622979003012559,0.6815551713600904,35.74603344932783,41.0276332883048,,"modeled (gravity-turn analytic, Teofilatto et al. 2022)",Long March 2F,"Jiuquan, China",330.0,42.8
Shenzhou-9,2012-06-16,85.0,-931.2284277936113,4750.216148185139,4213.686111052098,-1.5156527338991892,0.11624062429930146,0.712277206244305,39.56433939584149,41.03899184803494,,"modeled (gravity-turn analytic, Teofilatto et al. 2022)",Long March 2F,"Jiuquan, China",330.0,42.8
Shenzhou-9,2012-06-16,90.0,-939.0520733604264,4750.760250938684,4217.297316444431,-1.609348311903397,0.09329506001308835,0.7415898191184432,43.47793813440374,41.05131482519598,,"modeled (gravity-turn analytic, Teofilatto et al. 2022)",Long March 2F,"Jiuquan, China",330.0,42.8
Shenzhou-9,2012-06-16,95.0,-947.349491248386,4751.187118747549,4221.045770935617,-1.7039929054783296,0.06750350110545791,0.7695367451244588,47.47406014475979,41.064607154948696,,"modeled (gravity-turn analytic, Teofilatto et al. 2022)",Long March 2F,"Jiuquan, China",330.0,42.8
Shenzhou-9,2012-06-16,100.0,-956.1255253118985,4751.483548215812,4224.923792390518,-1.799436947406096,0.03897013483560573,0.7961643118097104,51.54051762294495,41.07887096939899,,"modeled (gravity-turn analytic, Teofilatto et al. 2022)",Long March 2F,"Jiuquan, China",330.0,42.8
Shenzhou-9,2012-06-16,105.0,-965.3843534574563,4751.636908529945,4228.923848607488,-1.8955443893985806,0.0077931062152138825,0.8215207188155715,55.66569962684337,41.09410577405609,,"modeled (gravity-turn analytic, Teofilatto et al. 2022)",Long March 2F,"Jiuquan, China",330.0,42.8
Shenzhou-9,2012-06-16,110.0,-975.1295484853362,4751.635114592197,4233.038563706676,-1.9921911743001208,-0.02593515238104585,0.8456555187182776,59.83856537633239,41.11030859206838,,"modeled (gravity-turn analytic, Teofilatto et al. 2022)",Long March 2F,"Jiuquan, China",330.0,42.8
Shenzhou-9,2012-06-16,115.0,-985.3641405635639,4751.4665971853365,4237.260723081364,-2.0892639676489027,-0.06212775276130343,0.8686191057035824,64.0486344756606,41.12747411355276,,"modeled (gravity-turn analytic, Teofilatto et al. 2022)",Long March 2F,"Jiuquan, China",330.0,42.8
Shenzhou-9,2012-06-16,120.0,-996.090663972168,4751.1202789626595,4241.583275562387,-2.186658972299421,-0.10070298885250907,0.8904623991350351,68.28597708995352,41.14559481049093,,"modeled (gravity-turn analytic, Teofilatto et al. 2022)",Long March 2F,"Jiuquan, China",330.0,42.8
Shenzhou-9,2012-06-16,125.0,-1007.3112080761025,4750.585546985017,4245.999334981977,-2.284280940927038,-0.1415841577034968,0.9112364879974959,72.5412016936844,41.16466106152458,,"modeled (gravity-turn analytic, Teofilatto et al. 2022)",Long March 2F,"Jiuquan, China",330.0,42.8
Shenzhou-9,2012-06-16,130.0,-1019.0274551063901,4749.852229998203,4250.502179276208,-2.3820422664945657,-0.18469924038983282,0.9309924248565249,76.80544258702102,41.184661247641486,,"modeled (gravity-turn analytic, Teofilatto et al. 2022)",Long March 2F,"Jiuquan, China",330.0,42.8
Shenzhou-9,2012-06-16,135.0,-1031.2407188002649,4748.910576079864,4255.085250381571,-2.4798621787033355,-0.22998064619798458,0.9497810273657714,81.07034825331965,41.20558184887323,,"modeled (gravity-turn analytic, Teofilatto et al. 2022)",Long March 2F,"Jiuquan, China",330.0,42.8
Shenzhou-9,2012-06-16,140.0,-1043.9519797699543,4747.75122813302,4259.742150944956,-2.577666060526064,-0.27736503640298793,0.9676526805204865,85.32806549245343,41.22740753442261,,"modeled (gravity-turn analytic, Teofilatto et al. 2022)",Long March 2F,"Jiuquan, China",330.0,42.8
Shenzhou-9,2012-06-16,145.0,-1057.1619106924006,4746.36520786227,4264.466642938507,-2.6753847856707362,-0.3267929550321512,0.9846572993914564,89.57122939311941,41.25012122817771,,"modeled (gravity-turn analytic, Teofilatto et al. 2022)",Long March 2F,"Jiuquan, China",330.0,42.8
Shenzhou-9,2012-06-16,150.0,-1070.870909551274,4744.743892165474,4269.252644208177,-2.772954175951759,-0.378208729938926,1.0008441470553275,93.79294764647192,41.27370419213001,,"modeled (gravity-turn analytic, Teofilatto et al. 2022)",Long March 2F,"Jiuquan, China",330.0,42.8
Shenzhou-9,2012-06-16,155.0,-1085.0791202264281,4742.878995935776,4274.094224083568,-2.8703144946341332,-0.4315601951283132,1.0162618075535308,97.98678692568326,41.298136081096786,,"modeled (gravity-turn analytic, Teofilatto et al. 2022)",Long March 2F,"Jiuquan, China",330.0,42.8
Shenzhou-9,2012-06-16,160.0,-1099.7864538034673,4740.762557808378,4278.985601716908,-2.967409980325932,-0.4867984209871583,1.0309581745574437,102.14676332302633,41.32339499651824,,"modeled (gravity-turn analytic, Teofilatto et al. 2022)",Long March 2F,"Jiuquan, China",330.0,42.8
Shenzhou-9,2012-06-16,165.0,-1114.992613596487,4738.386918817101,4283.921140657508,-3.064188450865201,-0.5438776438137164,1.0449803242139932,106.26732577766329,41.34945754891002,,"modeled (gravity-turn analytic, Teofilatto et al. 2022)",Long March 2F,"Jiuquan, China",330.0,42.8
Shenzhou-9,2012-06-16,170.0,-1130.6971091067974,4735.744708649562,4288.895344162014,-3.1606009390220544,-0.6027550083952828,1.0583745455226738,110.34334374917402,41.37629889464021,,"modeled (gravity-turn analytic, Teofilatto et al. 2022)",Long March 2F,"Jiuquan, China",330.0,42.8
Shenzhou-9,2012-06-16,175.0,-1146.8992716302087,4732.828834314919,4293.902853245302,-3.2566013548802983,-0.6633903255552154,1.0711863733368612,114.37009874827675,41.40389277364772,,"modeled (gravity-turn analytic, Teofilatto et al. 2022)",Long March 2F,"Jiuquan, China",330.0,42.8
Shenzhou-9,2012-06-16,180.0,-1163.5982727586054,4729.632463793668,4298.938442202804,-3.3521461860271216,-0.7257459793005776,1.0834605268960469,118.34327109963974,41.432211553221606,,"modeled (gravity-turn analytic, Teofilatto et al. 2022)",Long March 2F,"Jiuquan, China",330.0,42.8
Shenzhou-9,2012-06-16,185.0,-1180.7931385671388,4726.149008884116,4303.997011462633,-3.4471942297920335,-0.78978684021743,1.0952408587339764,122.25892370671129,41.46122626261403,,"modeled (gravity-turn analytic, Teofilatto et al. 2022)",Long March 2F,"Jiuquan, China",330.0,42.8
Shenzhou-9,2012-06-16,190.0,-1198.4827554695714,4722.372120172032,4309.073586026617,-3.5417063588470663,-0.8554799285898591,1.10657050849509,126.11349689265234,41.49090660616585,,"modeled (gravity-turn analytic, Teofilatto et al. 2022)",Long March 2F,"Jiuquan, China",330.0,42.8
Shenzhou-9,2012-06-16,195.0,-1216.6658865381457,4718.295674733554,4314.163313250901,-3.6356452883599597,-0.9227943345305951,1.1174918640199853,129.9037994322702,41.521220997247326,,"modeled (gravity-turn analytic, Teofilatto et al. 2022)",Long March 2F,"Jiuquan, China",330.0,42.8
Shenzhou-9,2012-06-16,200.0,-1235.341182564289,4713.9137611853075,4319.261456027668,-3.728975368493657,-0.991701152031865,1.1280465221311962,133.6269937852319,41.55213658241455,,"modeled (gravity-turn analytic, Teofilatto et al. 2022)",Long March 2F,"Jiuquan, China",330.0,42.8
Shenzhou-9,2012-06-16,205.0,-1254.5071905844059,4709.220667568376,4324.363387010461,-3.8216623996973826,-1.0621733788112095,1.1382752854070532,137.28058370081067,41.583619258664505,,"modeled (gravity-turn analytic, Teofilatto et al. 2022)",Long March 2F,"Jiuquan, China",330.0,42.8
Shenzhou-9,2012-06-16,210.0,-1274.1623568545172,4704.21087943411,4329.464588226697,-3.9136734963692676,-1.1341856012755152,1.1482183438591815,140.8624117594662,41.61563367581256,,"modeled (gravity-turn analytic, Teofilatto et al. 2022)",Long March 2F,"Jiuquan, China",330.0,42.8
Shenzhou-9,2012-06-16,215.0,-1294.305040694767,4698.879067472876,4334.560647718386,-4.004976907138534,-1.2077139922386477,1.1579151989490537,144.37064950501923,41.648143260998786,,"modeled (gravity-turn analytic, Teofilatto et al. 2022)",Long March 2F,"Jiuquan, China",330.0,42.8
Shenzhou-9,2012-06-16,220.0,-1314.9335204014158,4693.22008005991,4339.647256249101,-4.095541884682133,-1.2827361631206562,1.16740471910132,147.80378977300873,41.681110226289576,,"modeled (gravity-turn analytic, Teofilatto et al. 2022)",Long March 2F,"Jiuquan, China",330.0,42.8
Shenzhou-9,2012-06-16,225.0,-1336.0460002078376,4687.228928029976,4344.720198410194,-4.185338530582323,-1.359231199088282,1.1767250413971513,151.16062998332876,41.714495580642065,,"modeled (gravity-turn analytic, Teofilatto et al. 2022)",Long March 2F,"Jiuquan, China",330.0,42.8
Shenzhou-9,2012-06-16,230.0,-1357.6406126611455,4680.900783846432,4349.775352876147,-4.274337719111132,-1.4371793959769328,1.1859137376508686,154.44027102021272,41.74825912731093,,"modeled (gravity-turn analytic, Teofilatto et al. 2022)",Long March 2F,"Jiuquan, China",330.0,42.8
Shenzhou-9,2012-06-16,235.0,-1379.715423723109,4674.2309764478505,4354.80869058197,-4.3625110036445,-1.5165621143731625,1.195007880941077,157.64211218030073,41.782359467145284,,"modeled (gravity-turn analytic, Teofilatto et al. 2022)",Long March 2F,"Jiuquan, China",330.0,42.8
Shenzhou-9,2012-06-16,240.0,-1402.2684431773184,4667.21498153504,4359.816271902298,-4.4498304837292295,-1.5973617903420354,1.2040439732786221,160.76584339353906,41.81675401126195,,"modeled (gravity-turn analytic, Teofilatto et al. 2022)",Long March 2F,"Jiuquan, China",330.0,42.8
Shenzhou-9,2012-06-16,245.0,-1425.2976254610787,4659.848414642348,4364.794241392535,-4.536268727694537,-1.6795618255525284,1.2130579861377664,163.81143592359976,41.85139897690722,,"modeled (gravity-turn analytic, Teofilatto et al. 2022)",Long March 2F,"Jiuquan, China",330.0,42.8
Shenzhou-9,2012-06-16,250.0,-1448.8008731079315,4652.127022740464,4369.738822653128,-4.621798676788472,-1.7631465520625151,1.2220853333783075,166.77913268132784,41.886249387876084,,"modeled (gravity-turn analytic, Teofilatto et al. 2022)",Long March 2F,"Jiuquan, China",330.0,42.8
Shenzhou-9,2012-06-16,255.0,-1472.7760395045175,4644.046683804553,4374.646319147052,-4.706393620138748,-1.8481010149328105,1.2311610176818464,169.66944808026724,41.92125907015961,,"modeled (gravity-turn analytic, Teofilatto et al. 2022)",Long March 2F,"Jiuquan, China",330.0,42.8
Shenzhou-9,2012-06-16,260.0,-1497.2209334922961,4635.603400452517,4379.513111253079,-4.790027111367335,-1.934410925972405,1.2403196133876153,172.4831616039463,41.95638065275086,,"modeled (gravity-turn analytic, Teofilatto et al. 2022)",Long March 2F,"Jiuquan, China",330.0,42.8
Shenzhou-9,2012-06-16,265.0,-1522.1333253634705,4626.793295147483,4384.335655244888,-4.872672904704456,-2.022062588325475,1.249595280631982,175.2213141817738,41.99156556929611,,"modeled (gravity-turn analytic, Teofilatto et al. 2022)",Long March 2F,"Jiuquan, China",330.0,42.8
Shenzhou-9,2012-06-16,270.0,-1547.5109454465635,4617.6126029743655,4389.110476759709,-4.9543048870933415,-2.1110428640639656,1.2590217353782927,177.8851975391795,42.026764050566506,,"modeled (gravity-turn analytic, Teofilatto et al. 2022)",Long March 2F,"Jiuquan, China",330.0,42.8
Shenzhou-9,2012-06-16,275.0,-1573.3514864024055,4608.057667797399,4393.834168744069,-5.034897038790252,-2.2013390796956878,1.26863228199307,180.47634978164012,42.06192512111052,,"modeled (gravity-turn analytic, Teofilatto et al. 2022)",Long March 2F,"Jiuquan, China",330.0,42.8
Shenzhou-9,2012-06-16,280.0,-1599.6526065122562,4598.124941131526,4398.503392027016,-5.114423432806212,-2.292938861616232,1.278459917976918,182.99655491643884,42.09699659631518,,"modeled (gravity-turn analytic, Teofilatto et al. 2022)",Long March 2F,"Jiuquan, China",330.0,42.8
Shenzhou-9,2012-06-16,285.0,-1626.4119324929977,4587.810976729082,4403.114872299237,-5.192858165431808,-2.3858301197333494,1.2885372836868911,185.44783688709413,42.131925081032264,,"modeled (gravity-turn analytic, Teofilatto et al. 2022)",Long March 2F,"Jiuquan, China",330.0,42.8
Shenzhou-9,2012-06-16,290.0,-1653.6270633693687,4577.112427806376,4407.665399695398,-5.270175340037855,-2.48000094239967,1.298896706873872,187.832457525612,42.1666559687229,,"modeled (gravity-turn analytic, Teofilatto et al. 2022)",Long March 2F,"Jiuquan, China",330.0,42.8
Shenzhou-9,2012-06-16,295.0,-1681.2955668038153,4566.026041641059,4412.1518226273065,-5.346349014466865,-2.5754395823945853,1.3095701465704757,190.15290695538232,42.201133433445364,,"modeled (gravity-turn analytic, Teofilatto et al. 2022)",Long March 2F,"Jiuquan, China",330.0,42.8
Shenzhou-9,2012-06-16,300.0,-1709.4149818948927,4554.548657474849,4416.5710473822,-5.421353201238119,-2.672134344329077,1.320589243779767,192.41190174385437,42.23530042956575,,"modeled (gravity-turn analytic, Teofilatto et al. 2022)",Long March 2F,"Jiuquan, China",330.0,42.8
Shenzhou-9,2012-06-16,305.0,-1737.9828225809727,4542.677204974456,4420.920038463213,-5.495161883185893,-2.7700734557759796,1.331985390070451,194.61238413649235,42.269098692703935,,"modeled (gravity-turn analytic, Teofilatto et al. 2022)",Long March 2F,"Jiuquan, China",330.0,42.8
Shenzhou-9,2012-06-16,310.0,-1766.996578521167,4530.408700535524,4425.195816005801,-5.56774896628165,-2.8692450479308076,1.3437896702330847,196.75751720624487,42.30246873977167,,"modeled (gravity-turn analytic, Teofilatto et al. 2022)",Long March 2F,"Jiuquan, China",330.0,42.8
Shenzhou-9,2012-06-16,315.0,-1796.4537181681812,4517.740245222249,4429.395455559548,-5.63908829386463,-2.969637049889554,1.3560329041886396,198.8506833207352,42.3353498719592,,"modeled (gravity-turn analytic, Teofilatto et al. 2022)",Long March 2F,"Jiuquan, China",330.0,42.8
Shenzhou-9,2012-06-16,320.0,-1826.3516831760594,4504.669021645093,4433.516082789642,-5.709153617784492,-3.0712371673078107,1.3687455861198508,200.89547609885236,42.36768017099033,,"modeled (gravity-turn analytic, Teofilatto et al. 2022)",Long March 2F,"Jiuquan, China",330.0,42.8
Shenzhou-9,2012-06-16,325.0,-1856.6878919206683,4491.192292241901,4437.554873749937,-5.777918624793079,-3.1740327740382344,1.3819579271062952,202.8956994659203,42.399396506382026,,"modeled (gravity-turn analytic, Teofilatto et al. 2022)",Long March 2F,"Jiuquan, China",330.0,42.8
Shenzhou-9,2012-06-16,330.0,-1887.4597431275631,4477.307397672982,4441.509055306036,-5.845356970778367,-3.278010801025345,1.3956999004573125,204.85536696731185,42.43043454409946,,"modeled (gravity-turn analytic, Teofilatto et al. 2022)",Long March 2F,"Jiuquan, China",330.0,42.8
Shenzhou-9,2012-06-16,335.0,-1918.6646146647142,4463.01175487583,4445.375902921332,-5.911442260100104,-3.3831577068329444,1.4100011822648637,206.77869771397926,42.460728752740195,,"modeled (gravity-turn analytic, Teofilatto et al. 2022)",Long March 2F,"Jiuquan, China",330.0,42.8
Shenzhou-9,2012-06-16,340.0,-1950.2998674995345,4448.302855230179,4449.152741070675,-5.976148084662407,-3.48945937619725,1.4248911838776313,208.67011562091912,42.49021241651714,,"modeled (gravity-turn analytic, Teofilatto et al. 2022)",Long March 2F,"Jiuquan, China",330.0,42.8
Shenzhou-9,2012-06-16,345.0,-1982.3628377192813,4433.178263502996,4452.836938397335,-6.039448021368985,-3.5969010904566736,1.4403989857604145,210.53424208832004,42.51881764060157,,"modeled (gravity-turn analytic, Teofilatto et al. 2022)",Long March 2F,"Jiuquan, China",330.0,42.8
Shenzhou-9,2012-06-16,350.0,-2014.8508402433342,4417.635616203403,4456.425908154578,-6.10131567811843,-3.7054674319148315,1.4565533599842075,212.37589512807511,42.54647536978997,,"modeled (gravity-turn analytic, Teofilatto et al. 2022)",Long March 2F,"Jiuquan, China",330.0,42.8
Shenzhou-9,2012-06-16,355.0,-2047.7611735399282,4401.6726198450715,4459.917109077873,-6.1617247513555276,-3.8151421811351427,1.4733828022538693,214.20008907523467,42.57311540995453,,"modeled (gravity-turn analytic, Teofilatto et al. 2022)",Long March 2F,"Jiuquan, China",330.0,42.8
Shenzhou-9,2012-06-16,360.0,-2081.091116039509,4385.287050661921,4463.308043310603,-6.220649037090964,-3.9259082766743494,1.4909154723511693,216.01203072737917,42.59866644575277,,"modeled (gravity-turn analytic, Teofilatto et al. 2022)",Long March 2F,"Jiuquan, China",330.0,42.8
Shenzhou-9,2012-06-16,365.0,-2114.837932557518,4368.476752581837,4466.59625789862,-6.27806248912917,-4.0377477240910356,1.509179210939255,217.81711975447837,42.623056069046925,,"modeled (gravity-turn analytic, Teofilatto et al. 2022)",Long March 2F,"Jiuquan, China",330.0,42.8
Shenzhou-9,2012-06-16,370.0,-2148.9988639644293,4351.2396379562415,4469.779340184408,-6.333939249198815,-4.150641557355365,1.5282014723912112,219.6209414662781,42.64621079919115,,"modeled (gravity-turn analytic, Teofilatto et al. 2022)",Long March 2F,"Jiuquan, China",330.0,42.8
Shenzhou-9,2012-06-16,375.0,-2183.5711291999746,4333.573686406311,4472.854917806621,-6.388253707797805,-4.264569763358716,1.5480093163756612,221.4292651068002,42.66805611651758,,"modeled (gravity-turn analytic, Teofilatto et al. 2022)",Long March 2F,"Jiuquan, China",330.0,42.8
Shenzhou-9,2012-06-16,380.0,-2218.5519312758743,4315.476942875185,4475.820660054258,-6.44098058383612,-4.379511191291657,1.56862942441987,223.24804385434243,42.688516501227845,,"modeled (gravity-turn analytic, Teofilatto et al. 2022)",Long March 2F,"Jiuquan, China",330.0,42.8
Shenzhou-9,2012-06-16,385.0,-2253.938455565405,4296.947517589374,4478.674276912434,-6.492094983564283,-4.49544349280592,1.5900880649440707,225.08341197105352,42.70751547101649,,"modeled (gravity-turn analytic, Teofilatto et al. 2022)",Long March 2F,"Jiuquan, China",330.0,42.8
Shenzhou-9,2012-06-16,390.0,-2289.7278716560786,4277.983585704451,4481.413519621602,-6.541572455990214,-4.61234306821177,1.6124110520399242,226.94168383433112,42.72497562482288,,"modeled (gravity-turn analytic, Teofilatto et al. 2022)",Long March 2F,"Jiuquan, China",330.0,42.8
Shenzhou-9,2012-06-16,395.0,-2325.9173302981467,4258.583387138215,4484.036178958293,-6.589389076488736,-4.730185002493093,1.6356237200452028,228.82934975521366,42.740818688845074,,"modeled (gravity-turn analytic, Teofilatto et al. 2022)",Long March 2F,"Jiuquan, China",330.0,42.8
Shenzhou-9,2012-06-16,400.0,-2362.5039569396567,4238.745227704179,4486.540082836594,-6.635521514553959,-4.848943024133013,1.6597508614676741,230.75307071837207,42.75496556674933,,"modeled (gravity-turn analytic, Teofilatto et al. 2022)",Long March 2F,"Jiuquan, China",330.0,42.8
Shenzhou-9,2012-06-16,405.0,-2399.484858315475,4218.4674772558765,4488.923098031383,-6.6799471328986355,-4.968589433550852,1.684816724328067,232.7196783731199,42.767336400117166,,"modeled (gravity-turn analytic, Teofilatto et al. 2022)",Long March 2F,"Jiuquan, China",330.0,42.8
Shenzhou-9,2012-06-16,410.0,-2436.8571275685463,4197.748568093916,4491.183131392082,-6.722644088694457,-5.089095038328187,1.7108450013959868,234.73617440890754,42.777850631500215,,"modeled (gravity-turn analytic, Teofilatto et al. 2022)",Long March 2F,"Jiuquan, China",330.0,42.8
Shenzhou-9,2012-06-16,415.0,-2474.617836002476,4176.586997594997,4493.318127731716,-6.763591404440919,-5.210429126490822,1.7378587466035291,236.80972538967845,42.786427068420736,,"modeled (gravity-turn analytic, Teofilatto et al. 2022)",Long March 2F,"Jiuquan, China",330.0,42.8
Shenzhou-9,2012-06-16,420.0,-2512.764043461034,4154.981325797764,4495.326073008253,-6.8027690792019415,-5.33255940489476,1.7658803715776246,238.9476646016689,42.79298395748102,,"modeled (gravity-turn analytic, Teofilatto et al. 2022)",Long March 2F,"Jiuquan, China",330.0,42.8
Shenzhou-9,2012-06-16,425.0,-2551.2927833118056,4132.930178504489,4497.204989216361,-6.840158181302516,-5.455451981804458,1.7949315566725752,241.1574821638344,42.79743905863298,,"modeled (gravity-turn analytic, Teofilatto et al. 2022)",Long March 2F,"Jiuquan, China",330.0,42.8
Shenzhou-9,2012-06-16,430.0,-2590.201065166319,4110.43224679276,4498.952935264295,-6.875740958501682,-5.579071328881491,1.8250332146217239,243.44682316389148,42.799709729693205,,"modeled (gravity-turn analytic, Teofilatto et al. 2022)",Long March 2F,"Jiuquan, China",330.0,42.8
Shenzhou-9,2012-06-16,435.0,-2629.485882136495,4087.4862853108725,4500.568009162731,-6.90950095779724,-5.703380240518203,1.8562054697823036,245.8234876583174,42.799713015317096,,"modeled (gravity-turn analytic, Teofilatto et al. 2022)",Long March 2F,"Jiuquan, China",330.0,42.8
Shenzhou-9,2012-06-16,440.0,-2669.1442123896636,4064.091111917853,4502.048348439673,-6.941423141988228,-5.828339807532611,1.8884676158629121,248.2954281012113,42.79736573957838,,"modeled (gravity-turn analytic, Teofilatto et al. 2022)",Long March 2F,"Jiuquan, China",330.0,42.8
Shenzhou-9,2012-06-16,445.0,-2709.1730122128747,4040.2456108665715,4503.392129095327,-6.971493988221216,-5.953909414081232,1.9218380291233763,250.8707443480883,42.79258460466587,,"modeled (gravity-turn analytic, Teofilatto et al. 2022)",Long March 2F,"Jiuquan, China",330.0,42.8
Shenzhou-9,2012-06-16,450.0,-2749.5692249468593,4015.948730586038,4504.597568235008,-6.999701619792554,-6.080046713594156,1.9563341489469395,253.5576839566754,42.78528629436676,,"modeled (gravity-turn analytic, Teofilatto et al. 2022)",Long March 2F,"Jiuquan, China",330.0,42.8
Shenzhou-9,2012-06-16,455.0,-2790.3297646037004,3991.1994870985286,4505.662918492904,-7.026035920247756,-6.206707647392165,1.99197237730047,256.36462982351634,42.775387585960104,,"modeled (gravity-turn analytic, Teofilatto et al. 2022)",Long March 2F,"Jiuquan, China",330.0,42.8
Shenzhou-9,2012-06-16,460.0,-2831.4515221756083,3965.996963219561,4506.586470455222,-7.0504886595964,-6.333846442151143,2.028768039954288,259.300099542821,42.7628054661637,,"modeled (gravity-turn analytic, Teofilatto et al. 2022)",Long March 2F,"Jiuquan, China",330.0,42.8
Shenzhou-9,2012-06-16,465.0,-2872.9313733357935,3940.340307338528,4507.366555462787,-7.073053622222924,-6.4614156130754905,2.066735351000295,262.37274540646524,42.74745724996575,,"modeled (gravity-turn analytic, Teofilatto et al. 2022)",Long March 2F,"Jiuquan, China",330.0,42.8
Shenzhou-9,2012-06-16,470.0,-2914.7661777246553,3914.2287337232615,4508.001545413275,-7.093726730433348,-6.589365985788057,2.1058873524486237,265.59134966639004,42.72926070540008,,"modeled (gravity-turn analytic, Teofilatto et al. 2022)",Long March 2F,"Jiuquan, China",330.0,42.8
Shenzhou-9,2012-06-16,475.0,-2956.952773061681,3887.6615259786586,4508.489852434658,-7.1125061549554625,-6.717646734201541,2.146235827129696,268.9648190033899,42.70813418630872,,"modeled (gravity-turn analytic, Teofilatto et al. 2022)",Long March 2F,"Jiuquan, China",330.0,42.8
Shenzhou-9,2012-06-16,480.0,-2999.4879838722622,3860.6380352020497,4508.8299317197325,-7.12939244504958,-6.846205408345711,2.1877912658579453,272.5021841246811,42.68399676433048,,"modeled (gravity-turn analytic, Teofilatto et al. 2022)",Long March 2F,"Jiuquan, China",330.0,42.8
Shenzhou-9,2012-06-16,485.0,-3042.368604583043,3833.1576823172563,4509.020274809061,-7.1443886469743845,-6.974988005124336,2.2305627651293554,276.2125837158696,42.656768376007264,,"modeled (gravity-turn analytic, Teofilatto et al. 2022)",Long March 2F,"Jiuquan, China",330.0,42.8
Shenzhou-9,2012-06-16,490.0,-3085.5914065058205,3805.2199579767384,4509.059412907139,-7.1575004211247855,-7.103939018346466,2.274557980881858,280.1052639622797,42.62636996601414,,"modeled (gravity-turn analytic, Teofilatto et al. 2022)",Long March 2F,"Jiuquan, China",330.0,42.8
Shenzhou-9,2012-06-16,495.0,-3129.153145645839,3776.824422265445,4508.945920468979,-7.168736155646285,-7.2330014966256,2.319783084377434,284.18957854895416,42.59272363194937,,"modeled (gravity-turn analytic, Teofilatto et al. 2022)",Long March 2F,"Jiuquan, China",330.0,42.8
Shenzhou-9,2012-06-16,500.0,-3173.0505644326818,3747.9707046491735,4508.678415944705,-7.178107075022827,-7.362117119095801,2.3662427040668987,288.4749840411175,42.55575277433754,,"modeled (gravity-turn analytic, Teofilatto et al. 2022)",Long March 2F,"Jiuquan, China",330.0,42.8
Shenzhou-9,2012-06-16,505.0,-3217.2803806367087,3718.6585073444694,4508.255558764475,-7.1856273354077045,-7.4912262967305105,2.4139398302675326,292.97102828181534,42.51538225923455,,"modeled (gravity-turn analytic, Teofilatto et al. 2022)",Long March 2F,"Jiuquan, China",330.0,42.8
Shenzhou-9,2012-06-16,510.0,-3261.8393024401835,3688.8876051296816,4507.676056654306,-7.191314122140802,-7.6202682483466715,2.462875788260556,297.6873558348191,42.47153856779714,,"modeled (gravity-turn analytic, Teofilatto et al. 2022)",Long March 2F,"Jiuquan, China",330.0,42.8
Shenzhou-9,2012-06-16,515.0,-3306.724009341097,3658.657844313181,4506.938655168399,-7.195187743324026,-7.749181140014208,2.5130501403654466,302.6336843715552,42.424149968002546,,"modeled (gravity-turn analytic, Teofilatto et al. 2022)",Long March 2F,"Jiuquan, China",330.0,42.8
Shenzhou-9,2012-06-16,520.0,-3351.9311575207835,3627.9691438558684,4506.042141154681,-7.197271707799218,-7.877902194685539,2.564460636603152,307.81980298570073,42.37314667575289,,"modeled (gravity-turn analytic, Teofilatto et al. 2022)",Long March 2F,"Jiuquan, China",330.0,42.8
Shenzhou-9,2012-06-16,525.0,-3397.4573872632072,3596.821496512846,4504.985347274267,-7.197592793877824,-8.006367806997423,2.6171031712520096,313.25557219318324,42.318461014715226,,"modeled (gravity-turn analytic, Teofilatto et al. 2022)",Long March 2F,"Jiuquan, China",330.0,42.8
Shenzhou-9,2012-06-16,530.0,-3443.299329513085,3565.2149699030206,4503.767156043088,-7.196181108144968,-8.134513667572426,2.670971739257257,318.9509231273575,42.26002757621521,,"modeled (gravity-turn analytic, Teofilatto et al. 2022)",Long March 2F,"Jiuquan, China",330.0,42.8
Shenzhou-9,2012-06-16,535.0,-3489.4535943042247,3533.149706372691,4502.386493823381,-7.193070132522316,-8.262274928635886,2.7260583558424196,324.91583987880534,42.19778339262642,,"modeled (gravity-turn analytic, Teofilatto et al. 2022)",Long March 2F,"Jiuquan, China",330.0,42.8
Shenzhou-9,2012-06-16,540.0,-3535.916771297182,3500.625923276655,4500.842331216597,-7.1882967622381715,-8.389586357259445,2.782353008553905,331.1603520875106,42.13166810246625,,"modeled (gravity-turn analytic, Teofilatto et al. 2022)",Long March 2F,"Jiuquan, China",330.0,42.8
Shenzhou-9,2012-06-16,545.0,-3578.50761688347,3464.8046688868158,4494.823026679407,-6.9865160315435615,-8.395622727390892,2.7142764158121766,331.11200408386435,42.062764835292825,,"modeled (gravity-turn analytic, Teofilatto et al. 2022)",Long March 2F,"Jiuquan, China",330.0,42.8
Shenzhou-9,2012-06-16,550.0,-3620.3383239203663,3429.1531562273744,4488.589143042224,-6.787256802340034,-8.396217947718933,2.6471059778197676,331.06365608021804,41.99146970728752,,"modeled (gravity-turn analytic, Teofilatto et al. 2022)",Long March 2F,"Jiuquan, China",330.0,42.8
Shenzhou-9,2012-06-16,555.0,-3661.413545627795,3393.6837903333603,4482.151924253693,-6.590601774554492,-8.391508051823127,2.5808424639820733,331.0153080765718,41.91791963301428,,"modeled (gravity-turn analytic, Teofilatto et al. 2022)",Long March 2F,"Jiuquan, China",330.0,42.8
Shenzhou-9,2012-06-16,560.0,-3701.738119117123,3358.408721925723,4475.522505924271,-6.396627875296437,-8.381628860324058,2.5154861657156427,330.96696007292553,41.842249884906025,,"modeled (gravity-turn analytic, Teofilatto et al. 2022)",Long March 2F,"Jiuquan, China",330.0,42.8
Shenzhou-9,2012-06-16,565.0,-3741.3170563450844,3323.3398476107945,4468.711911392577,-6.2054064109842475,-8.36671576955036,2.451036924345623,330.9186120692792,41.76459401190049,,"modeled (gravity-turn analytic, Teofilatto et al. 2022)",Long March 2F,"Jiuquan, China",330.0,42.8
Shenzhou-9,2012-06-16,570.0,-3780.155535136576,3288.4888102604496,4461.731047951405,-6.017003224263861,-8.346903553593712,2.387494158316781,330.87026406563297,41.68508376444315,,"modeled (gravity-turn analytic, Teofilatto et al. 2022)",Long March 2F,"Jiuquan, China",330.0,42.8
Shenzhou-9,2012-06-16,575.0,-3818.258890282498,3253.866999566692,4454.590703231572,-5.831478854755398,-8.322326179563024,2.3248568897238973,330.82191606198666,41.60384902568567,,"modeled (gravity-turn analytic, Teofilatto et al. 2022)",Long March 2F,"Jiuquan, China",330.0,42.8
Shenzhou-9,2012-06-16,580.0,-3855.6326047185585,3219.485552764389,4447.301541741625,-5.648888702721003,-8.293116635791817,2.263123770168595,330.7735680583404,41.5210177486937,,"modeled (gravity-turn analytic, Teofilatto et al. 2022)",Long March 2F,"Jiuquan, China",330.0,42.8
Shenzhou-9,2012-06-16,585.0,-3892.282300790713,3185.355355515797,4439.8741015613705,-5.469283194806199,-8.259406772703233,2.2022931059506528,330.72522005469415,41.43671589946679,,"modeled (gravity-turn analytic, Teofilatto et al. 2022)",Long March 2F,"Jiuquan, China",330.0,42.8
Shenzhou-9,2012-06-16,590.0,-3928.2137316126086,3151.4870429506054,4432.3187911869745,-5.292707951066936,-8.221327155993785,2.1423628826027463,330.67687205104784,41.35106740556289,,"modeled (gravity-turn analytic, Teofilatto et al. 2022)",Long March 2F,"Jiuquan, China",330.0,42.8
Shenzhou-9,2012-06-16,595.0,-3963.4327725202684,3117.891000855117,4424.645886525382,-5.119203952554178,-8.179006931760767,2.083330788778164,330.6285240474016,41.26419411011276,,"modeled (gravity-turn analytic, Teofilatto et al. 2022)",Long March 2F,"Jiuquan, China",330.0,42.8
Shenzhou-9,2012-06-16,600.0,-3997.9454126288692,3084.5773670042554,4416.865528035619,-4.948807708787194,-8.132573703167758,2.0251942395015794,330.5801760437553,41.17621573100328,,"modeled (gravity-turn analytic, Teofilatto et al. 2022)",Long March 2F,"Jiuquan, China",330.0,42.8
Shenzhou-9,2012-06-16,605.0,-4031.7577464963574,3051.5560326300592,4408.987718014506,-4.781551424505004,-8.08215341821827,1.9679503987933102,330.531828040109,41.087249825004925,,"modeled (gravity-turn analytic, Teofilatto et al. 2022)",Long March 2F,"Jiuquan, China",330.0,42.8
Shenzhou-9,2012-06-16,610.0,-4064.8759658982844,3018.8366440203963,4401.022318024167,-4.617463165142294,-8.02787026818837,1.9115962016776902,330.48348003646277,40.997411756615215,,"modeled (gravity-turn analytic, Teofilatto et al. 2022)",Long March 2F,"Jiuquan, China",330.0,42.8
Shenzhou-9,2012-06-16,615.0,-4097.306351718132,2986.4286042415843,4392.979046458706,-4.45656702053114,-7.969846596255108,1.8561283755863203,330.43513203281645,40.9068146713899,,"modeled (gravity-turn analytic, Teofilatto et al. 2022)",Long March 2F,"Jiuquan, China",330.0,42.8
Shenzhou-9,2012-06-16,620.0,-4129.055265957053,2954.341074978679,4384.867476247283,-4.298883266382907,-7.908202815847987,1.8015434611669396,330.3867840291702,40.81556947353271,,"modeled (gravity-turn analytic, Teofilatto et al. 2022)",Long March 2F,"Jiuquan, China",330.0,42.8
Shenzhou-9,2012-06-16,625.0,-4160.12914386679,2922.582978487271,4376.697032690803,-4.144428523155551,-7.8430573382452335,1.7478378325085968,330.33843602552395,40.72378480751606,,"modeled (gravity-turn analytic, Teofilatto et al. 2022)",Long March 2F,"Jiuquan, China",330.0,42.8
Shenzhou-9,2012-06-16,630.0,-4190.534486209321,2891.1629996505776,4368.47699142934,-3.993215911959527,-7.774526508935129,1.6950077167936253,330.29008802187764,40.631567043507715,,"modeled (gravity-turn analytic, Teofilatto et al. 2022)",Long March 2F,"Jiuquan, China",330.0,42.8
Shenzhou-9,2012-06-16,635.0,-4220.277851646479,2860.089588135769,4360.21647653739,-3.8452552072013972,-7.702724552264118,1.6430492133867012,330.2417400182314,40.53902026638137,,"modeled (gravity-turn analytic, Teofilatto et al. 2022)",Long March 2F,"Jiuquan, China",330.0,42.8
Shenzhou-9,2012-06-16,640.0,-4249.365849262697,2829.370960643466,4351.9244587439625,-3.700552985707005,-7.627763523898246,1.5919583123710082,330.19339201458513,40.44624626809279,,"modeled (gravity-turn analytic, Teofilatto et al. 2022)",Long March 2F,"Jiuquan, China",330.0,42.8
Shenzhou-9,2012-06-16,645.0,-4277.805131223696,2799.015103244449,4343.609753774534,-3.5591127721063396,-7.549753270631456,1.5417309125411665,330.1450440109388,40.353344543208955,,"modeled (gravity-turn analytic, Teofilatto et al. 2022)",Long March 2F,"Jiuquan, China",330.0,42.8
Shenzhou-9,2012-06-16,650.0,-4305.602385573814,2769.0297737976707,4335.281020811773,-3.420935180299559,-7.4688013970838885,1.4923628388622778,330.09669600729256,40.260412287381456,,"modeled (gravity-turn analytic, Teofilatto et al. 2022)",Long March 2F,"Jiuquan, China",330.0,42.8
Shenzhou-9,2012-06-16,655.0,-4332.7643291744525,2739.4225044437,4326.946761072021,-3.286018050858323,-7.3850132388445155,1.4438498594040017,330.04834800364625,40.16754439856297,,"modeled (gravity-turn analytic, Teofilatto et al. 2022)",Long March 2F,"Jiuquan, China",330.0,42.8
Shenzhou-9,2012-06-16,660.0,-4359.29770078587,2710.200604167944,4318.615316494366,-3.1543565842486174,-7.2984918416253795,1.3961877017582265,330.0,40.07483348077039,,"modeled (gravity-turn analytic, Teofilatto et al. 2022)",Long March 2F,"Jiuquan, China",330.0,42.8
OA-7 / Cygnus,2017-04-18,0.0,917.8274928000302,-5530.367882522306,3041.9163973053483,0.40343028428852357,0.0660659018506327,0.00048233722592031013,0.0,28.484999999999996,,"modeled (gravity-turn analytic, Teofilatto et al. 2022)",Atlas V,"Cape Canaveral, USA",400.0,51.6
OA-7 / Cygnus,2017-04-18,5.0,919.8845911127555,-5530.18152896029,3042.0176068078836,0.4212314857496707,0.01000993064556259,0.04166518294729239,0.18303934808925693,28.485142190512306,,"modeled (gravity-turn analytic, Teofilatto et al. 2022)",Atlas V,"Cape Canaveral, USA",400.0,51.6
OA-7 / Cygnus,2017-04-18,10.0,922.0536351884996,-5530.254736079083,3042.3451707140034,0.44754070695942305,-0.038092942404824914,0.09033434489650971,0.7159133266804399,28.485892491537477,,"modeled (gravity-turn analytic, Teofilatto et al. 2022)",Atlas V,"Cape Canaveral, USA",400.0,51.6
OA-7 / Cygnus,2017-04-18,15.0,924.3702231824252,-5530.5510136504145,3042.929283628215,0.48000982554042143,-0.07931613217189157,0.1440341384652362,1.5866185635874,28.487617672390197,,"modeled (gravity-turn analytic, Teofilatto et al. 2022)",Atlas V,"Cape Canaveral, USA",400.0,51.6
OA-7 / Cygnus,2017-04-18,20.0,926.8621095216171,-5531.037219167342,3043.791869757196,0.5175048484028241,-0.11412579444882,0.20156861083410685,2.781040241645556,28.49060988292299,,"modeled (gravity-turn analytic, Teofilatto et al. 2022)",Atlas V,"Cape Canaveral, USA",400.0,51.6
OA-7 / Cygnus,2017-04-18,25.0,929.5523940887986,-5531.682161489212,3044.949955476755,0.5592468556747736,-0.14285869520489355,0.2621274207386264,4.283811921765306,28.495116863396632,,"modeled (gravity-turn analytic, Teofilatto et al. 2022)",Atlas V,"Cape Canaveral, USA",400.0,51.6
OA-7 / Cygnus,2017-04-18,30.0,932.4607848518575,-5532.4561957063415,3046.417053720336,0.6046370483827629,-0.16580187247362116,0.3251017427798775,6.078812290036054,28.501353642540362,,"modeled (gravity-turn analytic, Teofilatto et al. 2022)",Atlas V,"Cape Canaveral, USA",400.0,51.6
OA-7 / Cygnus,2017-04-18,35.0,935.6043092474002,-5533.331048509736,3048.20396121621,0.6531885882270779,-0.1832176398080912,0.3900104310696558,8.149503521303506,28.509509034960402,,"modeled (gravity-turn analytic, Teofilatto et al. 2022)",Atlas V,"Cape Canaveral, USA",400.0,51.6
OA-7 / Cygnus,2017-04-18,40.0,938.9977837238514,-5534.279722658575,3050.319290563984,0.7044926534279317,-0.19535305659201385,0.45646218147786866,10.479177299661938,28.519749900055952,,"modeled (gravity-turn analytic, Teofilatto et al. 2022)",Atlas V,"Cape Canaveral, USA",400.0,51.6
OA-7 / Cygnus,2017-04-18,45.0,942.6541539124705,-5535.2764324929385,3052.7698566175727,0.7581988549543448,-0.2024437552947967,0.5241331022586367,13.051139577262358,28.532224226755513,,"modeled (gravity-turn analytic, Teofilatto et al. 2022)",Atlas V,"Cape Canaveral, USA",400.0,51.6
OA-7 / Cygnus,2017-04-18,50.0,946.5847561740683,-5536.296552067484,3055.560972214519,0.8140027113311927,-0.2047155034832122,0.5927520347365892,15.84885140567682,28.547063517964325,,"modeled (gravity-turn analytic, Teofilatto et al. 2022)",Atlas V,"Cape Canaveral, USA",400.0,51.6
OA-7 / Cygnus,2017-04-18,55.0,950.7995269217936,-5537.316568290392,3058.696682570483,0.8716370143239611,-0.20238481422606414,0.6620902508524782,18.85603687487787,28.564384717207435,,"modeled (gravity-turn analytic, Teofilatto et al. 2022)",Atlas V,"Cape Canaveral, USA",400.0,51.6
OA-7 / Cygnus,2017-04-18,60.0,955.3071749002186,-5538.31403589716,3062.179955616898,0.9308655307751829,-0.19565916923483934,0.7319538449616613,22.056765755317254,28.584291814267836,,"modeled (gravity-turn analytic, Teofilatto et al. 2022)",Atlas V,"Cape Canaveral, USA",400.0,51.6
OA-7 / Cygnus,2017-04-18,65.0,960.1153257645104,-5539.267533081392,3066.012839183691,0.9914782037989638,-0.18473711317505787,0.8021778988794829,25.435516326861997,28.60687721225077,,"modeled (gravity-turn analytic, Teofilatto et al. 2022)",Atlas V,"Cape Canaveral, USA",400.0,51.6
OA-7 / Cygnus,2017-04-18,70.0,965.2306448837147,-5540.1566176397,3070.1965921447,1.0532873703748322,-0.16980833939690385,0.8726218785854303,28.9772225042725,28.63222290695617,,"modeled (gravity-turn analytic, Teofilatto et al. 2022)",Atlas V,"Cape Canaveral, USA",400.0,51.6
OA-7 / Cygnus,2017-04-18,75.0,970.6589436393484,-5540.961783206717,3074.731795760998,1.1161247195315067,-0.15105377352975674,0.9431659322711698,32.66730864084815,28.66040152428545,,"modeled (gravity-turn analytic, Teofilatto et al. 2022)",Atlas V,"Cape Canaveral, USA",400.0,51.6
OA-7 / Cygnus,2017-04-18,80.0,976.4052713533372,-5541.664416040929,3079.6184479563426,1.1798387725907968,-0.12864573576239638,1.0137078530947248,36.49171403590022,28.691477232594647,,"modeled (gravity-turn analytic, Teofilatto et al. 2022)",Atlas V,"Cape Canaveral, USA",400.0,51.6
OA-7 / Cygnus,2017-04-18,85.0,982.4739947590639,-5542.24675337042,3084.85604317914,1.2442927720585284,-0.10274816366533894,1.084160563044799,40.436909581603004,28.72550654433071,,"modeled (gravity-turn analytic, Teofilatto et al. 2022)",Atlas V,"Cape Canaveral, USA",400.0,51.6
OA-7 / Cygnus,2017-04-18,90.0,988.86886955073,-5542.691841528766,3090.4436427410074,1.3093629200980386,-0.07351679970330825,1.1544500146320915,44.48990807074627,28.762539048680075,,"modeled (gravity-turn analytic, Teofilatto et al. 2022)",Atlas V,"Cape Canaveral, USA",400.0,51.6
OA-7 / Cygnus,2017-04-18,95.0,995.593101689186,-5542.983496479988,3096.3799336893853,1.3749368383479088,-0.04109951090169725,1.2245134106280542,48.63826914819825,28.802618050170672,,"modeled (gravity-turn analytic, Teofilatto et al. 2022)",Atlas V,"Cape Canaveral, USA",400.0,51.6
OA-7 / Cygnus,2017-04-18,100.0,1002.6494024372505,-5543.10626520115,3102.6632805042905,1.4409122688528684,-0.005636555421797404,1.2942977034979481,52.87010026895171,28.845781149911485,,"modeled (gravity-turn analytic, Teofilatto et al. 2022)",Atlas V,"Cape Canaveral, USA",400.0,51.6
OA-7 / Cygnus,2017-04-18,105.0,1010.0400375656794,-5543.045388331706,3109.291770286035,1.5071959314365233,0.03273909829593592,1.3637583071648818,57.17405443703642,28.892060772224706,,"modeled (gravity-turn analytic, Teofilatto et al. 2022)",Atlas V,"Cape Canaveral, USA",400.0,51.6
OA-7 / Cygnus,2017-04-18,110.0,1017.7668698229473,-5542.78676515937,3116.2632506853747,1.573702535364303,0.07390144528778265,1.4328580023253683,61.53932516629276,28.941484626769846,,"modeled (gravity-turn analytic, Teofilatto et al. 2022)",Atlas V,"Cape Canaveral, USA",400.0,51.6
OA-7 / Cygnus,2017-04-18,115.0,1025.831398625352,-5542.316919197475,3123.5753647807123,1.6403539092830834,0.11773112954925109,1.5015659857567984,65.95563982860534,28.994076143143452,,"modeled (gravity-turn analytic, Teofilatto et al. 2022)",Atlas V,"Cape Canaveral, USA",400.0,51.6
OA-7 / Cygnus,2017-04-18,120.0,1034.2347937615268,-5541.622965949724,3131.2255795409023,1.707078243001994,0.16411512156414793,1.5698570612109948,70.4132506640693,29.049854847336153,,"modeled (gravity-turn analytic, Teofilatto et al. 2022)",Atlas V,"Cape Canaveral, USA",400.0,51.6
OA-7 / Cygnus,2017-04-18,125.0,1042.9779264527442,-5540.692583047902,3139.2112119861577,1.7738094037999954,0.21294637023708723,1.6377109324441,74.90292614095843,29.10883670867567,,"modeled (gravity-turn analytic, Teofilatto et al. 2022)",Atlas V,"Cape Canaveral, USA",400.0,51.6
OA-7 / Cygnus,2017-04-18,130.0,1052.0613982207892,-5539.5139786066175,3147.529452184843,1.8404863563889924,0.26412356691155237,1.7051115884224957,79.41593878226193,29.17103446771057,,"modeled (gravity-turn analytic, Teofilatto et al. 2022)",Atlas V,"Cape Canaveral, USA",400.0,51.6
OA-7 / Cygnus,2017-04-18,135.0,1061.4855630656498,-5538.075867791451,3156.177380988259,1.9070526133452617,0.31755071583320627,1.772046790376705,83.94405630629991,29.236457890022656,,"modeled (gravity-turn analytic, Teofilatto et al. 2022)",Atlas V,"Cape Canaveral, USA",400.0,51.6
OA-7 / Cygnus,2017-04-18,140.0,1071.2505538986727,-5536.367441381082,3165.1519903257595,1.9734557813408369,0.3731369991554264,1.838507582625779,88.4795277582253,29.305114066716214,,"modeled (gravity-turn analytic, Teofilatto et al. 2022)",Atlas V,"Cape Canaveral, USA",400.0,51.6
OA-7 / Cygnus,2017-04-18,145.0,1081.356298769182,-5534.37834498511,3174.4501947706613,2.03964713106555,0.43079636879285205,1.9044879214047952,93.01507280800986,29.377007606586027,,"modeled (gravity-turn analytic, Teofilatto et al. 2022)",Atlas V,"Cape Canaveral, USA",400.0,51.6
OA-7 / Cygnus,2017-04-18,150.0,1091.80254075433,-5532.098655904554,3184.068846838047,2.1055812174081803,0.490447296384458,1.969984315634597,97.54387138820975,29.452140860611337,,"modeled (gravity-turn analytic, Teofilatto et al. 2022)",Atlas V,"Cape Canaveral, USA",400.0,51.6
OA-7 / Cygnus,2017-04-18,155.0,1102.5888563539513,-5529.518855759243,3194.0047491220093,2.171215550605535,0.5520126360908715,2.0349954951948384,102.05954792714321,29.530514137613835,,"modeled (gravity-turn analytic, Teofilatto et al. 2022)",Atlas V,"Cape Canaveral, USA",400.0,51.6
OA-7 / Cygnus,2017-04-18,160.0,1113.714666183711,-5526.629815881869,3204.254661422435,2.236510286516115,0.6154192140670177,2.0995221900125918,106.55616272671188,29.612125829897543,,"modeled (gravity-turn analytic, Teofilatto et al. 2022)",Atlas V,"Cape Canaveral, USA",400.0,51.6
OA-7 / Cygnus,2017-04-18,165.0,1125.179250987736,-5523.422776799696,3214.8153124145533,2.3014279502536676,0.6805976497827351,2.163566877060753,111.02820139979752,29.696972591216245,,"modeled (gravity-turn analytic, Teofilatto et al. 2022)",Atlas V,"Cape Canaveral, USA",400.0,51.6
OA-7 / Cygnus,2017-04-18,170.0,1136.98176566079,-5519.889323049287,3225.683407405392,2.3659331906652596,0.7474822697153602,2.2271335366870786,115.47055812738493,29.78504950288913,,"modeled (gravity-turn analytic, Teofilatto et al. 2022)",Atlas V,"Cape Canaveral, USA",400.0,51.6
OA-7 / Cygnus,2017-04-18,175.0,1149.1212455632553,-5516.021373403991,3236.8556319261934,2.429992561346958,0.8160107053842606,2.290227540774812,119.87852866618006,29.876350145607283,,"modeled (gravity-turn analytic, Teofilatto et al. 2022)",Atlas V,"Cape Canaveral, USA",400.0,51.6
OA-7 / Cygnus,2017-04-18,180.0,1161.5966193090892,-5511.811164133264,3248.3286609135707,2.4935743118084304,0.8861237419030122,2.352855474972111,124.24780131458853,29.970866735149567,,"modeled (gravity-turn analytic, Teofilatto et al. 2022)",Atlas V,"Cape Canaveral, USA",400.0,51.6
OA-7 / Cygnus,2017-04-18,185.0,1174.4067194799761,-5507.25122710134,3260.099163705059,2.556648196844199,0.957765253639052,2.4150249561596366,128.57444114746784,30.068590246924025,,"modeled (gravity-turn analytic, Teofilatto et al. 2022)",Atlas V,"Cape Canaveral, USA",400.0,51.6
OA-7 / Cygnus,2017-04-18,190.0,1187.5502884206821,-5502.334377834628,3272.163806422892,2.6191853161892054,1.0308819548291457,2.476744544697617,132.8548805887616,30.16951047939664,,"modeled (gravity-turn analytic, Teofilatto et al. 2022)",Atlas V,"Cape Canaveral, USA",400.0,51.6
OA-7 / Cygnus,2017-04-18,195.0,1201.025984822665,-5497.053705314675,3284.5192559254465,2.6811579650689974,1.1054231555305705,2.5380236681791093,137.08591237054375,30.273616118627768,,"modeled (gravity-turn analytic, Teofilatto et al. 2022)",Atlas V,"Cape Canaveral, USA",400.0,51.6
OA-7 / Cygnus,2017-04-18,200.0,1214.8323927484093,-5491.402560195783,3297.162186240604,2.742539490412768,1.1813406168627814,2.5988725213605384,141.26468289779044,30.380894823313795,,"modeled (gravity-turn analytic, Teofilatto et al. 2022)",Atlas V,"Cape Canaveral, USA",400.0,51.6
OA-7 / Cygnus,2017-04-18,205.0,1228.9680289967162,-5485.374532632566,3310.08927958159,2.8033041428932344,1.258588580993362,2.6593019061976344,145.3886739244151,30.491333312526407,,"modeled (gravity-turn analytic, Teofilatto et al. 2022)",Atlas V,"Cape Canaveral, USA",400.0,51.6
OA-7 / Cygnus,2017-04-18,210.0,1243.4313462403093,-5478.963445967288,3323.2972275159946,2.863426974632272,1.337123515157206,2.7193232164194225,149.45569696526306,30.604917387738794,,"modeled (gravity-turn analytic, Teofilatto et al. 2022)",Atlas V,"Cape Canaveral, USA",400.0,51.6
OA-7 / Cygnus,2017-04-18,215.0,1258.2207365927147,-5472.163350935164,3336.7827328474814,2.9228837474168574,1.416903862730373,2.7789484321575997,153.46388856774766,30.72163195517026,,"modeled (gravity-turn analytic, Teofilatto et al. 2022)",Atlas V,"Cape Canaveral, USA",400.0,51.6
OA-7 / Cygnus,2017-04-18,220.0,1273.334540547392,-5464.968512730238,3350.5425157075315,2.9816508110900006,1.497890020857694,2.8381900085394878,157.41170281354024,30.84146110314511,,"modeled (gravity-turn analytic, Teofilatto et al. 2022)",Atlas V,"Cape Canaveral, USA",400.0,51.6
OA-7 / Cygnus,2017-04-18,225.0,1288.7710497784442,-5457.373399347312,3364.573312630687,3.039705010341903,1.5800442351280537,2.8970608231284123,161.2979002583791,30.964388124640333,,"modeled (gravity-turn analytic, Teofilatto et al. 2022)",Atlas V,"Cape Canaveral, USA",400.0,51.6
OA-7 / Cygnus,2017-04-18,230.0,1304.5285109110707,-5449.372667441396,3378.8718760288975,3.097023581017655,1.6633305873736925,2.9555740815516782,165.12153524497762,31.09039555100476,,"modeled (gravity-turn analytic, Teofilatto et al. 2022)",Atlas V,"Cape Canaveral, USA",400.0,51.6
OA-7 / Cygnus,2017-04-18,235.0,1320.6051271419271,-5440.961162394938,3393.434975746619,3.153584109513014,1.7477146990850172,3.013743388194098,168.8819557648347,31.21946513931177,,"modeled (gravity-turn analytic, Teofilatto et al. 2022)",Atlas V,"Cape Canaveral, USA",400.0,51.6
OA-7 / Cygnus,2017-04-18,240.0,1336.9990622178177,-5432.133909849523,3408.2594006946374,3.209364453802051,1.833163643919682,3.0715827044128585,172.5787967150245,31.351577893047306,,"modeled (gravity-turn analytic, Teofilatto et al. 2022)",Atlas V,"Cape Canaveral, USA",400.0,51.6
OA-7 / Cygnus,2017-04-18,245.0,1353.7084467102873,-5422.8861066062655,3423.3419631004763,3.2643426562879756,1.919645914012382,3.129106280858477,176.2119745544262,31.486714100476625,,"modeled (gravity-turn analytic, Teofilatto et al. 2022)",Atlas V,"Cape Canaveral, USA",400.0,51.6
OA-7 / Cygnus,2017-04-18,250.0,1370.7313779258081,-5413.213111108086,3438.679494894842,3.3184968774356642,2.007131351114848,3.186328623007447,179.7816763265923,31.62485332102121,,"modeled (gravity-turn analytic, Teofilatto et al. 2022)",Atlas V,"Cape Canaveral, USA",400.0,51.6
OA-7 / Cygnus,2017-04-18,255.0,1388.0659218960295,-5403.1104348650215,3454.268846966111,3.371805325555288,2.0955911009036403,3.2432644451708104,183.2883514001776,31.765974385335248,,"modeled (gravity-turn analytic, Teofilatto et al. 2022)",Atlas V,"Cape Canaveral, USA",400.0,51.6
OA-7 / Cygnus,2017-04-18,260.0,1405.7101155106427,-5392.573741998895,3470.1068912578694,3.424246238143426,2.1849973913278813,3.2999287424106853,186.73271146421706,31.910055378539326,,"modeled (gravity-turn analytic, Teofilatto et al. 2022)",Atlas V,"Cape Canaveral, USA",400.0,51.6
OA-7 / Cygnus,2017-04-18,265.0,1423.6619690753892,-5381.5988425175265,3486.1905213475375,3.475797819802187,2.2753234786556424,3.3563367556081385,190.11572466818328,32.05707363749109,,"modeled (gravity-turn analytic, Teofilatto et al. 2022)",Atlas V,"Cape Canaveral, USA",400.0,51.6
OA-7 / Cygnus,2017-04-18,270.0,1441.9194707561603,-5370.181685740218,3502.5166553932877,3.5264381785559586,2.3665436077512436,3.412503930885123,193.43861162562962,32.207005760832644,,"modeled (gravity-turn analytic, Teofilatto et al. 2022)",Atlas V,"Cape Canaveral, USA",400.0,51.6
OA-7 / Cygnus,2017-04-18,275.0,1460.4805851604892,-5358.318353623056,3519.0822319210615,3.576145277405419,2.458632958356631,3.468445897868067,196.7028363326655,32.359827571784784,,"modeled (gravity-turn analytic, Teofilatto et al. 2022)",Atlas V,"Cape Canaveral, USA",400.0,51.6
OA-7 / Cygnus,2017-04-18,280.0,1479.3432542273026,-5346.005054832348,3535.8842086853547,3.624896883339122,2.5515676001320364,3.524178442568799,199.91009981247387,32.5155140965524,,"modeled (gravity-turn analytic, Teofilatto et al. 2022)",Atlas V,"Cape Canaveral, USA",400.0,51.6
OA-7 / Cygnus,2017-04-18,285.0,1498.5053998150688,-5333.238123712783,3552.919565201256,3.672670559374062,2.6453243249108493,3.579717572175149,203.0623401118197,32.67403954404468,,"modeled (gravity-turn analytic, Teofilatto et al. 2022)",Atlas V,"Cape Canaveral, USA",400.0,51.6
OA-7 / Cygnus,2017-04-18,290.0,1517.9649250045356,-5320.014015548528,3570.185302515569,3.719443617522603,2.7398806007804515,3.6350794909300874,206.16172753925036,32.835377281691294,,"modeled (gravity-turn analytic, Teofilatto et al. 2022)",Atlas V,"Cape Canaveral, USA",400.0,51.6
OA-7 / Cygnus,2017-04-18,295.0,1537.7197175577599,-5306.32930185029,3587.6784456299865,3.7651930719629387,2.8352145284519907,3.6902805763416135,209.21066189540818,32.99949982619096,,"modeled (gravity-turn analytic, Teofilatto et al. 2022)",Atlas V,"Cape Canaveral, USA",400.0,51.6
OA-7 / Cygnus,2017-04-18,300.0,1557.767647655578,-5292.180665954907,3605.396039060448,3.809895603127044,2.9313047964942167,3.7453373637258656,212.2117649487939,33.166378788563975,,"modeled (gravity-turn analytic, Teofilatto et al. 2022)",Atlas V,"Cape Canaveral, USA",400.0,51.6
OA-7 / Cygnus,2017-04-18,305.0,1578.1065678495427,-5277.564898833741,3623.335145175403,3.8535275187850013,3.0281306430762376,3.800266525203875,215.16787503460733,33.3359848349455,,"modeled (gravity-turn analytic, Teofilatto et al. 2022)",Atlas V,"Cape Canaveral, USA",400.0,51.6
OA-7 / Cygnus,2017-04-18,310.0,1598.7343160561882,-5262.478897603854,3641.4928471255184,3.8960647521754876,3.125671724440386,3.8550849253008037,218.08204705474742,33.50828766299604,,"modeled (gravity-turn analytic, Teofilatto et al. 2022)",Atlas V,"Cape Canaveral, USA",400.0,51.6
OA-7 / Cygnus,2017-04-18,315.0,1619.6487163342338,-5246.919662685018,3659.866248639661,3.9374828336338346,3.223908056673175,3.9098096167088747,220.9575491730565,33.68325596293958,,"modeled (gravity-turn analytic, Teofilatto et al. 2022)",Atlas V,"Cape Canaveral, USA",400.0,51.6
OA-7 / Cygnus,2017-04-18,320.0,1640.8475810754312,-5230.884294039364,3678.4524752601424,3.977756847182406,3.3228199921246557,3.964457805969717,223.7978599252528,33.860857389854054,,"modeled (gravity-turn analytic, Teofilatto et al. 2022)",Atlas V,"Cape Canaveral, USA",400.0,51.6
OA-7 / Cygnus,2017-04-18,325.0,1662.3287094122143,-5214.369988922809,3697.248671456073,4.016861415163962,3.4223881534101777,4.019046862519153,226.60666331492413,34.04105850333787,,"modeled (gravity-turn analytic, Teofilatto et al. 2022)",Atlas V,"Cape Canaveral, USA",400.0,51.6
OA-7 / Cygnus,2017-04-18,330.0,1684.0898852093064,-5197.374038967741,3716.251997020095,4.054770662620977,3.522593416157755,4.073594284211876,229.38784276495275,34.22382470519582,,"modeled (gravity-turn analytic, Teofilatto et al. 2022)",Atlas V,"Cape Canaveral, USA",400.0,51.6
OA-7 / Cygnus,2017-04-18,335.0,1706.12888042401,-5179.893828364168,3735.459630375346,4.091458219993576,3.623416801679454,4.128117742610733,232.14548109761196,34.40912021293708,,"modeled (gravity-turn analytic, Teofilatto et al. 2022)",Atlas V,"Cape Canaveral, USA",400.0,51.6
OA-7 / Cygnus,2017-04-18,340.0,1728.4434567895992,-5161.926832003355,3754.8687698305316,4.126897216679166,3.724839397219048,4.182635104143655,234.8838589511961,34.596908019451604,,"modeled (gravity-turn analytic, Teofilatto et al. 2022)",Atlas V,"Cape Canaveral, USA",400.0,51.6
OA-7 / Cygnus,2017-04-18,345.0,1751.0313650474616,-5143.470613400864,3774.476631778157,4.161060238006793,3.8268423533534635,4.2371643750230055,237.6074506372534,34.78714983444952,,"modeled (gravity-turn analytic, Teofilatto et al. 2022)",Atlas V,"Cape Canaveral, USA",400.0,51.6
OA-7 / Cygnus,2017-04-18,350.0,1773.8903471739513,-5124.522822826303,3794.2804526200102,4.193919331896678,3.9294067897880582,4.291723739271696,240.3209230058491,34.979806045954284,,"modeled (gravity-turn analytic, Teofilatto et al. 2022)",Atlas V,"Cape Canaveral, USA",400.0,51.6
OA-7 / Cygnus,2017-04-18,355.0,1797.0181304325372,-5105.081196505323,3814.2774810569863,4.2254459767410895,4.032513796720134,4.346331504753513,243.0291273912998,35.17483562064686,,"modeled (gravity-turn analytic, Teofilatto et al. 2022)",Atlas V,"Cape Canaveral, USA",400.0,51.6
OA-7 / Cygnus,2017-04-18,360.0,1820.412430610475,-5085.143554692696,3834.4649812357716,4.255611087324893,4.136144348124673,4.40100613266555,245.73709917166593,35.37219607184336,,"modeled (gravity-turn analytic, Teofilatto et al. 2022)",Atlas V,"Cape Canaveral, USA",400.0,51.6
OA-7 / Cygnus,2017-04-18,365.0,1844.0709556288043,-5064.707799586396,3854.840236308542,4.284385025692973,4.240279210626207,4.455766272385772,248.45005760727997,35.571843428876406,,"modeled (gravity-turn analytic, Teofilatto et al. 2022)",Atlas V,"Cape Canaveral, USA",400.0,51.6
OA-7 / Cygnus,2017-04-18,370.0,1867.9914022003597,-5043.771915409947,3875.400544194102,4.311737578494877,4.3448989250164525,4.5106307174566735,251.1734008873001,35.77373215202375,,"modeled (gravity-turn analytic, Teofilatto et al. 2022)",Atlas V,"Cape Canaveral, USA",400.0,51.6
OA-7 / Cygnus,2017-04-18,375.0,1892.1714614534264,-5022.333965932945,3896.1432234805466,4.337637964051566,4.4499837242063345,4.565618427697665,253.91270750189153,35.977815115072275,,"modeled (gravity-turn analytic, Teofilatto et al. 2022)",Atlas V,"Cape Canaveral, USA",400.0,51.6
OA-7 / Cygnus,2017-04-18,380.0,1916.6088117464813,-5000.3920954149025,3917.065604768215,4.362054825715279,4.55551351018644,4.620748494534093,256.6737280622773,36.18404349126257,,"modeled (gravity-turn analytic, Teofilatto et al. 2022)",Atlas V,"Cape Canaveral, USA",400.0,51.6
OA-7 / Cygnus,2017-04-18,385.0,1941.3011182703824,-4977.9445279395,3938.165029791801,4.384956235797437,4.661467801325496,4.676040133018199,259.4623820744948,36.39236669054652,,"modeled (gravity-turn analytic, Teofilatto et al. 2022)",Atlas V,"Cape Canaveral, USA",400.0,51.6
OA-7 / Cygnus,2017-04-18,390.0,1966.2460372476482,-4954.989565301286,3959.4388557064785,4.406309716266492,4.767825647190016,4.731512707679121,262.2847579393961,36.60273233091832,,"modeled (gravity-turn analytic, Teofilatto et al. 2022)",Atlas V,"Cape Canaveral, USA",400.0,51.6
OA-7 / Cygnus,2017-04-18,395.0,1991.4412184625173,-4931.525585420401,3980.884457508368,4.426082258402914,4.874565552892391,4.787185747163558,265.1471118139156,36.815086196195914,,"modeled (gravity-turn analytic, Teofilatto et al. 2022)",Atlas V,"Cape Canaveral, USA",400.0,51.6
OA-7 / Cygnus,2017-04-18,400.0,2016.8843002200213,-4907.551044485778,4002.4992223760173,4.444240315283093,4.981665460358942,4.843078887784417,268.0558620698391,37.029372134527804,,"modeled (gravity-turn analytic, Teofilatto et al. 2022)",Atlas V,"Cape Canaveral, USA",400.0,51.6
OA-7 / Cygnus,2017-04-18,405.0,2042.5729168617966,-4883.0644737499615,4024.280557677318,4.460749836370417,5.089102649968173,4.899211911036153,271.01759155492726,37.2455320531588,,"modeled (gravity-turn analytic, Teofilatto et al. 2022)",Atlas V,"Cape Canaveral, USA",400.0,51.6
OA-7 / Cygnus,2017-04-18,410.0,2068.5046879442557,-4858.064482691577,4046.2258785635227,4.475576277236218,5.19685372596924,4.955604688821717,274.03903663597384,37.46350577836186,,"modeled (gravity-turn analytic, Teofilatto et al. 2022)",Atlas V,"Cape Canaveral, USA",400.0,51.6
OA-7 / Cygnus,2017-04-18,415.0,2094.6772207211397,-4832.5497579409375,4068.332610490399,4.488684630379534,5.304894545400919,5.012277186785134,277.1270857867304,37.68323101445608,,"modeled (gravity-turn analytic, Teofilatto et al. 2022)",Atlas V,"Cape Canaveral, USA",400.0,51.6
OA-7 / Cygnus,2017-04-18,420.0,2121.0881147372725,-4806.519061304356,4090.5981940443608,4.500039464267579,5.413200136050031,5.069249479096132,280.28877958790594,37.90464331837943,,"modeled (gravity-turn analytic, Teofilatto et al. 2022)",Atlas V,"Cape Canaveral, USA",400.0,51.6
OA-7 / Cygnus,2017-04-18,425.0,2147.7349639071554,-4779.971228662291,4113.020086973451,4.509604963003624,5.521744624395673,5.126541750369133,283.53130890548465,38.12767605597689,,"modeled (gravity-turn analytic, Teofilatto et al. 2022)",Atlas V,"Cape Canaveral, USA",400.0,51.6
OA-7 / Cygnus,2017-04-18,430.0,2174.6153500575133,-4752.9051735919265,4135.59575725185,4.517344949061284,5.6305012069578915,5.184174238034071,286.8620080466008,38.352260294381075,,"modeled (gravity-turn analytic, Teofilatto et al. 2022)",Atlas V,"Cape Canaveral, USA",400.0,51.6
OA-7 / Cygnus,2017-04-18,435.0,2201.7268524639844,-4725.3198838717,4158.322693482687,4.523222940945745,5.739442050248771,5.24216726324782,290.28835842663045,38.5783248133132,,"modeled (gravity-turn analytic, Teofilatto et al. 2022)",Atlas V,"Cape Canaveral, USA",400.0,51.6
OA-7 / Cygnus,2017-04-18,440.0,2229.0670350541877,-4697.214425246806,4181.198390249862,4.5272021966930085,5.848538271099549,5.30054117357418,293.81797452882967,38.805795962899936,,"modeled (gravity-turn analytic, Teofilatto et al. 2022)",Atlas V,"Cape Canaveral, USA",400.0,51.6
OA-7 / Cygnus,2017-04-18,445.0,2256.633449240499,-4668.587940782852,4204.220351204656,4.5292457725404,5.957759864803725,5.359316337621113,297.4586023816745,39.0345976320005,,"modeled (gravity-turn analytic, Teofilatto et al. 2022)",Atlas V,"Cape Canaveral, USA",400.0,51.6
OA-7 / Cygnus,2017-04-18,450.0,2284.423638808001,-4639.439649394734,4227.38609441537,4.52931658933432,6.067075625502395,5.418513147497148,301.21811955886125,39.26465123196264,,"modeled (gravity-turn analytic, Teofilatto et al. 2022)",Atlas V,"Cape Canaveral, USA",400.0,51.6
OA-7 / Cygnus,2017-04-18,455.0,2312.435143668033,-4609.768844573839,4250.693156397488,4.527377504092394,6.176453070355996,5.478152016433784,305.1045341598315,39.49587567409421,,"modeled (gravity-turn analytic, Teofilatto et al. 2022)",Atlas V,"Cape Canaveral, USA",400.0,51.6
OA-7 / Cygnus,2017-04-18,460.0,2340.665490438613,-4579.574898412851,4274.13908166345,4.523391374479583,6.285858410688819,5.53825331813102,309.12597357193795,39.72818726006976,,"modeled (gravity-turn analytic, Teofilatto et al. 2022)",Atlas V,"Cape Canaveral, USA",400.0,51.6
OA-7 / Cygnus,2017-04-18,465.0,2369.1122050743293,-4548.85725977994,4297.721437436828,4.517321142975016,6.395256451943293,5.598837401144177,313.2906924949946,39.96149971765263,,"modeled (gravity-turn analytic, Teofilatto et al. 2022)",Atlas V,"Cape Canaveral, USA",400.0,51.6
OA-7 / Cygnus,2017-04-18,470.0,2397.772800083272,-4517.615455889686,4321.437798323658,4.509129926674825,6.504610570885581,5.659924538551181,317.60705521096463,40.19572408707992,,"modeled (gravity-turn analytic, Teofilatto et al. 2022)",Atlas V,"Cape Canaveral, USA",400.0,51.6
OA-7 / Cygnus,2017-04-18,475.0,2426.644774436624,-4485.849092959955,4345.285746224806,4.498781112453756,6.613882658056421,5.721534902644433,322.0835308821511,40.43076868791011,,"modeled (gravity-turn analytic, Teofilatto et al. 2022)",Atlas V,"Cape Canaveral, USA",400.0,51.6
OA-7 / Cygnus,2017-04-18,480.0,2455.725618571741,-4453.557855710092,4369.262876126033,4.486238461121233,6.723033045489686,5.783688553965078,326.7286935511968,40.666539120583565,,"modeled (gravity-turn analytic, Teofilatto et al. 2022)",Atlas V,"Cape Canaveral, USA",400.0,51.6
OA-7 / Cygnus,2017-04-18,485.0,2485.012819419735,-4420.741506768419,4393.366801895017,4.471466219047538,6.832020435939509,5.846405429241116,331.5512221410845,40.902938270926505,,"modeled (gravity-turn analytic, Teofilatto et al. 2022)",Atlas V,"Cape Canaveral, USA",400.0,51.6
OA-7 / Cygnus,2017-04-18,490.0,2514.5038565411633,-4387.399887099022,4417.5951515090155,4.454429235516122,6.940801862628166,5.909705302664376,336.55989088888543,41.13986626939388,,"modeled (gravity-turn analytic, Teofilatto et al. 2022)",Atlas V,"Cape Canaveral, USA",400.0,51.6
OA-7 / Cygnus,2017-04-18,495.0,2544.196201373771,-4353.532920133411,4441.945567218203,4.435093083043794,7.049332642326089,5.973607739794359,341.7635662211634,41.37722046272544,,"modeled (gravity-turn analytic, Teofilatto et al. 2022)",Atlas V,"Cape Canaveral, USA",400.0,51.6
OA-7 / Cygnus,2017-04-18,500.0,2574.087322232975,-4319.1406095532075,4466.415710808715,4.413424196854452,7.157566313376844,6.038132088434752,347.17120478371197,41.61489543881167,,"modeled (gravity-turn analytic, Teofilatto et al. 2022)",Atlas V,"Cape Canaveral, USA",400.0,51.6
OA-7 / Cygnus,2017-04-18,505.0,2604.1746729935003,-4284.223038969511,4491.003249468439,4.389390018664755,7.265454630615716,6.10329742141708,352.79183351429043,41.85278297160114,,"modeled (gravity-turn analytic, Teofilatto et al. 2022)",Atlas V,"Cape Canaveral, USA",400.0,51.6
OA-7 / Cygnus,2017-04-18,510.0,2634.4556977748557,-4248.78037291728,4515.705861644179,4.362959147222855,7.3729475134915985,6.169122511226144,358.63454946737886,42.0907720509063,,"modeled (gravity-turn analytic, Teofilatto et al. 2022)",Atlas V,"Cape Canaveral, USA",400.0,51.6
OA-7 / Cygnus,2017-04-18,515.0,2664.927835790715,-4212.812857831812,4540.521243094554,4.334101497373599,7.4799929982372,6.235625803591775,364.70851981417854,42.328748918166596,,"modeled (gravity-turn analytic, Teofilatto et al. 2022)",Atlas V,"Cape Canaveral, USA",400.0,51.6
OA-7 / Cygnus,2017-04-18,520.0,2695.5885258378285,-4176.320822946349,4565.447112478092,4.30278846764733,7.586537196540298,6.302825388768975,371.0229813338528,42.56659710625053,,"modeled (gravity-turn analytic, Teofilatto et al. 2022)",Atlas V,"Cape Canaveral, USA",400.0,51.6
OA-7 / Cygnus,2017-04-18,525.0,2726.4351986349134,-4139.304679973188,4590.48120169083,4.268993114274435,7.6925243029819965,6.370738941485624,377.5872238771277,42.80419743477123,,"modeled (gravity-turn analytic, Teofilatto et al. 2022)",Atlas V,"Cape Canaveral, USA",400.0,51.6
OA-7 / Cygnus,2017-04-18,530.0,2757.465277884452,-4101.764924350013,4615.621257358181,4.2326903359961845,7.797896578795755,6.439383682023411,384.4105853958442,43.04142805203257,,"modeled (gravity-turn analytic, Teofilatto et al. 2022)",Atlas V,"Cape Canaveral, USA",400.0,51.6
OA-7 / Cygnus,2017-04-18,535.0,2788.67618091957,-4063.702133674196,4640.865040968641,4.193857067164724,7.9025943477408385,6.508776340038978,391.50244399856786,43.27816449235085,,"modeled (gravity-turn analytic, Teofilatto et al. 2022)",Atlas V,"Cape Canaveral, USA",400.0,51.6
OA-7 / Cygnus,2017-04-18,540.0,2820.0653201606888,-4025.116969343388,4666.2103309687745,4.1524724765296215,8.006555995553162,6.578933110790516,398.87221348855996,43.514279736919626,,"modeled (gravity-turn analytic, Teofilatto et al. 2022)",Atlas V,"Cape Canaveral, USA",400.0,51.6
OA-7 / Cygnus,2017-04-18,545.0,2848.021117757236,-3982.193399922002,4686.086025527242,3.987933579242366,8.01288553582589,6.442539050951371,398.9192045932033,43.746058072050005,,"modeled (gravity-turn analytic, Teofilatto et al. 2022)",Atlas V,"Cape Canaveral, USA",400.0,51.6
OA-7 / Cygnus,2017-04-18,550.0,2875.4603627695687,-3939.5013927733626,4705.441977499648,3.825431673101804,8.014020525668455,6.307204285498773,398.9661956978466,43.97262814787766,,"modeled (gravity-turn analytic, Teofilatto et al. 2022)",Atlas V,"Cape Canaveral, USA",400.0,51.6
OA-7 / Cygnus,2017-04-18,555.0,2902.386631883992,-3897.054799020117,4724.286230423851,3.6650709236406067,8.010067115613495,6.172962527454832,399.01318680248994,44.19402879261331,,"modeled (gravity-turn analytic, Teofilatto et al. 2022)",Atlas V,"Cape Canaveral, USA",400.0,51.6
OA-7 / Cygnus,2017-04-18,560.0,2928.8036355511385,-3854.8671924825057,4742.626886118797,3.5069517480929915,8.001133296495619,6.039845675826275,399.0601779071333,44.410300980888266,,"modeled (gravity-turn analytic, Teofilatto et al. 2022)",Atlas V,"Cape Canaveral, USA",400.0,51.6
OA-7 / Cygnus,2017-04-18,565.0,2954.7152116920406,-3812.951868838421,4760.47209739973,3.3511707361087177,7.987328739222623,5.907883859624212,399.10716901177665,44.6214877878519,,"modeled (gravity-turn analytic, Teofilatto et al. 2022)",Atlas V,"Cape Canaveral, USA",400.0,51.6
OA-7 / Cygnus,2017-04-18,570.0,2980.1253194321953,-3771.321845014442,4777.830060894608,3.1978205770921035,7.968764632474217,5.777105483261665,399.15416011642,44.82763433962282,,"modeled (gravity-turn analytic, Teofilatto et al. 2022)",Atlas V,"Cape Canaveral, USA",400.0,51.6
OA-7 / Cygnus,2017-04-18,575.0,3005.0380328691317,-3729.9898588011747,4794.709009965771,3.046989994422201,7.945553518683341,5.647537273190843,399.2011512210633,45.028787760168136,,"modeled (gravity-turn analytic, Teofilatto et al. 2022)",Atlas V,"Cape Canaveral, USA",400.0,51.6
OA-7 / Cygnus,2017-04-18,580.0,3029.457534878707,-3688.9683686860476,4811.117207740595,2.8987636867834774,7.917809128673386,5.519204325641777,399.2481423257066,45.22499711469942,,"modeled (gravity-turn analytic, Teofilatto et al. 2022)",Atlas V,"Cape Canaveral, USA",400.0,51.6
OA-7 / Cygnus,2017-04-18,585.0,3053.3881109652566,-3648.2695538966873,4827.062940254741,2.7532222768072465,7.88564621534098,5.392130155324121,399.29513343035,45.416313349688124,,"modeled (gravity-turn analytic, Teofilatto et al. 2022)",Atlas V,"Cape Canaveral, USA",400.0,51.6
OA-7 / Cygnus,2017-04-18,590.0,3076.8341431604767,-3607.9053146478714,4842.554509711295,2.610442267193264,7.849180386787711,5.266336744954397,399.34212453499333,45.60278922961666,,"modeled (gravity-turn analytic, Teofilatto et al. 2022)",Atlas V,"Cape Canaveral, USA",400.0,51.6
OA-7 / Cygnus,2017-04-18,595.0,3099.8001039757664,-3567.887272584973,4857.600227858946,2.4704960044483535,7.808527939315375,5.141844595471956,399.38911563963666,45.784479270594375,,"modeled (gravity-turn analytic, Teofilatto et al. 2022)",Atlas V,"Cape Canaveral, USA",400.0,51.6
OA-7 / Cygnus,2017-04-18,600.0,3122.2905504125565,-3528.2267714168265,4872.208409492081,2.3334516503452334,7.763805690708113,5.018672776808426,399.43610674428,45.96143967097976,,"modeled (gravity-turn analytic, Teofilatto et al. 2022)",Atlas V,"Cape Canaveral, USA",400.0,51.6
OA-7 / Cygnus,2017-04-18,605.0,3144.310118034974,-3488.934877730786,4886.387366075493,2.199373161169755,7.715130814230397,4.8968389790770805,399.4830978489233,46.13372823916213,,"modeled (gravity-turn analytic, Teofilatto et al. 2022)",Atlas V,"Cape Canaveral, USA",400.0,51.6
OA-7 / Cygnus,2017-04-18,610.0,3165.8635151090107,-3450.022381982821,4900.145399496173,2.068320274789352,7.6626206737729,4.776359564050992,399.53008895356663,46.30140431866651,,"modeled (gravity-turn analytic, Teofilatto et al. 2022)",Atlas V,"Cape Canaveral, USA",400.0,51.6
OA-7 / Cygnus,2017-04-18,615.0,3186.9555168121537,-3411.499799655396,4913.4907959444745,1.9403485055396243,7.606392660578211,4.657249616801274,399.57708005820996,46.4645287107556,,"modeled (gravity-turn analytic, Teofilatto et al. 2022)",Atlas V,"Cape Canaveral, USA",400.0,51.6
OA-7 / Cygnus,2017-04-18,620.0,3207.5909595172866,-3373.377372575908,4926.431819926717,1.8155091468899618,7.54656403197551,4.539522997369913,399.62407116285334,46.62316359471135,,"modeled (gravity-turn analytic, Teofilatto et al. 2022)",Atlas V,"Cape Canaveral, USA",400.0,51.6
OA-7 / Cygnus,2017-04-18,625.0,3227.7747351544704,-3335.6650703884266,4938.976708411099,1.6938492818135706,7.483251752547515,4.423192392354947,399.67106226749667,46.77737244598704,,"modeled (gravity-turn analytic, Teofilatto et al. 2022)",Atlas V,"Cape Canaveral, USA",400.0,51.6
OA-7 / Cygnus,2017-04-18,630.0,3247.5117856540296,-3298.372592171536,4951.133665108634,1.5754118007521491,7.4165723381443085,4.308269366289526,399.71805337214,46.92721995242714,,"modeled (gravity-turn analytic, Teofilatto et al. 2022)",Atlas V,"Cape Canaveral, USA",400.0,51.6
OA-7 / Cygnus,2017-04-18,635.0,3266.8070974742027,-3261.5093681950275,4962.910854890587,1.4602354270313447,7.346641703147348,4.194764412700418,399.7650444767833,47.0727719287586,,"modeled (gravity-turn analytic, Teofilatto et al. 2022)",Atlas V,"Cape Canaveral, USA",400.0,51.6
OA-7 / Cygnus,2017-04-18,640.0,3285.6656962164193,-3225.0845618083017,4974.316398343758,1.3483547495501977,7.27357501137291,4.082687004735882,399.81203558142664,47.21409522956142,,"modeled (gravity-turn analytic, Teofilatto et al. 2022)",Atlas V,"Cape Canaveral, USA",400.0,51.6
OA-7 / Cygnus,2017-04-18,645.0,3304.092641331134,-3189.107071453307,4985.358366464753,1.2398002625363043,7.197486530987727,3.9720456452574227,399.85902668607,47.35125766093059,,"modeled (gravity-turn analytic, Teofilatto et al. 2022)",Atlas V,"Cape Canaveral, USA",400.0,51.6
OA-7 / Cygnus,2017-04-18,650.0,3322.093020916912,-3153.585532794931,4996.04477549422,1.1345984121287491,7.118489493790765,3.862847916294788,399.90601779071335,47.484327891043044,,"modeled (gravity-turn analytic, Teofilatto et al. 2022)",Atlas V,"Cape Canaveral, USA",400.0,51.6
OA-7 / Cygnus,2017-04-18,655.0,3339.671946615348,-3118.5283209618237,5006.383581891876,1.0327716495231127,7.036695959194244,3.755100527768665,399.9530088953567,47.61337535984575,,"modeled (gravity-turn analytic, Teofilatto et al. 2022)",Atlas V,"Cape Canaveral, USA",400.0,51.6
OA-7 / Cygnus,2017-04-18,660.0,3356.8345486042163,-3083.9435528906565,5016.382677452975,0.9343384903872949,6.952216683214157,3.648809365390758,400.0,47.73847018808029,,"modeled (gravity-turn analytic, Teofilatto et al. 2022)",Atlas V,"Cape Canaveral, USA",400.0,51.6
ATV-3 Edoardo Amaldi,2012-03-23,0.0,3842.332099353812,-5057.501776739878,582.0579071856242,0.36940520273507393,0.27939815061612017,9.80472234271541e-05,0.0,5.236,,"modeled (gravity-turn analytic, Teofilatto et al. 2022)",Ariane 5 ES,"Kourou, French Guiana",300.0,51.6
ATV-3 Edoardo Amaldi,2012-03-23,5.0,3844.2952124515336,-5056.234193985521,582.0920405290341,0.41701432617318235,0.22914986755543876,0.015824137497997593,0.18104228618442494,5.236158867332183,,"modeled (gravity-turn analytic, Teofilatto et al. 2022)",Ariane 5 ES,"Kourou, French Guiana",300.0,51.6
ATV-3 Edoardo Amaldi,2012-03-23,10.0,3846.51043029537,-5055.197347374133,582.2335565338796,0.46969770705390235,0.1867794831779701,0.042248292525107575,0.7076152593846562,5.237001861626929,,"modeled (gravity-turn analytic, Teofilatto et al. 2022)",Ariane 5 ES,"Kourou, French Guiana",300.0,51.6
ATV-3 Edoardo Amaldi,2012-03-23,15.0,3848.9972700036856,-5054.355038748844,582.527576582517,0.5254522839636468,0.15123674042179036,0.07653717142285657,1.5670072170087423,5.238946078864639,,"modeled (gravity-turn analytic, Teofilatto et al. 2022)",Ariane 5 ES,"Kourou, French Guiana",300.0,51.6
ATV-3 Edoardo Amaldi,2012-03-23,20.0,3851.768379710316,-5053.674388198658,583.0097126560258,0.5832711783225638,0.12205156034744433,0.11731070726995102,2.7441929013817203,5.2423242715529526,,"modeled (gravity-turn analytic, Teofilatto et al. 2022)",Ariane 5 ES,"Kourou, French Guiana",300.0,51.6
ATV-3 Edoardo Amaldi,2012-03-23,25.0,3854.832280251379,-5053.1245048974515,583.7098825766582,0.6424703561905288,0.09887588390860635,0.16361458182073374,4.222782860945965,5.247418385777631,,"modeled (gravity-turn analytic, Teofilatto et al. 2022)",Ariane 5 ES,"Kourou, French Guiana",300.0,51.6
ATV-3 Edoardo Amaldi,2012-03-23,30.0,3858.1945469541683,-5052.676105537258,584.6538226939284,0.7025406266864576,0.08140817713337428,0.21471161732909427,5.985577301023181,5.254472696812159,,"modeled (gravity-turn analytic, Teofilatto et al. 2022)",Ariane 5 ES,"Kourou, French Guiana",300.0,51.6
ATV-3 Edoardo Amaldi,2012-03-23,35.0,3861.8585123192056,-5052.301349248561,585.8639443182509,0.76308617095362,0.06937032565772766,0.2700007630959096,8.014944171330848,5.263701202686037,,"modeled (gravity-turn analytic, Teofilatto et al. 2022)",Ariane 5 ES,"Kourou, French Guiana",300.0,51.6
ATV-3 Edoardo Amaldi,2012-03-23,40.0,3865.8257443910006,-5051.973744540618,587.3599029504855,0.8237919556632631,0.06249923155346779,0.328976772265779,10.293093310718204,5.275292538310747,,"modeled (gravity-turn analytic, Teofilatto et al. 2022)",Ariane 5 ES,"Kourou, French Guiana",300.0,51.6
ATV-3 Edoardo Amaldi,2012-03-23,45.0,3870.096397704667,-5051.668083143797,589.1590139477397,0.8844038022209408,0.06054363516648431,0.39120687861522546,12.802281005277425,5.289413581632704,,"modeled (gravity-turn analytic, Teofilatto et al. 2022)",Ariane 5 ES,"Kourou, French Guiana",300.0,51.6
ATV-3 Edoardo Amaldi,2012-03-23,50.0,3874.6694824667093,-5051.360383998739,591.2765745381885,0.9447149960466488,0.06326294720632458,0.4563157891075986,15.52496439789433,5.306212271545995,,"modeled (gravity-turn analytic, Teofilatto et al. 2022)",Ariane 5 ES,"Kourou, French Guiana",300.0,51.6
ATV-3 Edoardo Amaldi,2012-03-23,55.0,3879.5430770515904,-5051.027840794647,593.7261233222146,1.0045566976130509,0.0704268676121359,0.5239752510562603,18.4439183263508,5.32581990418527,,"modeled (gravity-turn analytic, Teofilatto et al. 2022)",Ariane 5 ES,"Kourou, French Guiana",300.0,51.6
ATV-3 Edoardo Amaldi,2012-03-23,60.0,3884.714498941952,-5050.648770620278,596.5196549886429,1.0637907630311703,0.08181527515477777,0.593896363848598,21.54232331345151,5.348353057112333,,"modeled (gravity-turn analytic, Teofilatto et al. 2022)",Ariane 5 ES,"Kourou, French Guiana",300.0,51.6
ATV-3 Edoardo Amaldi,2012-03-23,65.0,3890.180444197469,-5050.202562900861,599.6678015200725,1.122304196148241,0.09721817743837335,0.6658236656729404,24.803831128050387,5.373915235141643,,"modeled (gravity-turn analytic, Teofilatto et al. 2022)",Ariane 5 ES,"Kourou, French Guiana",300.0,51.6
ATV-3 Edoardo Amaldi,2012-03-23,70.0,3895.93710194828,-5049.66962885746,603.1799866236516,1.1800047634611714,0.11643561126551066,0.7395304221148973,28.212612626984498,5.402598292533191,,"modeled (gravity-turn analytic, Teofilatto et al. 2022)",Ariane 5 ES,"Kourou, French Guiana",300.0,51.6
ATV-3 Edoardo Amaldi,2012-03-23,75.0,3901.980249450984,-5049.031351531661,607.064559234867,1.2368174695289222,0.139277496595193,0.8148147979846013,31.753391803452832,5.434483679282689,,"modeled (gravity-turn analytic, Teofilatto et al. 2022)",Ariane 5 ES,"Kourou, French Guiana",300.0,51.6
ATV-3 Edoardo Amaldi,2012-03-23,80.0,3908.305331427485,-5048.270036403595,611.3289100263218,1.292681686618452,0.16556342753639908,0.8914966817995597,35.41146869880943,5.46964354336018,,"modeled (gravity-turn analytic, Teofilatto et al. 2022)",Ariane 5 ES,"Kourou, French Guiana",300.0,51.6
ATV-3 Edoardo Amaldi,2012-03-23,85.0,3914.907525726597,-5047.368863815379,615.9795722535152,1.3475488006029852,0.1951223689905921,0.9694149942101695,39.172733512737395,5.508141697931404,,"modeled (gravity-turn analytic, Teofilatto et al. 2022)",Ariane 5 ES,"Kourou, French Guiana",300.0,51.6
ATV-3 Edoardo Amaldi,2012-03-23,90.0,3921.7817986787636,-5046.311842785526,621.0223107934111,1.4013802609961319,0.227792344195351,1.0484254202694103,43.02367402060027,5.550034485666404,,"modeled (gravity-turn analytic, Teofilatto et al. 2022)",Ariane 5 ES,"Kourou, French Guiana",300.0,51.6
ATV-3 Edoardo Amaldi,2012-03-23,95.0,3928.9229520743957,-5045.0837656697295,626.4622018009935,1.4541459512350208,0.26342009323589466,1.1283984625155914,46.95137731019791,5.595371560465827,,"modeled (gravity-turn analytic, Teofilatto et al. 2022)",Ariane 5 ES,"Kourou, French Guiana",300.0,51.6
ATV-3 Edoardo Amaldi,2012-03-23,100.0,3936.325661011463,-5043.670166825207,632.3037000049906,1.5058228455530789,0.30186063787528644,1.2092177333600975,50.943527594902925,5.644196558013669,,"modeled (gravity-turn analytic, Teofilatto et al. 2022)",Ariane 5 ES,"Kourou, French Guiana",300.0,51.6
ATV-3 Edoardo Amaldi,2012-03-23,105.0,3943.9845081407666,-5042.05727978242,638.5507032918417,1.556393846623733,0.3429769696155654,1.2907785260801214,54.98840012518164,5.6965477413799475,,"modeled (gravity-turn analytic, Teofilatto et al. 2022)",Ariane 5 ES,"Kourou, French Guiana",300.0,51.6
ATV-3 Edoardo Amaldi,2012-03-23,110.0,3951.8940095578278,-5040.2320009787245,645.2066039787883,1.6058468550451548,0.38663954964653513,1.372986500280636,59.074853612314016,5.752458524434034,,"modeled (gravity-turn analytic, Teofilatto et al. 2022)",Ariane 5 ES,"Kourou, French Guiana",300.0,51.6
ATV-3 Edoardo Amaldi,2012-03-23,115.0,3960.0486396298957,-5038.181849847442,652.2743415529216,1.6541739216996594,0.43272602666724175,1.4557566081938085,63.19231909362045,5.811958007183282,,"modeled (gravity-turn analytic, Teofilatto et al. 2022)",Ariane 5 ES,"Kourou, French Guiana",300.0,51.6
ATV-3 Edoardo Amaldi,2012-03-23,120.0,3968.442848583858,-5035.894937529013,659.7564418404696,1.7013706054984663,0.48112072085760116,1.5390120745211826,67.33078960663981,5.875071384554534,,"modeled (gravity-turn analytic, Teofilatto et al. 2022)",Ariane 5 ES,"Kourou, French Guiana",300.0,51.6
ATV-3 Edoardo Amaldi,2012-03-23,125.0,3977.071080683112,-5033.359930031605,667.6550607147975,1.7474353402808036,0.5317143733697731,1.6226835725404298,71.48080620772781,5.941820394690868,,"modeled (gravity-turn analytic, Teofilatto et al. 2022)",Ariane 5 ES,"Kourou, French Guiana",300.0,51.6
ATV-3 Edoardo Amaldi,2012-03-23,130.0,3985.9277857804354,-5030.566020597192,675.972014473547,1.7923689892103156,0.5844036649347861,1.706708436179154,75.63344566933907,6.012223642242363,,"modeled (gravity-turn analytic, Teofilatto et al. 2022)",Ariane 5 ES,"Kourou, French Guiana",300.0,51.6
ATV-3 Edoardo Amaldi,2012-03-23,135.0,3995.0074324886377,-5027.502898544959,684.7088144231624,1.8361743894976854,0.6390909297629355,1.7910299990541725,79.78030676897053,6.086296956326533,,"modeled (gravity-turn analytic, Teofilatto et al. 2022)",Ariane 5 ES,"Kourou, French Guiana",300.0,51.6
ATV-3 Edoardo Amaldi,2012-03-23,140.0,4004.304516095409,-5024.160720865661,693.8666940722018,1.878855995732332,0.6956838260387055,1.8755970071691386,83.91349468464958,6.164053680159816,,"modeled (gravity-turn analytic, Teofilatto et al. 2022)",Ariane 5 ES,"Kourou, French Guiana",300.0,51.6
ATV-3 Edoardo Amaldi,2012-03-23,145.0,4013.813566890809,-5020.530090168697,703.4466323686046,1.9204196137451341,0.7540949217125049,1.9603630669343701,88.02561012950041,6.245504916992036,,"modeled (gravity-turn analytic, Teofilatto et al. 2022)",Ariane 5 ES,"Kourou, French Guiana",300.0,51.6
ATV-3 Edoardo Amaldi,2012-03-23,150.0,4023.5291571425273,-5016.602024377185,713.449381330526,1.9608720610562616,0.8142415433089855,2.0452862012816064,92.10973170059638,6.330659817857426,,"modeled (gravity-turn analytic, Teofilatto et al. 2022)",Ariane 5 ES,"Kourou, French Guiana",300.0,51.6
ATV-3 Edoardo Amaldi,2012-03-23,155.0,4033.4459042368717,-5012.367938285247,723.8754814066479,2.000221017785531,0.8760453547642508,2.1303284157400437,96.15940375977895,6.41952575105204,,"modeled (gravity-turn analytic, Teofilatto et al. 2022)",Ariane 5 ES,"Kourou, French Guiana",300.0,51.6
ATV-3 Edoardo Amaldi,2012-03-23,160.0,4043.558477120161,-5007.819623010075,734.7252818124965,2.0384748270936277,0.9394320901475163,2.2154553192915434,100.16862525646397,6.512108511485325,,"modeled (gravity-turn analytic, Teofilatto et al. 2022)",Ariane 5 ES,"Kourou, French Guiana",300.0,51.6
ATV-3 Edoardo Amaldi,2012-03-23,165.0,4053.861598557181,-5002.949219323618,745.9989608063313,2.0756422521858333,1.0043314361855145,2.300635805648798,104.13183127439555,6.6084125333957395,,"modeled (gravity-turn analytic, Teofilatto et al. 2022)",Ariane 5 ES,"Kourou, French Guiana",300.0,51.6
ATV-3 Edoardo Amaldi,2012-03-23,170.0,4064.350046176443,-4997.749204446303,757.6965353095698,2.1117324319636,1.0706766363409352,2.3858417461745454,108.0438830789053,6.7084409967049865,,"modeled (gravity-turn analytic, Teofilatto et al. 2022)",Ariane 5 ES,"Kourou, French Guiana",300.0,51.6
ATV-3 Edoardo Amaldi,2012-03-23,175.0,4075.0186569846323,-4992.212375327138,769.8178766593945,2.1467547525198203,1.138404268685251,2.471047716477199,111.90005831997902,6.812195984638161,,"modeled (gravity-turn analytic, Teofilatto et al. 2022)",Ariane 5 ES,"Kourou, French Guiana",300.0,51.6
ATV-3 Edoardo Amaldi,2012-03-23,180.0,4085.862327749882,-4986.331826416507,782.3627259290362,2.18071867063681,1.2074541466735105,2.5562307597905423,115.69603445530367,6.9196786416521565,,"modeled (gravity-turn analytic, Teofilatto et al. 2022)",Ariane 5 ES,"Kourou, French Guiana",300.0,51.6
ATV-3 Edoardo Amaldi,2012-03-23,185.0,4096.876014197337,-4980.1009348074795,795.330702877833,2.213633653519393,1.2777690817985006,2.6413701744416858,119.42787643762988,7.0308892678547155,,"modeled (gravity-turn analytic, Teofilatto et al. 2022)",Ariane 5 ES,"Kourou, French Guiana",300.0,51.6
ATV-3 Edoardo Amaldi,2012-03-23,190.0,4108.054732387346,-4973.513350112112,808.7213138957949,2.24550917229846,1.3492945900164446,2.7264473172157073,123.09202931305964,7.1458273966948385,,"modeled (gravity-turn analytic, Teofilatto et al. 2022)",Ariane 5 ES,"Kourou, French Guiana",300.0,51.6
ATV-3 Edoardo Amaldi,2012-03-23,195.0,4119.3935620277625,-4966.562981336535,822.5339641061191,2.2763546202857707,1.4219787354628892,2.8114454245431606,126.68531029920953,7.264491907440799,,"modeled (gravity-turn analytic, Teofilatto et al. 2022)",Ariane 5 ES,"Kourou, French Guiana",300.0,51.6
ATV-3 Edoardo Amaldi,2012-03-23,200.0,4130.8876423319725,-4959.243974586107,836.7679681383481,2.306179135918172,1.4957721349124387,2.8963494482933334,130.20488910985165,7.386881136661964,,"modeled (gravity-turn analytic, Teofilatto et al. 2022)",Ariane 5 ES,"Kourou, French Guiana",300.0,51.6
ATV-3 Edoardo Amaldi,2012-03-23,205.0,4142.532171664726,-4951.550706155779,851.4225540939692,2.334991646834976,1.5706276799984273,2.981145922678155,133.6482816665397,7.5129929126514154,,"modeled (gravity-turn analytic, Teofilatto et al. 2022)",Ariane 5 ES,"Kourou, French Guiana",300.0,51.6
ATV-3 Edoardo Amaldi,2012-03-23,210.0,4154.322408104891,-4943.477775314469,866.4968687039202,2.3628009034097257,1.6465002922160488,3.0658228427025835,137.01334431165006,7.642824597503951,,"modeled (gravity-turn analytic, Teofilatto et al. 2022)",Ariane 5 ES,"Kourou, French Guiana",300.0,51.6
ATV-3 Edoardo Amaldi,2012-03-23,215.0,4166.253672056785,-4935.01999159721,881.9899885164681,2.389615375812693,1.723346867289161,3.150369533837099,140.2982660154622,7.776373182785394,,"modeled (gravity-turn analytic, Teofilatto et al. 2022)",Ariane 5 ES,"Kourou, French Guiana",300.0,51.6
ATV-3 Edoardo Amaldi,2012-03-23,220.0,4178.321341724829,-4926.172360818127,897.9009245456148,2.4154431845742885,1.8011261984720026,3.234776542145796,143.5015543436465,7.9136353327902995,,"modeled (gravity-turn analytic, Teofilatto et al. 2022)",Ariane 5 ES,"Kourou, French Guiana",300.0,51.6
ATV-3 Edoardo Amaldi,2012-03-23,225.0,4190.520850525155,-4916.930073673107,914.2286271576014,2.440292045839179,1.8797988919461464,3.3190355340300286,146.62202472969142,8.054607424772827,,"modeled (gravity-turn analytic, Teofilatto et al. 2022)",Ariane 5 ES,"Kourou, French Guiana",300.0,51.6
ATV-3 Edoardo Amaldi,2012-03-23,230.0,4202.847688473825,-4907.288504994499,930.9719876267818,2.4641694088070443,1.9593270635610498,3.4031392410654213,149.65879992409708,8.199285545492868,,"modeled (gravity-turn analytic, Teofilatto et al. 2022)",Ariane 5 ES,"Kourou, French Guiana",300.0,51.6
ATV-3 Edoardo Amaldi,2012-03-23,235.0,4215.297401807778,-4897.2432017972615,948.1298457599987,2.4870823492726317,2.0396743283520875,3.487081357625287,152.61130074301514,8.347665550278546,,"modeled (gravity-turn analytic, Teofilatto et al. 2022)",Ariane 5 ES,"Kourou, French Guiana",300.0,51.6
ATV-3 Edoardo Amaldi,2012-03-23,240.0,4227.865593823276,-4886.789876795394,965.7009949558802,2.5090375767713735,2.1208056728240052,3.5708564739825848,155.47924148858093,8.499743091933052,,"modeled (gravity-turn analytic, Teofilatto et al. 2022)",Ariane 5 ES,"Kourou, French Guiana",300.0,51.6
ATV-3 Edoardo Amaldi,2012-03-23,245.0,4240.547918299231,-4875.924395549276,983.6841840325784,2.5300413309733676,2.2026874642614835,3.6544599911128786,158.2626154167583,8.655513632463727,,"modeled (gravity-turn analytic, Teofilatto et al. 2022)",Ariane 5 ES,"Kourou, French Guiana",300.0,51.6
ATV-3 Edoardo Amaldi,2012-03-23,250.0,4253.340079659977,-4864.642772664173,1002.0781197327836,2.5500994364389893,2.2852872872678636,3.737888077918492,160.96169148056978,8.814972445223441,,"modeled (gravity-turn analytic, Teofilatto et al. 2022)",Ariane 5 ES,"Kourou, French Guiana",300.0,51.6
ATV-3 Edoardo Amaldi,2012-03-23,255.0,4266.237833904677,-4852.941169197932,1020.8814691821177,2.5692173840304258,2.368573760709097,3.8211376419453216,163.577012493615,8.978114612894423,,"modeled (gravity-turn analytic, Teofilatto et al. 2022)",Ariane 5 ES,"Kourou, French Guiana",300.0,51.6
ATV-3 Edoardo Amaldi,2012-03-23,260.0,4279.236987853482,-4840.815882909113,1040.0928656648223,2.587400217952868,2.4525165630494428,3.9042062453796413,166.1093874494621,9.144935061174868,,"modeled (gravity-turn analytic, Teofilatto et al. 2022)",Ariane 5 ES,"Kourou, French Guiana",300.0,51.6
ATV-3 Edoardo Amaldi,2012-03-23,265.0,4292.333397709906,-4828.263343778551,1059.7109099725626,2.6046525714903606,2.537086313988147,3.987092073992911,168.55988672741137,9.3154285480747,,"modeled (gravity-turn analytic, Teofilatto et al. 2022)",Ariane 5 ES,"Kourou, French Guiana",300.0,51.6
ATV-3 Edoardo Amaldi,2012-03-23,270.0,4305.52296389147,-4815.280105604736,1079.734170654549,2.620978589917321,2.6222545779429,4.069793874825608,170.92983179432926,9.489589650151341,,"modeled (gravity-turn analytic, Teofilatto et al. 2022)",Ariane 5 ES,"Kourou, French Guiana",300.0,51.6
ATV-3 Edoardo Amaldi,2012-03-23,275.0,4318.801632561529,-4801.862844211332,1100.161186596819,2.6363820167486645,2.7079937038830715,4.152310947905844,173.2207945741596,9.667412754594231,,"modeled (gravity-turn analytic, Teofilatto et al. 2022)",Ariane 5 ES,"Kourou, French Guiana",300.0,51.6
ATV-3 Edoardo Amaldi,2012-03-23,280.0,4332.165395333054,-4788.008353451126,1120.9904692602881,2.6508662055202423,2.794276743603244,4.23464311571,175.43459397922263,9.848892050697565,,"modeled (gravity-turn analytic, Teofilatto et al. 2022)",Ariane 5 ES,"Kourou, French Guiana",300.0,51.6
ATV-3 Edoardo Amaldi,2012-03-23,285.0,4345.610289384836,-4773.71353941839,1142.2205066307388,2.6644340700849525,2.881077431930406,4.31679067268511,177.57329175341027,10.034021536193302,,"modeled (gravity-turn analytic, Teofilatto et al. 2022)",Ariane 5 ES,"Kourou, French Guiana",300.0,51.6
ATV-3 Edoardo Amaldi,2012-03-23,290.0,4359.132393459979,-4758.975416221984,1163.8497617797987,2.6770880811026396,2.9683701321445835,4.398754357672506,179.63918586607736,10.222794978390576,,"modeled (gravity-turn analytic, Teofilatto et al. 2022)",Ariane 5 ES,"Kourou, French Guiana",300.0,51.6
ATV-3 Edoardo Amaldi,2012-03-23,295.0,4372.727825310385,-4743.791101562187,1185.876673088602,2.6888302437807763,3.056129800473474,4.480535320348326,181.63480497004502,10.415205887576453,,"modeled (gravity-turn analytic, Teofilatto et al. 2022)",Ariane 5 ES,"Kourou, French Guiana",300.0,51.6
ATV-3 Edoardo Amaldi,2012-03-23,300.0,4386.392743687544,-4728.157814888211,1208.29965738789,2.699662177339216,3.144331857868359,4.562135127909852,183.56290828648713,10.611247506547494,,"modeled (gravity-turn analytic, Teofilatto et al. 2022)",Ariane 5 ES,"Kourou, French Guiana",300.0,51.6
ATV-3 Edoardo Amaldi,2012-03-23,305.0,4400.123346831112,-4712.072873730339,1231.1171107494188,2.7095850809937647,3.232952166872857,4.643555727525759,185.42648145224618,10.810912784202051,,"modeled (gravity-turn analytic, Teofilatto et al. 2022)",Ariane 5 ES,"Kourou, French Guiana",300.0,51.6
ATV-3 Edoardo Amaldi,2012-03-23,310.0,4413.915873773139,-4695.5336903159705,1254.327412018779,2.7185997437813207,3.3219669719495717,4.724799428881129,187.22873498998194,11.014194367974786,,"modeled (gravity-turn analytic, Teofilatto et al. 2022)",Ariane 5 ES,"Kourou, French Guiana",300.0,51.6
ATV-3 Edoardo Amaldi,2012-03-23,315.0,4427.766598512577,-4678.53776864738,1277.9289186005944,2.7267065027909565,3.411352893344429,4.805868869608008,188.97309688122482,11.221084536088446,,"modeled (gravity-turn analytic, Teofilatto et al. 2022)",Ariane 5 ES,"Kourou, French Guiana",300.0,51.6
ATV-3 Edoardo Amaldi,2012-03-23,320.0,4441.671829668144,-4661.082701936545,1301.919967708395,2.733905259997872,3.501086868423956,4.886767005020615,190.6632100138097,11.43157516935229,,"modeled (gravity-turn analytic, Teofilatto et al. 2022)",Ariane 5 ES,"Kourou, French Guiana",300.0,51.6
ATV-3 Edoardo Amaldi,2012-03-23,325.0,4455.627912512183,-4643.166170396128,1326.2988798450936,2.7401955440025145,3.5911460564386064,4.9674971187305115,192.30293194877868,11.64565773738737,,"modeled (gravity-turn analytic, Teofilatto et al. 2022)",Ariane 5 ES,"Kourou, French Guiana",300.0,51.6
ATV-3 Edoardo Amaldi,2012-03-23,330.0,4469.631226936691,-4624.785939141427,1351.0639579734068,2.7455764681496513,3.6815078313000877,5.048062786512203,193.8963311862169,11.8633232512175,,"modeled (gravity-turn analytic, Teofilatto et al. 2022)",Ariane 5 ES,"Kourou, French Guiana",300.0,51.6
ATV-3 Edoardo Amaldi,2012-03-23,335.0,4483.678189343403,-4605.939855454086,1376.2134912320764,2.7500467569595943,3.7721497199036724,5.12846787340042,195.44768653924882,12.084562249533112,,"modeled (gravity-turn analytic, Teofilatto et al. 2022)",Ariane 5 ES,"Kourou, French Guiana",300.0,51.6
ATV-3 Edoardo Amaldi,2012-03-23,340.0,4497.765246347792,-4586.625848095978,1401.745748677223,2.753604702815442,3.8630494050648525,5.208716501474091,196.96148029752558,12.309364706267838,,"modeled (gravity-turn analytic, Teofilatto et al. 2022)",Ariane 5 ES,"Kourou, French Guiana",300.0,51.6
ATV-3 Edoardo Amaldi,2012-03-23,345.0,4511.888875310707,-4566.841925248448,1427.6589811167157,2.7562481893722275,3.9541846717877833,5.288813048099907,198.44239659536765,12.537719999799512,,"modeled (gravity-turn analytic, Teofilatto et al. 2022)",Ariane 5 ES,"Kourou, French Guiana",300.0,51.6
ATV-3 Edoardo Amaldi,2012-03-23,350.0,4526.04558671489,-4546.586172031635,1453.951425166481,2.757974743209037,4.045533332497293,5.3687621587338175,199.8953212549098,12.769616897748952,,"modeled (gravity-turn analytic, Teofilatto et al. 2022)",Ariane 5 ES,"Kourou, French Guiana",300.0,51.6
ATV-3 Edoardo Amaldi,2012-03-23,355.0,4540.23192180825,-4525.856750123855,1480.6213008873526,2.7587815007724594,4.137073219649453,5.448568716913836,201.32533845058606,13.005043489237533,,"modeled (gravity-turn analytic, Teofilatto et al. 2022)",Ariane 5 ES,"Kourou, French Guiana",300.0,51.6
ATV-3 Edoardo Amaldi,2012-03-23,360.0,4554.44445533315,-4504.651895078703,1507.6668163587674,2.758665233768743,4.228782133694861,5.528237844793475,202.7377307406173,13.24398717120529,,"modeled (gravity-turn analytic, Teofilatto et al. 2022)",Ariane 5 ES,"Kourou, French Guiana",300.0,51.6
ATV-3 Edoardo Amaldi,2012-03-23,365.0,4568.679789127879,-4482.9699175981905,1535.0861599398265,2.7576223179047856,4.320637842912398,5.607774877440805,204.1379726910299,13.486434536336699,,"modeled (gravity-turn analytic, Teofilatto et al. 2022)",Ariane 5 ES,"Kourou, French Guiana",300.0,51.6
ATV-3 Edoardo Amaldi,2012-03-23,370.0,4582.934552383124,-4460.809202106212,1562.8775013829456,2.7556487477750506,4.412618045128946,5.687185359631977,205.53172901056405,13.732371330121303,,"modeled (gravity-turn analytic, Teofilatto et al. 2022)",Ariane 5 ES,"Kourou, French Guiana",300.0,51.6
ATV-3 Edoardo Amaldi,2012-03-23,375.0,4597.205404634741,-4438.168203952942,1591.0389967727826,2.7527401824304785,4.504700306971361,5.76647505908976,206.92485454878675,13.981782436952574,,"modeled (gravity-turn analytic, Teofilatto et al. 2022)",Ariane 5 ES,"Kourou, French Guiana",300.0,51.6
ATV-3 Edoardo Amaldi,2012-03-23,380.0,4611.48903412581,-4415.045449695798,1619.568786453579,2.74889193768163,4.596862044407698,5.845649950253337,208.32339149988985,14.234651807997794,,"modeled (gravity-turn analytic, Teofilatto et al. 2022)",Ariane 5 ES,"Kourou, French Guiana",300.0,51.6
ATV-3 Edoardo Amaldi,2012-03-23,385.0,4625.782159754977,-4391.439535699433,1648.4649978863179,2.744098987719887,4.689080494971003,5.924716202317517,209.73356904337024,14.490962426764689,,"modeled (gravity-turn analytic, Teofilatto et al. 2022)",Ariane 5 ES,"Kourou, French Guiana",300.0,51.6
ATV-3 Edoardo Amaldi,2012-03-23,390.0,4640.081527081995,-4367.349129186437,1677.725740581087,2.7383559678284493,4.78133269843989,6.0036801709697745,211.16179841409746,14.750696212429892,,"modeled (gravity-turn analytic, Teofilatto et al. 2022)",Ariane 5 ES,"Kourou, French Guiana",300.0,51.6
ATV-3 Edoardo Amaldi,2012-03-23,395.0,4654.383906030965,-4342.772968978774,1707.3491030163434,2.7316571688078763,4.8735954823484064,6.082548383951121,212.61466914848086,15.013833937612539,,"modeled (gravity-turn analytic, Teofilatto et al. 2022)",Ariane 5 ES,"Kourou, French Guiana",300.0,51.6
ATV-3 Edoardo Amaldi,2012-03-23,400.0,4668.6860943890715,-4317.70986265473,1737.3331581460711,2.723996576524452,4.965845413628544,6.16132755144926,214.0989490844695,15.280355213751806,,"modeled (gravity-turn analytic, Teofilatto et al. 2022)",Ariane 5 ES,"Kourou, French Guiana",300.0,51.6
ATV-3 Edoardo Amaldi,2012-03-23,405.0,4682.98491917769,-4292.15868513915,1767.675965671536,2.715367896602439,5.058058763066582,6.240024567663394,215.62158302940227,15.550238449210047,,"modeled (gravity-turn analytic, Teofilatto et al. 2022)",Ariane 5 ES,"Kourou, French Guiana",300.0,51.6
ATV-3 Edoardo Amaldi,2012-03-23,410.0,4697.277234164496,-4266.118381406677,1798.3755673551736,2.705764529479524,5.150211504646062,6.318646480556492,217.18968940940522,15.823460748404328,,"modeled (gravity-turn analytic, Teofilatto et al. 2022)",Ariane 5 ES,"Kourou, French Guiana",300.0,51.6
ATV-3 Edoardo Amaldi,2012-03-23,415.0,4711.559922695785,-4239.587963908496,1829.4299916434313,2.6951796093629072,5.242279273905195,6.397200501790597,218.81055953049818,16.09999788757744,,"modeled (gravity-turn analytic, Teofilatto et al. 2022)",Ariane 5 ES,"Kourou, French Guiana",300.0,51.6
ATV-3 Edoardo Amaldi,2012-03-23,420.0,4725.829890523891,-4212.566516883019,1860.8372429687568,2.6836059844823237,5.33423737466752,6.475693981520301,220.4916498144867,16.379824168776953,,"modeled (gravity-turn analytic, Teofilatto et al. 2022)",Ariane 5 ES,"Kourou, French Guiana",300.0,51.6
ATV-3 Edoardo Amaldi,2012-03-23,425.0,4740.08406922505,-4185.053194149572,1892.5953067173295,2.6710362495781577,5.4260607437749915,6.554134412170989,222.24058133510988,16.66291239674346,,"modeled (gravity-turn analytic, Teofilatto et al. 2022)",Ariane 5 ES,"Kourou, French Guiana",300.0,51.6
ATV-3 Edoardo Amaldi,2012-03-23,430.0,4754.319420094063,-4157.047216376272,1924.7021550692111,2.6574627829991586,5.51772391405966,6.632529434550817,224.06513967986038,16.949233861835232,,"modeled (gravity-turn analytic, Teofilatto et al. 2022)",Ariane 5 ES,"Kourou, French Guiana",300.0,51.6
ATV-3 Edoardo Amaldi,2012-03-23,435.0,4768.5329303521885,-4128.547874359901,1957.1557405449487,2.6428777404198414,5.609201011881484,6.710886815288041,225.97326948240342,17.23875822463451,,"modeled (gravity-turn analytic, Teofilatto et al. 2022)",Ariane 5 ES,"Kourou, French Guiana",300.0,51.6
ATV-3 Edoardo Amaldi,2012-03-23,440.0,4782.721618738715,-4099.554527058378,1989.954003048691,2.627273083490447,5.700465725462592,6.7892144435073405,227.973076052701,17.53145350359537,,"modeled (gravity-turn analytic, Teofilatto et al. 2022)",Ariane 5 ES,"Kourou, French Guiana",300.0,51.6
ATV-3 Edoardo Amaldi,2012-03-23,445.0,4796.882528375761,-4070.0666050039,2023.0948598547518,2.6106405832615858,5.791491307135155,6.867520315909442,230.07281599217464,17.827285936759157,,"modeled (gravity-turn analytic, Teofilatto et al. 2022)",Ariane 5 ES,"Kourou, French Guiana",300.0,51.6
ATV-3 Edoardo Amaldi,2012-03-23,450.0,4811.012726254157,-4040.0836112055727,2056.576204259769,2.5929718368085775,5.882250561167739,6.945812525942982,232.2808931168077,18.126219908169833,,"modeled (gravity-turn analytic, Teofilatto et al. 2022)",Ariane 5 ES,"Kourou, French Guiana",300.0,51.6
ATV-3 Edoardo Amaldi,2012-03-23,455.0,4825.109308024001,-4009.6051187580447,2090.3959121002413,2.5742583055656723,5.972715814449905,7.02409926469071,234.6058584571452,18.42821793425144,,"modeled (gravity-turn analytic, Teofilatto et al. 2022)",Ariane 5 ES,"Kourou, French Guiana",300.0,51.6
ATV-3 Edoardo Amaldi,2012-03-23,460.0,4839.169400627323,-3978.6307695122555,2124.5518452689553,2.5544913480588662,6.062858894653866,7.102388817336735,237.0564084585319,18.73324062739034,,"modeled (gravity-turn analytic, Teofilatto et al. 2022)",Ariane 5 ES,"Kourou, French Guiana",300.0,51.6
ATV-3 Edoardo Amaldi,2012-03-23,465.0,4853.19015759021,-3947.1602790029356,2159.0418431158505,2.5336622179410657,6.152651137631337,7.18068953416398,239.64137753683934,19.04124656517824,,"modeled (gravity-turn analytic, Teofilatto et al. 2022)",Ariane 5 ES,"Kourou, French Guiana",300.0,51.6
ATV-3 Edoardo Amaldi,2012-03-23,470.0,4867.168766733501,-3915.1934332380874,2193.863732569016,2.511762111884688,6.242063355168381,7.2590098322361625,242.36974047073306,19.352192302079366,,"modeled (gravity-turn analytic, Teofilatto et al. 2022)",Ariane 5 ES,"Kourou, French Guiana",300.0,51.6
ATV-3 Edoardo Amaldi,2012-03-23,475.0,4881.10243904532,-3882.7300935045428,2229.015312984429,2.488782172297077,6.331065856361663,7.33735817276165,245.2505973688161,19.666032202007386,,"modeled (gravity-turn analytic, Teofilatto et al. 2022)",Ariane 5 ES,"Kourou, French Guiana",300.0,51.6
ATV-3 Edoardo Amaldi,2012-03-23,480.0,4894.9884123771235,-3849.7701956953583,2264.4943602813933,2.4647135237920264,6.419628431850702,7.415743052477022,248.29317202451384,19.982718408887852,,"modeled (gravity-turn analytic, Teofilatto et al. 2022)",Ariane 5 ES,"Kourou, French Guiana",300.0,51.6
ATV-3 Edoardo Amaldi,2012-03-23,485.0,4908.823956979148,-3816.3137486452256,2300.2986336921754,2.439547316599824,6.507720333749361,7.49417299736887,251.50681191607387,20.302200836243788,,"modeled (gravity-turn analytic, Teofilatto et al. 2022)",Ariane 5 ES,"Kourou, French Guiana",300.0,51.6
ATV-3 Edoardo Amaldi,2012-03-23,490.0,4922.606376695738,-3782.3608339107004,2336.4258769785874,2.413274761828235,6.595310268359337,7.572656550924465,254.90098394086908,20.62442711958922,,"modeled (gravity-turn analytic, Teofilatto et al. 2022)",Ariane 5 ES,"Kourou, French Guiana",300.0,51.6
ATV-3 Edoardo Amaldi,2012-03-23,495.0,4936.333004933358,-3747.911610523019,2372.8738106431833,2.385887146202514,6.682366408869806,7.65120224506364,258.4852656652643,20.94934250141222,,"modeled (gravity-turn analytic, Teofilatto et al. 2022)",Ariane 5 ES,"Kourou, French Guiana",300.0,51.6
ATV-3 Edoardo Amaldi,2012-03-23,500.0,4950.001212561979,-3712.966312596504,2409.640141636362,2.3573758867789083,6.768856374077962,7.729818595016105,262.26934713169095,21.276889844499166,,"modeled (gravity-turn analytic, Teofilatto et al. 2022)",Ariane 5 ES,"Kourou, French Guiana",300.0,51.6
ATV-3 Edoardo Amaldi,2012-03-23,505.0,4963.608395333379,-3677.5252520434965,2446.7225482197546,2.3277325474454234,6.854747262001608,7.80851407789688,266.26301125824455,21.607009488018814,,"modeled (gravity-turn analytic, Teofilatto et al. 2022)",Ariane 5 ES,"Kourou, French Guiana",300.0,51.6
ATV-3 Edoardo Amaldi,2012-03-23,510.0,4977.151979152324,-3641.5888185264853,2484.1186852604865,2.296948886291885,6.9400056417278995,7.887297118031612,270.4761327711737,21.939639234123945,,"modeled (gravity-turn analytic, Teofilatto et al. 2022)",Ariane 5 ES,"Kourou, French Guiana",300.0,51.6
ATV-3 Edoardo Amaldi,2012-03-23,515.0,4990.6294263868585,-3605.1574790970017,2521.8261908162312,2.2650169072205033,7.024597543984637,7.966176072388054,274.9186782048795,22.274714343750574,,"modeled (gravity-turn analytic, Teofilatto et al. 2022)",Ariane 5 ES,"Kourou, French Guiana",300.0,51.6
ATV-3 Edoardo Amaldi,2012-03-23,520.0,5004.0382390938075,-3568.2317782198766,2559.8426892515276,2.2319289080157265,7.108488461221935,8.045159213431331,279.60070248766544,22.612167513171173,,"modeled (gravity-turn analytic, Teofilatto et al. 2022)",Ariane 5 ES,"Kourou, French Guiana",300.0,51.6
ATV-3 Edoardo Amaldi,2012-03-23,525.0,5017.375950730445,-3530.812341018455,2598.1657801405486,2.1976775059860367,7.191643381091292,8.124254700553127,284.5323328987756,22.95192876563011,,"modeled (gravity-turn analytic, Teofilatto et al. 2022)",Ariane 5 ES,"Kourou, French Guiana",300.0,51.6
ATV-3 Edoardo Amaldi,2012-03-23,530.0,5030.640132034077,-3492.8998724878375,2636.793044707051,2.1622556973949485,7.2740267842089175,8.203470565993335,289.7237677329975,23.2939254575989,,"modeled (gravity-turn analytic, Teofilatto et al. 2022)",Ariane 5 ES,"Kourou, French Guiana",300.0,51.6
ATV-3 Edoardo Amaldi,2012-03-23,535.0,5043.828386275792,-3454.4951573564576,2675.722040841941,2.125656899718388,7.355602671386054,8.282814695076743,295.1852627300139,23.638082225771125,,"modeled (gravity-turn analytic, Teofilatto et al. 2022)",Ariane 5 ES,"Kourou, French Guiana",300.0,51.6
ATV-3 Edoardo Amaldi,2012-03-23,540.0,5056.93835519503,-3415.599061401785,2714.950308064175,2.087875009846167,7.436334567651763,8.362294804198335,300.92712993236137,23.98432098510935,,"modeled (gravity-turn analytic, Teofilatto et al. 2022)",Ariane 5 ES,"Kourou, French Guiana",300.0,51.6
ATV-3 Edoardo Amaldi,2012-03-23,545.0,5065.249553295859,-3373.8042555590528,2751.3766429237276,1.939186121464298,7.414188603173637,8.22553185023852,300.88849951851296,24.32693869217879,,"modeled (gravity-turn analytic, Teofilatto et al. 2022)",Ariane 5 ES,"Kourou, French Guiana",300.0,51.6
ATV-3 Edoardo Amaldi,2012-03-23,550.0,5073.111730234646,-3332.278609984966,2787.171009404488,1.7939834051415173,7.388272745508666,8.088796670970556,300.8498691046646,24.66452337572128,,"modeled (gravity-turn analytic, Teofilatto et al. 2022)",Ariane 5 ES,"Kourou, French Guiana",300.0,51.6
ATV-3 Edoardo Amaldi,2012-03-23,555.0,5080.536975680049,-3291.034609059484,2822.3367651348167,1.65229399292958,7.358688325743537,7.952146356265974,300.8112386908162,24.997077784971978,,"modeled (gravity-turn analytic, Teofilatto et al. 2022)",Ariane 5 ES,"Kourou, French Guiana",300.0,51.6
ATV-3 Edoardo Amaldi,2012-03-23,560.0,5087.5373375653635,-3250.0844341057646,2856.8774152203537,1.5141421874362582,7.32553643038918,7.81563623958339,300.7726082769678,25.32460564206435,,"modeled (gravity-turn analytic, Teofilatto et al. 2022)",Ariane 5 ES,"Kourou, French Guiana",300.0,51.6
ATV-3 Edoardo Amaldi,2012-03-23,565.0,5094.124815652441,-3209.4399653103287,2890.7966048418352,1.3795495060409324,7.288917814502141,7.67931990790756,300.73397786311943,25.647111627396693,,"modeled (gravity-turn analytic, Teofilatto et al. 2022)",Ariane 5 ES,"Kourou, French Guiana",300.0,51.6
ATV-3 Edoardo Amaldi,2012-03-23,570.0,5100.311355271353,-3169.1127838096386,2924.098111917442,1.2485347260025015,7.248932816560379,7.5432492133241595,300.695347449271,25.964601364318824,,"modeled (gravity-turn analytic, Teofilatto et al. 2022)",Ariane 5 ES,"Kourou, French Guiana",300.0,51.6
ATV-3 Edoardo Amaldi,2012-03-23,575.0,5106.108841235521,-3129.1141739355603,2956.78583983417,1.1211139304316067,7.20568127514689,7.407474286154374,300.6567170354226,26.27708140312678,,"modeled (gravity-turn analytic, Teofilatto et al. 2022)",Ariane 5 ES,"Kourou, French Guiana",300.0,51.6
ATV-3 Edoardo Amaldi,2012-03-23,580.0,5111.529091931797,-3089.4551256121626,2988.8638102525174,0.9973005550987666,7.159262447493802,7.272043549573096,300.61808662157426,26.584559204355465,,"modeled (gravity-turn analytic, Teofilatto et al. 2022)",Ariane 5 ES,"Kourou, French Guiana",300.0,51.6
ATV-3 Edoardo Amaldi,2012-03-23,585.0,5116.583853584881,-3050.1463368963696,3020.336155988609,0.8771054360495235,7.109774929939007,7.1370037356346,300.57945620772585,26.887043121361504,,"modeled (gravity-turn analytic, Teofilatto et al. 2022)",Ariane 5 ES,"Kourou, French Guiana",300.0,51.6
ATV-3 Edoardo Amaldi,2012-03-23,590.0,5121.284794695218,-3011.1982166550465,3051.2071139776554,0.7605368579971374,7.057316580346675,7.00239990262954,300.54082579387745,27.18454238219063,,"modeled (gravity-turn analytic, Teofilatto et al. 2022)",Ariane 5 ES,"Kourou, French Guiana",300.0,51.6
ATV-3 Edoardo Amaldi,2012-03-23,595.0,5125.643500649396,-2972.6208873711375,3081.4810183224913,0.6476006034626021,7.0019844425422155,6.868275453697475,300.5021953800291,27.477067070726417,,"modeled (gravity-turn analytic, Teofilatto et al. 2022)",Ariane 5 ES,"Kourou, French Guiana",300.0,51.6
ATV-3 Edoardo Amaldi,2012-03-23,600.0,5129.671468501877,-2934.4241880715535,3111.162293430703,0.5383000026309583,6.943874672811353,6.734672156619274,300.4635649661807,27.764628107119215,,"modeled (gravity-turn analytic, Teofilatto et al. 2022)",Ariane 5 ES,"Kourou, French Guiana",300.0,51.6
ATV-3 Edoardo Amaldi,2012-03-23,605.0,5133.380101926758,-2896.6176773695806,3140.2554472437223,0.4326359838919409,6.883082468511998,6.601630164714289,300.4249345523323,28.047237227496918,,"modeled (gravity-turn analytic, Teofilatto et al. 2022)",Ariane 5 ES,"Kourou, French Guiana",300.0,51.6
ATV-3 Edoardo Amaldi,2012-03-23,610.0,5136.780706338149,-2859.2106366146622,3168.765064561041,0.33060712503196044,6.819701998846498,6.469188038767642,300.3863041384839,28.32490696296106,,"modeled (gravity-turn analytic, Teofilatto et al. 2022)",Ariane 5 ES,"Kourou, French Guiana",300.0,51.6
ATV-3 Edoardo Amaldi,2012-03-23,615.0,5139.884484177517,-2822.212073142485,3196.695800462545,0.2322097050433195,6.75382633784066,6.337382769913647,300.3476737246355,28.59765061787468,,"modeled (gravity-turn analytic, Teofilatto et al. 2022)",Ariane 5 ES,"Kourou, French Guiana",300.0,51.6
ATV-3 Edoardo Amaldi,2012-03-23,620.0,5142.702530366354,-2785.630723618392,3224.0523738317715,0.13743775651537027,6.685547399574519,6.206249803402092,300.3090433107871,28.8654822474503,,"modeled (gravity-turn analytic, Teofilatto et al. 2022)",Ariane 5 ES,"Kourou, French Guiana",300.0,51.6
ATV-3 Edoardo Amaldi,2012-03-23,625.0,5145.245827922282,-2749.4750574672535,3250.83956098276,0.04628311857105394,6.614955875708384,6.075823063174946,300.27041289693875,29.128416634649316,,"modeled (gravity-turn analytic, Teofilatto et al. 2022)",Ariane 5 ES,"Kourou, French Guiana",300.0,51.6
ATV-3 Edoardo Amaldi,2012-03-23,630.0,5147.525243736674,-2713.7532803830163,3277.0621893929306,-0.04126450968897988,6.542141175346025,5.946134977182,300.23178248309034,29.38646926640588,,"modeled (gravity-turn analytic, Teofilatto et al. 2022)",Ariane 5 ES,"Kourou, French Guiana",300.0,51.6
ATV-3 Edoardo Amaldi,2012-03-23,635.0,5149.551524511725,-2678.473337911267,3302.7251315443477,-0.12521751527390174,6.467191367275094,5.817216503364985,300.19315206924193,29.639656309191437,,"modeled (gravity-turn analytic, Teofilatto et al. 2022)",Ariane 5 ES,"Kourou, French Guiana",300.0,51.6
ATV-3 Edoardo Amaldi,2012-03-23,640.0,5151.335292854809,-2643.6429190982476,3327.8332988754796,-0.20559031696239197,6.3901931246228925,5.689097156240781,300.1545216553936,29.887994583937925,,"modeled (gravity-turn analytic, Teofilatto et al. 2022)",Ariane 5 ES,"Kourou, French Guiana",300.0,51.6
ATV-3 Edoardo Amaldi,2012-03-23,645.0,5152.887043527888,-2609.269460199889,3352.3916358454676,-0.28239931057639434,6.311231671963513,5.561805034015642,300.11589124154517,30.131501540340214,,"modeled (gravity-turn analytic, Teofilatto et al. 2022)",Ariane 5 ES,"Kourou, French Guiana",300.0,51.6
ATV-3 Edoardo Amaldi,2012-03-23,650.0,5154.217139849615,-2575.360148444525,3376.4051141127397,-0.3556628139122392,6.230390734910118,5.435366846163538,300.07726082769676,30.37019523056084,,"modeled (gravity-turn analytic, Teofilatto et al. 2022)",Ariane 5 ES,"Kourou, French Guiana",300.0,51.6
ATV-3 Edoardo Amaldi,2012-03-23,655.0,5155.335810247728,-2541.9219258431167,3399.8787268296537,-0.42540101137368297,6.147752492223665,5.309807941403226,300.0386304138484,30.604094282361864,,"modeled (gravity-turn analytic, Teofilatto et al. 2022)",Ariane 5 ES,"Kourou, French Guiana",300.0,51.6
ATV-3 Edoardo Amaldi,2012-03-23,660.0,5156.253144959231,-2508.9614930408793,3422.817483054731,-0.49163589835283583,6.06339753046687,5.185152336010028,300.0,30.833217871691634,,"modeled (gravity-turn analytic, Teofilatto et al. 2022)",Ariane 5 ES,"Kourou, French Guiana",300.0,51.6
